incrocio,incidenti,morti,feriti,lat,lon,score
VIA CRISTOFORO COLOMBO x VIA DEL CANALE DELLA LINGUA,15,2.0,9.0,41.7364,12.3457,260.0
VIA NOMENTANA x VIALE VENTUNO APRILE,7,1.0,8.0,41.921,12.5177,147.0
VIA CESARE FEDERICI x VIA CRISTOFORO COLOMBO,9,1.0,7.0,41.8638,12.4977,144.0
CIRCONVALLAZIONE OSTIENSE x VIA GIROLAMO BENZONI,6,1.0,7.0,41.86735,12.48445,141.0
VIA CASILINA x VIALE DELLA PRIMAVERA,9,1.0,6.0,41.8755,12.5575,139.0
CIRCONVALLAZIONE OSTIENSE x VIA OSTIENSE,4,1.0,5.0,41.86775,12.4796,129.0
VIA DEI CASTANI x VIA DEI FAGGI,6,1.0,3.0,41.8841,12.5668,121.0
VIA DELLE AVOCETTE x VIA ENRICO GIGLIOLI,2,1.0,3.0,41.8694,12.5981,117.0
VIA DELLA NOCETTA x VICOLO SILVESTRI,2,1.0,2.0,41.8833,12.432,112.0
VIA DI TORREVECCHIA x VIA GIROLAMO GHINUCCI,2,1.0,2.0,41.9234,12.4123,112.0
VIA ASMARA x VIA NOMENTANA,6,1.0,1.0,41.959,12.5737,111.0
VIA DEL PONTE DI PANTANO x VIA DELLA LITE,13,0.0,19.0,41.856,12.7133,108.0
VIA DI S. AGNESE x VIA NOMENTANA,3,1.0,1.0,41.9229,12.5195,108.0
VIA ANGELO BANTI x VIA SALARIA,3,1.0,1.0,42.0397,12.5591,108.0
VIA ANTONINO ANILE x VIA TUSCOLANA,2,1.0,1.0,41.8274,12.6252,107.0
VIA CHIANA x VIA SEBINO,2,1.0,1.0,41.9221,12.505749999999999,107.0
LARGO BRATISLAVA x VIALE ANTONINO DI SAN GIULIANO,2,1.0,1.0,41.93675,12.46095,107.0
VIA GIOVANNI VOLPATO x VIA PORTUENSE,1,1.0,1.0,41.8714,12.4674,106.0
LARGO DON LUIGI GUANELLA x VIA AURELIA ANTICA,3,1.0,0.0,41.8902,12.435,103.0
VIA CARLO ALBIZZATI x VIA GIANDOMENICO BERTOLI,3,1.0,0.0,41.7816,12.331,103.0
VIA MATELICA x VIA POLENSE,2,1.0,0.0,41.908550000000005,12.720749999999999,102.0
VIA MAR ROSSO x VIA MARE DI BERING,2,1.0,0.0,41.733450000000005,12.299199999999999,102.0
VIALE DELL'OCEANO INDIANO x VIALE EGEO,2,1.0,0.0,41.828500000000005,12.4539,102.0
VIA DI TORREVECCHIA x VIA DOLCEDO,1,1.0,0.0,41.9145,12.4069,101.0
VIALE JONIO x VIALE JONIO,1,1.0,0.0,41.9437,12.5427,101.0
VIA AUGUSTO VERA x VIA SALVATORE DI GIACOMO,1,1.0,0.0,41.8454,12.487,101.0
VIA MULAZZANO x VIA PEDRENGO,1,1.0,0.0,42.0352,12.473,101.0
VIA DELLA MAGLIANA x VIA DELLE VIGNE,1,1.0,0.0,41.8317,12.4196,101.0
VIA DI TOR CERVARA x VIA ENEIDE,1,1.0,0.0,41.9222,12.5886,101.0
VIA GIOVAN BATTISTA AUDIFFREDI x VIA TRIONFALE,1,1.0,0.0,41.9559,12.4125,101.0
VIA ANASTASIO II x VIA CARDINALE TRIPEPI,1,1.0,0.0,41.8999,12.4425,101.0
VIA CRISTOFORO COLOMBO x VIA GIOVANNI GENOCCHI,13,0.0,16.0,41.8588,12.4963,93.0
VIALE DELLA SERENISSIMA x VIALE DELLA VENEZIA GIULIA,17,0.0,15.0,41.8967,12.5587,92.0
VIA PRENESTINA x VIALE PALMIRO TOGLIATTI,35,0.0,11.0,41.8948,12.5749,90.0
LUNGOTEVERE MARZIO x PONTE CAVOUR,14,0.0,15.0,41.9049,12.475,89.0
VIA PRENESTINA x VIA TOR DE' SCHIAVI,13,0.0,15.0,41.8947,12.5592,88.0
VIA DEI CICLAMINI x VIA DEI GELSI,15,0.0,13.0,41.8889,12.5672,80.0
VIA DI VILLA ADA x VIA LARIANA,19,0.0,11.0,41.9244,12.5052,74.0
VIA DELL'ACQUEDOTTO DEL PESCHIERA x VIALE MONFORTANI,9,0.0,13.0,41.9374,12.4247,74.0
CIRCONVALLAZIONE OSTIENSE x VIA MANFREDO CAMPERIO,7,0.0,13.0,41.8674,12.49035,72.0
VIA DELLA STORTA x VIA DI BOCCEA,8,0.0,12.0,41.928,12.3533,68.0
VIA EMANUELE FILIBERTO x VIALE MANZONI,18,0.0,10.0,41.8903,12.5068,68.0
PIAZZALE UGO LA MALFA x VIA DEL CIRCO MASSIMO,17,0.0,10.0,41.8853,12.4849,67.0
VIA DI TORRE SPACCATA x VIALE BRUNO PELIZZI,6,0.0,12.0,41.8554,12.5838,66.0
VIA ACAIA x VIA SATRICO,11,0.0,11.0,41.8768,12.50815,66.0
VIA DI TOR VERGATA x VIA MARCELLO ALESSIO,10,0.0,11.0,41.8468,12.6226,65.0
CORSO DUCA DI GENOVA x VIALE DELLE REPUBBLICHE MARINARE,10,0.0,11.0,41.734,12.2713,65.0
VIA ALATRI x VIA TOR DE' SCHIAVI,12,0.0,10.0,41.8935,12.5594,62.0
LARGO CAMESENA x VIA CAMESENA,12,0.0,10.0,41.9091,12.5348,62.0
VIA GAETA x VIA GOITO,7,0.0,11.0,41.9053,12.5014,62.0
VIA CASILINA x VIALE PALMIRO TOGLIATTI,16,0.0,9.0,41.87395,12.5698,61.0
VIA DI ROCCA CENCIA x VIA PRENESTINA,4,0.0,11.0,41.8887,12.6958,59.0
PIAZZALE OSTIENSE x VIALE MARCO POLO,13,0.0,9.0,41.8761,12.4832,58.0
VIA CARLO DENINA x VIA TOMMASO FORTIFIOCCA,12,0.0,9.0,41.87,12.5234,57.0
PIAZZALE PINO PASCALI x VIALE PALMIRO TOGLIATTI,12,0.0,9.0,41.8972,12.575849999999999,57.0
VIA GIUSEPPE SALVIOLI x VIALE MARCO FULVIO NOBILIORE,5,0.0,10.0,41.8607,12.5661,55.0
VIA ANDREA MANTEGNA x VIA DEI GEORGOFILI,10,0.0,9.0,41.8519,12.4939,55.0
VIA TUSCOLANA x VIALE PALMIRO TOGLIATTI,14,0.0,8.0,41.852450000000005,12.57,54.0
VIA CESARE FRUGONI x VIA OSTIENSE,8,0.0,9.0,41.84205,12.4671,53.0
PIAZZALE CLODIO x VIALE GIOVANNI FALCONE E PAOLO BORSELLINO,12,0.0,8.0,41.9167,12.4549,52.0
LARGO PRENESTE x VIA PRENESTINA,12,0.0,8.0,41.8926,12.54195,52.0
VIA DI PORTONACCIO x VIA TIBURTINA,17,0.0,7.0,41.9082,12.5342,52.0
VIA CASILINA x VIA TOR DE' SCHIAVI,7,0.0,9.0,41.8748,12.5647,52.0
VIA BORGHESIANA x VIA PRENESTINA,6,0.0,9.0,41.891000000000005,12.663499999999999,51.0
VIA DI S. CROCE IN GERUSALEMME x VIALE MANZONI,6,0.0,9.0,41.8913,12.5079,51.0
VIA MOLFETTA x VIALE PALMIRO TOGLIATTI,5,0.0,9.0,41.8903,12.5743,50.0
VIA TOMMASO CAMPANELLA x VIA TRIONFALE,9,0.0,8.0,41.9409,12.4229,49.0
VIA DEI GELSI x VIALE DELLE ORCHIDEE,9,0.0,8.0,41.8893,12.5693,49.0
VIALE ANGELICO x VIALE GIUSEPPE MAZZINI,9,0.0,8.0,41.9172,12.4586,49.0
VIA FRESONARA x VIA VOLPEGLINO,3,0.0,9.0,41.8254,12.2999,48.0
VIALE ANICIO GALLO x VIALE TITO LABIENO,8,0.0,8.0,41.8517,12.56525,48.0
VIA ROCCA DI PAPA x VIA TUSCOLANA,8,0.0,8.0,41.87025,12.5361,48.0
VIA CRISTOFORO COLOMBO x VIALE EUROPA,8,0.0,8.0,41.83075,12.469100000000001,48.0
VIA DI ACQUA ACETOSA OSTIENSE x VIA LAURENTINA,8,0.0,8.0,41.80755,12.48345,48.0
VIA AMBROGIO NECCHI x VIA ERNESTO BREDA,7,0.0,8.0,41.8613,12.6431,47.0
LUNGOMARE DUILIO x VIA DEI PESCATORI,7,0.0,8.0,41.721,12.2988,47.0
VIA AVERSA x VIA DI ACQUA BULLICANTE,7,0.0,8.0,41.8911,12.5419,47.0
VIA CONTE VERDE x VIALE MANZONI,6,0.0,8.0,41.89215,12.50875,46.0
VIA DI TORREVECCHIA x VIA SIMONE MOSCA,11,0.0,7.0,41.929,12.4173,46.0
PIAZZA TOMMASO DE CRISTOFORIS x VIA ALBERTO POLLIO,5,0.0,8.0,41.9005,12.5346,45.0
VIA DEI RADAR x VIA TIBURTINA,5,0.0,8.0,41.9359,12.6126,45.0
VIA BALDO DEGLI UBALDI x VIALE DI VALLE AURELIA,9,0.0,7.0,41.8999,12.4363,44.0
LARGO PRENESTE x VIA DI PORTONACCIO,9,0.0,7.0,41.8928,12.5418,44.0
VIA DEGLI ANGELI x VIA DI CENTOCELLE,4,0.0,8.0,41.87245,12.5498,44.0
VIA SOLFERINO x VIA VOLTURNO,4,0.0,8.0,41.9035,12.5009,44.0
PIAZZA AUGUSTO RIGHI x PONTE GUGLIELMO MARCONI,8,0.0,7.0,41.8618,12.4701,43.0
VIA DEL VIMINALE x VIA TORINO,8,0.0,7.0,41.9006,12.4963,43.0
VIA ALCEO x VIA ESCHILO,8,0.0,7.0,41.762,12.3721,43.0
VIA DEL PORTO FLUVIALE x VIA OSTIENSE,7,0.0,7.0,41.8723,12.4766,42.0
PIAZZA PIO XI x VIA GREGORIO VII,12,0.0,6.0,41.895,12.4386,42.0
PIAZZA QUINTO CURZIO x VIA STATILIO OTTATO,12,0.0,6.0,41.8563,12.5682,42.0
VIA ETTORE ROMAGNOLI x VIA NOMENTANA,7,0.0,7.0,41.9412,12.5468,42.0
VIA QUINTO PUBLICIO x VIALE PALMIRO TOGLIATTI,12,0.0,6.0,41.8561,12.5711,42.0
VIA MONTE DEL FINOCCHIO x VIA OSTIENSE,7,0.0,7.0,41.8109,12.4229,42.0
VIA PIEMONTE x VIA SALLUSTIANA,7,0.0,7.0,41.9071,12.4939,42.0
VIA DI S. CROCE IN GERUSALEMME x VIA STATILIA,6,0.0,7.0,41.8904,12.5118,41.0
VIA MANFREDONIA x VIA PRENESTINA,6,0.0,7.0,41.89445,12.577,41.0
VIA DI SAPONARA x VIALE ENRICO ORTOLANI,6,0.0,7.0,41.7744,12.3459,41.0
VIA DELLA DIVISIONE TORINO x VIA MATTEO BARTOLI,6,0.0,7.0,41.8184,12.4889,41.0
LARGO GREGORIO XIII x VIA DI BOCCEA,6,0.0,7.0,41.9036,12.4187,41.0
VIA DI TORRE SPACCATA x VIALE DEI ROMANISTI,6,0.0,7.0,41.8652,12.5865,41.0
VIA LORENZO IL MAGNIFICO x VIA TEODORICO,6,0.0,7.0,41.91165,12.52655,41.0
VIA GINO BONICHI x VIA TELEMACO SIGNORINI,5,0.0,7.0,41.7765,12.3589,40.0
VIA CELESTINO ROSATELLI x VIA COLLATINA,5,0.0,7.0,41.9183,12.6613,40.0
VIA DEL FOSSO DI S. MAURA x VIA DI TORRE SPACCATA,5,0.0,7.0,41.8586,12.5858,40.0
VIA COSTANTINO x VIA CRISTOFORO COLOMBO,5,0.0,7.0,41.8545,12.4906,40.0
VIA DEL FOSSO DI S. MAURA x VIALE ANTONIO CIAMARRA,10,0.0,6.0,41.8587,12.59155,40.0
VIA CASILINA x VIA DEL TORRACCIO DI TORRENOVA,10,0.0,6.0,41.86305,12.62895,40.0
VIA PRENESTINA x VIA TAURANO,4,0.0,7.0,41.8933,12.6155,39.0
VIA MANUEL DE FALLA x VIA MAURICE RAVEL,9,0.0,6.0,41.7499,12.3721,39.0
VIA ALESSANDRO GERALDINI x VIA ISABELLA DI CASTIGLIA,4,0.0,7.0,41.7157,12.3169,39.0
VIA CRISTOFORO COLOMBO x VIALE DELLA CIVILTA' DEL LAVORO,9,0.0,6.0,41.8348,12.4673,39.0
VIA COLLATINA x VIALE PALMIRO TOGLIATTI,9,0.0,6.0,41.903,12.575,39.0
CORSO DI FRANCIA x VIA FLAMINIA,13,0.0,5.0,41.9367,12.4717,38.0
VIALE DEL CICLISMO x VIALE DELLA TECNICA,8,0.0,6.0,41.82695,12.4591,38.0
PIAZZALE NUMA POMPILIO x VIALE DELLE TERME DI CARACALLA,13,0.0,5.0,41.87925,12.49545,38.0
VIALE DEI ROMANISTI x VIALE PALMIRO TOGLIATTI,8,0.0,6.0,41.86965,12.5683,38.0
VIA APPIA PIGNATELLI x VIA ERODE ATTICO,8,0.0,6.0,41.8396,12.5457,38.0
CORSO DUCA DI GENOVA x VIA FRANCO MEZZADRA,3,0.0,7.0,41.7344,12.2701,38.0
VIA TUSCOLANA x VIALE GIULIO AGRICOLA,7,0.0,6.0,41.8565,12.5626,37.0
VIA NOMENTANA NUOVA x VIA VAL D'OSSOLA,7,0.0,6.0,41.9346,12.5315,37.0
VIA DI TOR TRE TESTE x VIALE ENZO FERRARI,12,0.0,5.0,41.8907,12.5911,37.0
VIA DI DECIMA x VIA OSTIENSE,7,0.0,6.0,41.8233,12.4414,37.0
VIA GIOVANNI BATTISTA MORGAGNI x VIALE REGINA MARGHERITA,7,0.0,6.0,41.9099,12.5105,37.0
VIA CARLO CASINI x VIA GIOVANNI DELLA PENNA,6,0.0,6.0,41.7803,12.3387,36.0
VIA DEL PERGOLATO x VIALE ALESSANDRINO,6,0.0,6.0,41.88485,12.57685,36.0
VIA DEGLI OLMI x VIALE PALMIRO TOGLIATTI,1,0.0,7.0,41.8782,12.5728,36.0
VIA FRANCESCO CARACCIOLO x VIA RUGGERO DI LAURIA,6,0.0,6.0,41.9084,12.4505,36.0
VIA DEL CASALE DI S. BASILIO x VIA POLLENZA,6,0.0,6.0,41.9408,12.5749,36.0
LUNGOTEVERE DI PIETRA PAPA x PIAZZA AUGUSTO RIGHI,6,0.0,6.0,41.8618,12.4701,36.0
VIA FABRIANO x VIA FIUMINATA,5,0.0,6.0,41.9408,12.5842,35.0
VIA COLLATINA x VIA DI GROTTA DI GREGNA,10,0.0,5.0,41.9008,12.5675,35.0
VIA CESARE BARONIO x VIA LUIGI CIBRARIO,5,0.0,6.0,41.8719,12.5191,35.0
VIA AURELIA x VIA PIETRO CIRIACI,5,0.0,6.0,41.8861,12.4012,35.0
VIA DELLA PISANA x VIA DI MONTE STALLONARA,4,0.0,6.0,41.8577,12.389,34.0
VIA DEL FOSSO DELL'OSA x VIA DEL FOSSO SCILICINO,4,0.0,6.0,41.90265,12.68425,34.0
LARGO BEATA TERESA VERZERI x VIA GIUSEPPE PIOLTI DE' BIANCHI,4,0.0,6.0,41.9119,12.3949,34.0
VIA DI BOCCEA x VIA URBANO II,4,0.0,6.0,41.9032,12.42195,34.0
PIAZZA DELLA RADIO x VIA ANTONIO PACINOTTI,9,0.0,5.0,41.87,12.4669,34.0
VIA DEI PESCATORI x VIA MAR DEI CORALLI,9,0.0,5.0,41.7297,12.3046,34.0
VIA DI TORRENOVA x VIA PRENESTINA,4,0.0,6.0,41.89305,12.619900000000001,34.0
VIA DEL FOSSO DELLA MAGLIANA x VIA DELLA MAGLIANA,9,0.0,5.0,41.8317,12.4196,34.0
VIA DI ROCCA CENCIA x VIA URZULEI,4,0.0,6.0,41.882099999999994,12.696,34.0
PIAZZA GIUSEPPE MAZZINI x VIALE GIUSEPPE MAZZINI,9,0.0,5.0,41.9161,12.4641,34.0
VIA FLAVIA TIZIANA x VIALE CARLO TOMMASO ODESCALCHI,4,0.0,6.0,41.8574,12.5012,34.0
VIA DEL TRULLO x VIA SARZANA,4,0.0,6.0,41.843,12.4368,34.0
VIA GELA x VIA TUSCOLANA,4,0.0,6.0,41.8794,12.52175,34.0
VIA NOMENTANA x VIALE REGINA MARGHERITA,14,0.0,4.0,41.913,12.5067,34.0
VIA ARDEATINA x VIA VIGGIANO,4,0.0,6.0,41.8336,12.5178,34.0
VIA CASILINA x VIA PIETRO BELON,4,0.0,6.0,41.8675,12.5905,34.0
LUNGOTEVERE DI S. PAOLO x VIALE DI S. PAOLO,4,0.0,6.0,41.86055,12.4759,34.0
VIA DUCCIO GALIMBERTI x VIALE DELLE MEDAGLIE D'ORO,8,0.0,5.0,41.9137,12.4436,33.0
LUNGOTEVERE TESTACCIO x PIAZZA DELL'EMPORIO,3,0.0,6.0,41.8829,12.4756,33.0
PIAZZA DELLE CINQUE GIORNATE x VIALE DELLE MILIZIE,3,0.0,6.0,41.9142,12.4692,33.0
VIA DELLE BALENIERE x VIA ISOLE DEL CAPO VERDE,8,0.0,5.0,41.7382,12.2795,33.0
CIRCONVALLAZIONE TRIONFALE x PIAZZALE DEGLI EROI,8,0.0,5.0,41.9091,12.4485,33.0
VIA CASILINA x VIA DI TOR BELLA MONACA,8,0.0,5.0,41.8626,12.6212,33.0
VIA FILIPPO SMALDONE x VIA GIACOMO BRESADOLA,8,0.0,5.0,41.8938,12.5611,33.0
VIA DEI TRAGHETTI x VIA DEI VELIERI,12,0.0,4.0,41.7365,12.27575,32.0
LARGO DOMENICO DE DOMINICIS x VIA DI PORTONACCIO,7,0.0,5.0,41.9028,12.536,32.0
CIRCONVALLAZIONE GIANICOLENSE x VIA LUIGI ZAMBARELLI,2,0.0,6.0,41.8725,12.4496,32.0
VIA CRISTOFORO COLOMBO x VIA DI CASAL PALOCCO,7,0.0,5.0,41.7858,12.4115,32.0
VIA DELLA MARRANELLA x VIA VISCONTE MAGGIOLO,7,0.0,5.0,41.8833,12.5423,32.0
VIALE DELL'UNIVERSITA' x VIALE REGINA ELENA,12,0.0,4.0,41.9056,12.5156,32.0
VIALE CHARLES LENORMANT x VIALE DEI ROMAGNOLI,7,0.0,5.0,41.7826,12.3574,32.0
VIA DI PRATAPORCI x VIA TORRE DELLO STINCO,2,0.0,6.0,41.848600000000005,12.6844,32.0
VIA COLLATINA x VIALE GIORGIO DE CHIRICO,12,0.0,4.0,41.9034,12.585,32.0
VIA DI BACCANELLO x VIA DI COLLE FEBBRARO,2,0.0,6.0,42.065,12.34695,32.0
VIA CALPURNIO FIAMMA x VIALE S. GIOVANNI BOSCO,12,0.0,4.0,41.8607,12.5609,32.0
VIA DEI CICLAMINI x VIA FEDERICO DELPINO,7,0.0,5.0,41.8918,12.5661,32.0
VIA GERMANICO x VIA LEONE IV,6,0.0,5.0,41.90795,12.4555,31.0
VIA BENACO x VIA CHIANA,6,0.0,5.0,41.921949999999995,12.504950000000001,31.0
LARGO BRANCACCIO x VIA MERULANA,6,0.0,5.0,41.895,12.5002,31.0
VIA ANAGNI x VIA TOR DE' SCHIAVI,6,0.0,5.0,41.8906,12.5605,31.0
VIA CASILINA x VIA DI VERMICINO,11,0.0,4.0,41.8626,12.6694,31.0
VIA GALLA PLACIDIA x VIA TIBURTINA,6,0.0,5.0,41.9085,12.5427,31.0
VIA DEL FORTE BRASCHI x VIA MATTIA BATTISTINI,6,0.0,5.0,41.9133,12.41845,31.0
VIA DELLA TOLDA x VIA DELLE TARTANE,6,0.0,5.0,41.7255,12.29345,31.0
VIA ANGELO CANEVARI x VIA DI ACILIA,6,0.0,5.0,41.7736,12.37135,31.0
VIA ARISTIDE LEONORI x VIA MARIO MUSCO,6,0.0,5.0,41.8493,12.4881,31.0
VIA DI CASAL BIANCO x VIA RUBELLIA,11,0.0,4.0,41.9389,12.6236,31.0
PIAZZA ADRIANA x VIA CRESCENZIO,6,0.0,5.0,41.9055,12.46615,31.0
PIAZZA DELL'ESQUILINO x VIA CAVOUR,11,0.0,4.0,41.8983,12.497,31.0
CIRCONVALLAZIONE TRIONFALE x VIA TRIONFALE,6,0.0,5.0,41.91385,12.45045,31.0
VIA CORNELIA x VIA DI BOCCEA,6,0.0,5.0,41.9149,12.3847,31.0
VIA TUSCOLANA x VIA VITTORIO OCCORSIO,6,0.0,5.0,41.84615,12.57905,31.0
LARGO MAESTRI DEL LAVORO x VIALE GUGLIELMO MARCONI,6,0.0,5.0,41.84925,12.474450000000001,31.0
VIA CRISTOFORO COLOMBO x VIA ERMANNO WOLF FERRARI,10,0.0,4.0,41.7549,12.3779,30.0
VIA NOMENTANA x VIA VAL TROMPIA,5,0.0,5.0,41.959,12.5737,30.0
VIA ALESSANDRO BRISSE x VIA PORTUENSE,5,0.0,5.0,41.8469,12.414,30.0
VIA CASILINA x VIA GRANITI,5,0.0,5.0,41.8646,12.6987,30.0
VIALE DELLA SORBONA x VIALE OXFORD,20,0.0,2.0,41.8592,12.627199999999998,30.0
VIA CHIANA x VIA TAGLIAMENTO,5,0.0,5.0,41.9217,12.5053,30.0
VIA DEI SARDI x VIA DEI VOLSCI,5,0.0,5.0,41.8981,12.5155,30.0
VIA CESARE MACCARI x VIA DI PRATO CORNELIO,5,0.0,5.0,41.7724,12.3589,30.0
VIA DELL'AEROPORTO x VIA FLAVIO STILICONE,5,0.0,5.0,41.8618,12.5556,30.0
VIA AURELIA ANTICA x VIA DI TORRE ROSSA,10,0.0,4.0,41.890550000000005,12.4315,30.0
VIA APPIA NUOVA x VIA DON ORIONE,5,0.0,5.0,41.8793,12.517,30.0
VIA DELLA MAGLIANA x VIALE GAETANO ARTURO CROCCO,5,0.0,5.0,41.8317,12.4196,30.0
VIA DEL MARE x VIA OSTIENSE,4,0.0,5.0,41.841750000000005,12.4653,29.0
VIALE ANICIO GALLO x VIALE APPIO CLAUDIO,4,0.0,5.0,41.8535,12.5625,29.0
VIA DI TOR PIGNATTARA x VIA GALEAZZO ALESSI,4,0.0,5.0,41.8792,12.542,29.0
VIA CANDIA x VIA SANTAMAURA,4,0.0,5.0,41.908199999999994,12.45325,29.0
VIA DI TORRE SPACCATA x VIA TUSCOLANA,4,0.0,5.0,41.8485,12.57565,29.0
VIA DEI MONTI DI PRIMAVALLE x VIA MATTIA BATTISTINI,4,0.0,5.0,41.9139,12.4184,29.0
VIA QUINTILIO VARO x VIALE TITO LABIENO,4,0.0,5.0,41.8527,12.5659,29.0
LARGO ANGELO FOCHETTI x VIA CRISTOFORO COLOMBO,8,0.0,4.0,41.86725,12.4962,28.0
CIRCONVALLAZIONE CASILINA x VIA CASILINA,3,0.0,5.0,41.8869,12.5271,28.0
VIA ARTURO GRAF x VIA NOMENTANA,8,0.0,4.0,41.959,12.5737,28.0
VIA DI ACILIA x VIA GIANFILIPPO USELLINI,8,0.0,4.0,41.773,12.3745,28.0
CIRCONVALLAZIONE AURELIA x VIA AURELIA,3,0.0,5.0,41.8983,12.4279,28.0
VIA DEL FORTE BRASCHI x VIA DELLA PINETA SACCHETTI,3,0.0,5.0,41.924,12.425,28.0
VIA AURELIA x VIA DI S. MARIA MEDIATRICE,3,0.0,5.0,41.9,12.4443,28.0
VIA DELLA CORAZZATA x VIALE DEL SOMMERGIBILE,3,0.0,5.0,41.7364,12.2627,28.0
VIA DEL MARE x VIA DELL'IPPICA,3,0.0,5.0,41.8403,12.4632,28.0
PIAZZALE DEGLI EROI x VIALE DELLE MEDAGLIE D'ORO,3,0.0,5.0,41.9094,12.4486,28.0
CIRCONVALLAZIONE GIANICOLENSE x VIA OTTAVIO GASPARRI,8,0.0,4.0,41.87535,12.44575,28.0
VIA DI MALAFEDE x VIA OSTIENSE,8,0.0,4.0,41.7936,12.39245,28.0
VIA CRISTOFORO COLOMBO x VIALE AMERICA,8,0.0,4.0,41.8271,12.466349999999998,28.0
VIA DOBBIACO x VIA VALFLORIANA,3,0.0,5.0,41.7259,12.3773,28.0
LUNGOTEVERE FLAMINIO x PIAZZA GENTILE DA FABRIANO,3,0.0,5.0,41.9269,12.4619,28.0
PIAZZA ELIO RUFINO x VIA CRISTOFORO COLOMBO,3,0.0,5.0,41.8584,12.4966,28.0
VIA DEI RUDERI DI CASA CALDA x VIA WALTER TOBAGI,3,0.0,5.0,41.8753,12.5973,28.0
VIA BORGHESIANA x VIA SAVOCA,3,0.0,5.0,41.8692,12.674,28.0
VIA PIETRO SOMMARIVA x VIALE DEI ROMANISTI,3,0.0,5.0,41.8674,12.5775,28.0
VIA DI ROCCA CENCIA x VIA PRENESTINA NUOVA,3,0.0,5.0,41.8855,12.6955,28.0
LARGO CAVALIERI DI COLOMBO x VIALE DELLE TERME DI CARACALLA,7,0.0,4.0,41.8815,12.4931,27.0
VIA LUCIO FONTANA x VIA LUIGI RUSSOLO,2,0.0,5.0,41.9115,12.6182,27.0
VIA BORGHESIANA x VIA CASILINA,7,0.0,4.0,41.864,12.6753,27.0
VIA DEI TRAGHETTI x VIA DELLE BALEARI,2,0.0,5.0,41.736149999999995,12.27835,27.0
VIA FRANCESCO DONATI x VICOLO DI DRAGONE,7,0.0,4.0,41.7786,12.3423,27.0
VIA CASTELVETRANO x VIA NICOLOSI,2,0.0,5.0,41.85425,12.6661,27.0
VIA CASILINA x VIA SICULIANA,7,0.0,4.0,41.8626,12.6212,27.0
VIA COLLATINA x VIA EMILIO LONGONI,7,0.0,4.0,41.9049,12.602,27.0
VIA CASILINA x VIALE FILARETE,7,0.0,4.0,41.8814,12.5387,27.0
VIA DELLE VIGNE NUOVE x VIA VILLA DI FAONTE,7,0.0,4.0,41.9554,12.5358,27.0
VIA ARDUINO x VIA DELLA LEGA LOMBARDA,7,0.0,4.0,41.9089,12.5237,27.0
VIALE PALMIRO TOGLIATTI x VIALE SACCO E VANZETTI,2,0.0,5.0,41.9105,12.5724,27.0
VIA DEI SETTE METRI x VIA DEL FOSSO DELL'ACQUA MARIANA,2,0.0,5.0,41.8166,12.6082,27.0
VIA GENZANO x VIA ROCCA DI PAPA,6,0.0,4.0,41.8693,12.535,26.0
VIA BUSACHI x VIA PRENESTINA,1,0.0,5.0,41.8899,12.6889,26.0
VIA DELLA LEGA LOMBARDA x VIA GIANO DELLA BELLA,6,0.0,4.0,41.9089,12.5234,26.0
PIAZZA DELLE CAMELIE x VIA TOR DE' SCHIAVI,6,0.0,4.0,41.876149999999996,12.5644,26.0
VIA CASILINA x VIA DI TORRENOVA,6,0.0,4.0,41.862750000000005,12.62025,26.0
VIA PORTUENSE x VIA USINI,6,0.0,4.0,41.8335,12.381699999999999,26.0
VIA CADORE x VIA LUDOVISI,1,0.0,5.0,41.9068,12.4879,26.0
VIA DI BOCCEA x VIA DI VAL CANNUTA,6,0.0,4.0,41.9149,12.3847,26.0
PIAZZA VITTORIO EMANUELE II x VIA EMANUELE FILIBERTO,6,0.0,4.0,41.8932,12.5053,26.0
PIAZZA DI S. GIOVANNI IN LATERANO x VIA MERULANA,6,0.0,4.0,41.8873,12.505749999999999,26.0
VIA GIACOMO BRESADOLA x VIA VINCENZO CESATI,6,0.0,4.0,41.8931,12.5613,26.0
VIA DEI FRENTANI x VIALE PRETORIANO,5,0.0,4.0,41.9006,12.5082,25.0
VIA FOLIGNO x VIA TERNI,5,0.0,4.0,41.885099999999994,12.5187,25.0
VIALE DEL POLICLINICO x VIALE DELL'UNIVERSITA',5,0.0,4.0,41.904,12.5108,25.0
VIA GAETANO MAZZONI x VIA GIOVANNI SENZATERRA,5,0.0,4.0,41.9081,12.3946,25.0
VIA GIORGIO MOSER x VIA PUPELLA MAGGIO,5,0.0,4.0,41.9727,12.5349,25.0
VIALE ARCICONFRATERNITA DI N. S.RA DI LOURDES x VIALE DEI CIPRESSI,5,0.0,4.0,42.0134,12.4928,25.0
PIAZZALE DELLA FARNESINA x VIALE ANTONINO DI SAN GIULIANO,5,0.0,4.0,41.9372,12.4605,25.0
VIA NOMENTANA x VIA VAL BREMBANA,5,0.0,4.0,41.959,12.5737,25.0
VIA DI CASAL BIANCO x VIA DI MARCO SIMONE,10,0.0,3.0,41.947,12.64565,25.0
PIAZZALE CLODIO x VIALE GIUSEPPE MAZZINI,5,0.0,4.0,41.9167,12.4549,25.0
VIA LIGURIA x VIA VITTORIO VENETO,5,0.0,4.0,41.906549999999996,12.489650000000001,25.0
PIAZZA DEGLI EUGANEI x VIA DELLE ISOLE CURZOLANE,5,0.0,4.0,41.9488,12.532,25.0
LUNGOTEVERE DEI VALLATI x PONTE GARIBALDI,5,0.0,4.0,41.8918,12.4745,25.0
VIA DEGLI OPPII x VIA DI PORTA FURBA,5,0.0,4.0,41.8716,12.5407,25.0
VIA DELL'IMPRUNETA x VIA PIEVE FOSCIANA,5,0.0,4.0,41.8471,12.4584,25.0
VIA EMILIO MOROSINI x VIALE DI TRASTEVERE,5,0.0,4.0,41.883700000000005,12.468900000000001,25.0
VIA DEL SACRO CUORE DI MARIA x VIALE MARESCIALLO PILSUDSKI,5,0.0,4.0,41.9277,12.4818,25.0
VIA LAZZARO SPALLANZANI x VIA NOMENTANA,5,0.0,4.0,41.9143,12.5087,25.0
VIA ELENIANA x VIA SEBASTIANO GRANDIS,5,0.0,4.0,41.8899,12.5149,25.0
VIA GIOVANNI SGAMBATI x VIA PO,5,0.0,4.0,41.9151,12.4959,25.0
VIA DEL MARE x VIA DELLE CANARIE,4,0.0,4.0,41.7395,12.2823,24.0
LARGO BERNARDINO DA FELTRE x VIALE DI TRASTEVERE,4,0.0,4.0,41.8826,12.4687,24.0
VIA DI MONTE ARSICCIO x VIA TRIONFALE,4,0.0,4.0,41.9569,12.41355,24.0
VIA PISINO x VIALE DELLA SERENISSIMA,4,0.0,4.0,41.8981,12.55835,24.0
PIAZZA DI PORTA MAGGIORE x VIA DI PORTA MAGGIORE,4,0.0,4.0,41.8918,12.5141,24.0
VIA ARISTIDE CARABELLI x VIA COSTANZO CASANA,4,0.0,4.0,41.73865,12.268650000000001,24.0
VIA EZIO x VIA POMPEO MAGNO,4,0.0,4.0,41.9097,12.4659,24.0
VIA ANGELO VISCOGLIOSI x VIA DI TOR TRE TESTE,4,0.0,4.0,41.8816,12.5917,24.0
VIA CUNFIDA x VIA DELLA GIULIANA,4,0.0,4.0,41.9133,12.4542,24.0
VIA ORESTE SALOMONE x VIA PIETRO ROVETTI,9,0.0,3.0,41.8778,12.5448,24.0
VIA ANAGNINA x VIA DELLA STAZIONE DI CIAMPINO,4,0.0,4.0,41.815349999999995,12.6183,24.0
LUNGOTEVERE FLAMINIO x PONTE DEL RISORGIMENTO,4,0.0,4.0,41.9238,12.4661,24.0
VIA DEGLI SCIPIONI x VIA DUILIO,9,0.0,3.0,41.9101,12.4642,24.0
VIA PIER PAOLO PASOLINI x VIA TRIONFALE,4,0.0,4.0,41.9492,12.414,24.0
VIA CASILINA x VIA SILICELLA,9,0.0,3.0,41.8626,12.5997,24.0
VIA ALESSANDRO TORLONIA x VIA NOMENTANA,9,0.0,3.0,41.9162,12.5116,24.0
VIA ALBA x VIA APPIA NUOVA,4,0.0,4.0,41.8795,12.5172,24.0
VIA CASSIA x VIA FORMELLESE,4,0.0,4.0,41.994249999999994,12.397549999999999,24.0
VIA ROVIGNO D'ISTRIA x VIALE DELLA VENEZIA GIULIA,4,0.0,4.0,41.8964,12.5564,24.0
VIA GUIDUBALDO DEL MONTE x VIALE MARESCIALLO PILSUDSKI,9,0.0,3.0,41.9277,12.4752,24.0
VIA CAMILLO DE LELLIS x VIA PIETRO D'ASSISI,4,0.0,4.0,41.8692,12.4506,24.0
VIA CRISTOFORO COLOMBO x VIA VEDANA,4,0.0,4.0,41.8281,12.46735,24.0
VIA DELL'ARCO DI TRAVERTINO x VIA TUSCOLANA,9,0.0,3.0,41.8691,12.538,24.0
VIA GIUSEPPE BARELLAI x VIA TRIONFALE,4,0.0,4.0,41.94555,12.41725,24.0
VIA MONTE SANTO x VIA SABOTINO,13,0.0,2.0,41.9169,12.4602,23.0
VIA LUCA PASSI x VIA RAFFAELE CONFORTI,3,0.0,4.0,41.895,12.4103,23.0
VIA LEONE XIII x VIA PIO IV,3,0.0,4.0,41.8869,12.4404,23.0
VIA BELFORTE MONFERRATO x VIA MONTEMARZINO,3,0.0,4.0,41.8243,12.3145,23.0
VIA VALENTINO MAZZOLA x VIALE ERMINIO SPALLA,3,0.0,4.0,41.8324,12.5106,23.0
VIA ARENULA x VIA DEI FALEGNAMI,3,0.0,4.0,41.894,12.4761,23.0
VIA ANDREA MANTEGNA x VIALE DI TOR MARANCIA,3,0.0,4.0,41.8535,12.4976,23.0
VIA DEI VELIERI x VIA DELLE GONDOLE,3,0.0,4.0,41.7358,12.2757,23.0
VIA DI CASAL PALOCCO x VIALE GORGIA DI LEONTINI,3,0.0,4.0,41.7507,12.3522,23.0
VIA SAMBUCI x VIA TIBURTINA,3,0.0,4.0,41.9358,12.6125,23.0
VIA CESARE MACCARI x VIA TELEMACO SIGNORINI,3,0.0,4.0,41.7748,12.3573,23.0
VIA CALPURNIO FIAMMA x VIA TARQUINIO COLLATINO,3,0.0,4.0,41.8617,12.5617,23.0
VIA GIUSEPPE GAGLIANI CAPUTO x VIALE DEL TECNOPOLO,3,0.0,4.0,41.9295,12.6358,23.0
VIA EFESO x VIA OSTIENSE,3,0.0,4.0,41.8542,12.4769,23.0
VIA NAPOLEONE III x VIA RATTAZZI,3,0.0,4.0,41.8967,12.5023,23.0
VIA RENZO DA CERI x VIA SAMPIERO DI BASTELICA,3,0.0,4.0,41.8906,12.5386,23.0
VIA LABICANA x VIA MERULANA,8,0.0,3.0,41.8916,12.5021,23.0
VIA ALBI x VIA OSTIENSE,8,0.0,3.0,41.8109,12.4229,23.0
VIA DI PONTE SALARIO x VIA SALARIA,3,0.0,4.0,41.9359,12.5092,23.0
VIA FIUMALBO x VIA OSTIENSE,3,0.0,4.0,41.794,12.3943,23.0
VIA DEI GLICINI x VIA TOR DE' SCHIAVI,3,0.0,4.0,41.8796,12.5654,23.0
VIA CANTIANO x VIA SANT'ELPIDIO A MARE,3,0.0,4.0,41.9134,12.7302,23.0
VIA DEGLI ANGELI x VIA DEI CICERI,3,0.0,4.0,41.8725,12.5474,23.0
CIRCONVALLAZIONE OSTIENSE x VIA NICOLO' DA PISTOIA,3,0.0,4.0,41.8672,12.487,23.0
VIA DELLA CECCHIGNOLA x VIA GIOVANNI KOBLER,3,0.0,4.0,41.8113,12.5121,23.0
VIA EQUIZIA x VIA GIOVANNI LANZA,3,0.0,4.0,41.895,12.4978,23.0
VIA GABRIELE PALEOTTI x VIA PIETRO BEMBO,3,0.0,4.0,41.9197,12.4125,23.0
VIA FILIPPO SERAFINI x VIA GIUSEPPE SAREDO,3,0.0,4.0,41.8613,12.5727,23.0
VIA FEDERICO OZANAM x VIA FRANCESCO CATEL,3,0.0,4.0,41.8768,12.4492,23.0
LUNGOTEVERE DE' CENCI x PONTE GARIBALDI,3,0.0,4.0,41.8918,12.4747,23.0
VIA FRANCESCO GIANGIACOMO x VIA GIULIO ARISTIDE SARTORIO,3,0.0,4.0,41.8522,12.5011,23.0
VIA DELLE TRE FONTANE x VIALE DI VAL FIORITA,2,0.0,4.0,41.8409,12.468,22.0
VIA DEGLI ANGELI x VIA DI PORTA FURBA,7,0.0,3.0,41.8742,12.5412,22.0
LUNGOTEVERE DEGLI ANGUILLARA x PIAZZA GIUSEPPE GIOACHINO BELLI,7,0.0,3.0,41.8903,12.4745,22.0
VIA FRANCESCO DURANTE x VIA ROBERTO ALESSANDRI,2,0.0,4.0,41.8674,12.4414,22.0
VIA CARLO SANTARELLI x VIA CASILINA,7,0.0,3.0,41.8626,12.6212,22.0
LUNGOTEVERE DELLA FARNESINA x SALITA DEL BUON PASTORE,2,0.0,4.0,41.89435,12.4671,22.0
VIA GENZANO x VIA ROCCA PRIORA,2,0.0,4.0,41.8706,12.5313,22.0
VIA ANDREA CATRANI x VIA SABATINO DE URSIS,2,0.0,4.0,41.784,12.3529,22.0
VIA CAPO PALINURO x VIA CESARE LAURENTI,2,0.0,4.0,41.7338,12.2853,22.0
VIA ARCHELAO DI MILETO x VIA DI MACCHIA SAPONARA,2,0.0,4.0,41.7747,12.3531,22.0
VIA ALBERTO ASQUINI x VIA COSTANTINO MORTATI,2,0.0,4.0,41.94655,12.586,22.0
VIA FIUMINATA x VIA RECANATI,2,0.0,4.0,41.9405,12.58495,22.0
VIA CAPRAIA x VIALE JONIO,2,0.0,4.0,41.944950000000006,12.53435,22.0
VIA DEI MARRUCINI x VIA TIBURTINA,2,0.0,4.0,41.91285,12.543949999999999,22.0
VIA DI MONTESPACCATO x VIA GAETANO MAZZONI,2,0.0,4.0,41.90745,12.39335,22.0
VIA DI S. CROCE IN GERUSALEMME x VIA SEBASTIANO GRANDIS,2,0.0,4.0,41.8898,12.51295,22.0
PIAZZA GONDAR x VIALE LIBIA,2,0.0,4.0,41.9333,12.5209,22.0
VIA BENEDETTO ALOISI MASELLA x VIA PIETRO BEMBO,7,0.0,3.0,41.9167,12.411,22.0
VIA CARLO BONUCCI x VIA GIUSEPPE FIORELLI,2,0.0,4.0,41.7711,12.3108,22.0
VIA ACHILLE LUIGI BONANOME x VIA DI BOCCEA,7,0.0,3.0,41.9149,12.3847,22.0
VIA MAGLIE x VIA SQUINZANO,2,0.0,4.0,41.8835,12.616,22.0
VIA CAMPI SALENTINA x VIA GAGLIANO DEL CAPO,2,0.0,4.0,41.8549,12.65305,22.0
VIA ANDREA NOALE x VIA DI SALONE,2,0.0,4.0,41.915400000000005,12.63365,22.0
VIA FIUMEFREDDO DI SICILIA x VIA PALAGONIA,2,0.0,4.0,41.8775,12.6526,22.0
VIA ALFONSO ALBERGHETTI x VIA ALFREDO BLASI,2,0.0,4.0,41.8679,12.6243,22.0
VIA DELLE ISOLE CURZOLANE x VIA DI VALLE MELAINA,2,0.0,4.0,41.9484,12.5258,22.0
VIA ANAGNINA x VIA DI ACQUA ACETOSA ANAGNINA,2,0.0,4.0,41.8143,12.6202,22.0
VIA DI CASAL PALOCCO x VIALE CRISTOFORO COLOMBO,2,0.0,4.0,41.8089,12.4536,22.0
VIA DI CASTEL FUSANO x VIA OSTIENSE,12,0.0,2.0,41.759,12.30775,22.0
VIA TIBURTINA x VIALE DEL TECNOPOLO,2,0.0,4.0,41.9334,12.606200000000001,22.0
VIA CRISTOFORO COLOMBO x VIALE DELLA VILLA DI PLINIO,2,0.0,4.0,41.79735,12.432549999999999,22.0
VIA PRENESTINA x VIA PRENESTINA NUOVA,2,0.0,4.0,41.891400000000004,12.653300000000002,22.0
CORSO DI FRANCIA x VIA LUIGI BODIO,2,0.0,4.0,41.9367,12.4717,22.0
VIA COLUMBIA x VIALE DELLA SORBONA,7,0.0,3.0,41.8556,12.6168,22.0
VIA CASILINA x VIA LEONARDO BUFALINI,7,0.0,3.0,41.8815,12.5387,22.0
VIA SIRTE x VIA TRIPOLI,2,0.0,4.0,41.9285,12.5189,22.0
VIA CRISTOFORO COLOMBO x VIA DI GROTTA PERFETTA,2,0.0,4.0,41.8294,12.469149999999999,22.0
VIA CRISTOFORO COLOMBO x VIA LAURENTINA,7,0.0,3.0,41.8461,12.4791,22.0
VIA DEI CASTANI x VIA DELLE ROBINIE,6,0.0,3.0,41.8827,12.5667,21.0
PIAZZA DI CINECITTA' x VIA TUSCOLANA,6,0.0,3.0,41.853750000000005,12.56785,21.0
VIA DANTE DA MAIANO x VIA RE ENZO,1,0.0,4.0,41.9567,12.6104,21.0
LUNGOTEVERE TESTACCIO x PONTE SUBLICIO,6,0.0,3.0,41.8828,12.4752,21.0
LARGO ALBERTO MISSIROLI x VIALE DEI COLLI PORTUENSI,6,0.0,3.0,41.8666,12.4441,21.0
LUNGOTEVERE GIANICOLENSE x VIA DI S. ONOFRIO,1,0.0,4.0,41.8975,12.4639,21.0
VIA BELLEGRA x VIA DI MARCO SIMONE,1,0.0,4.0,41.9523,12.6419,21.0
CIRCONVALLAZIONE CLODIA x VIA TRIONFALE,1,0.0,4.0,41.9409,12.4229,21.0
VIA RAFFAELE COSTI x VIA VIRGILIO GUIDI,6,0.0,3.0,41.91055,12.5971,21.0
VIA AURELIA ANTICA x VIA DELL'ACQUEDOTTO PAOLO,1,0.0,4.0,41.8902,12.435,21.0
VIA CASILINA x VIA DI GROTTE CELONI,6,0.0,3.0,41.86265,12.631450000000001,21.0
VIA CIPRO x VIA MARCANTONIO BRAGADIN,6,0.0,3.0,41.9071,12.4466,21.0
VIA DEL MARE x VIA DELLA GENTE SALINATORIA,6,0.0,3.0,41.7603,12.3035,21.0
RACCORDO SALARIO SETTEBAGNI x VIA SALARIA,1,0.0,4.0,42.038,12.556,21.0
VIA DEI SETTE METRI x VIA DEL CASALE SANTARELLI,1,0.0,4.0,41.819,12.6106,21.0
VIA ACHILLE BENEDETTI x VIA FILIPPO MEDA,6,0.0,3.0,41.9132,12.54355,21.0
VIA DEGLI OLMI x VIA DEL FOSSO DI CENTOCELLE,1,0.0,4.0,41.8784,12.5738,21.0
VIA DI ACILIA x VIA POSIDIPPO,6,0.0,3.0,41.7737,12.3714,21.0
VIA DEI GIORDANI x VIA DI TRASONE,6,0.0,3.0,41.9286,12.5105,21.0
VIA MARCO VALERIO CORVO x VIA VALERIO PUBLICOLA,6,0.0,3.0,41.857749999999996,12.558,21.0
VIA ALESSANDRIA x VIA REGGIO EMILIA,6,0.0,3.0,41.9127,12.5039,21.0
VIA DEI MILLE x VIA VICENZA,6,0.0,3.0,41.9036,12.5035,21.0
VIA DI DRAGONCELLO x VIALE DEI ROMAGNOLI,6,0.0,3.0,41.77955,12.34995,21.0
VIA DELLA TENUTA DI TORRENOVA x VIA DI CARCARICOLA,1,0.0,4.0,41.8556,12.6131,21.0
VIA FOLIGNO x VIA VOGHERA,6,0.0,3.0,41.885,12.5187,21.0
PIAZZA DELLA MARRANELLA x VIA CASILINA,6,0.0,3.0,41.8803,12.5424,21.0
VIA CASSIA NUOVA x VIA GIOVANNI FABBRONI,6,0.0,3.0,41.95115,12.4684,21.0
VIA FRANCESCO GRIMALDI x VIA ODERISI DA GUBBIO,6,0.0,3.0,41.8654,12.4653,21.0
VIA ALESSANDRO STOPPATO x VIA ORAZIO RAIMONDO,1,0.0,4.0,41.847,12.5966,21.0
VIA APULIA x VIA GALLIA,1,0.0,4.0,41.881,12.5044,21.0
VIA DEL SERAFICO x VIA LAURENTINA,6,0.0,3.0,41.82995,12.4805,21.0
CORSO REGINA MARIA PIA x VIA PIETRO ROSA,5,0.0,3.0,41.7295,12.2845,20.0
VIA DELLA MAGLIANA x VIA UGO GUIDO MONDOLFO,5,0.0,3.0,41.8317,12.4196,20.0
VIA DEGLI SCIPIONI x VIA MARCANTONIO COLONNA,5,0.0,3.0,41.9106,12.4666,20.0
VIA CASILINA x VIA DI TOR VERGATA,5,0.0,3.0,41.8626,12.6212,20.0
VIA DI BOCCEA x VIA PASQUALE II,5,0.0,3.0,41.9069,12.4082,20.0
PIAZZA GIUSEPPE PRIMOLI x VIA ARTURO GRAF,5,0.0,3.0,41.9452,12.5529,20.0
VIA VALCO DI S. PAOLO x VIALE GUGLIELMO MARCONI,5,0.0,3.0,41.8524,12.4733,20.0
VIA CRISTOFORO COLOMBO x VIA PINDARO,5,0.0,3.0,41.7566,12.3697,20.0
VIA DELLA NOCETTA x VIA LEONE XIII,5,0.0,3.0,41.8869,12.4404,20.0
PIAZZA DI PRISCILLA x VIA SALARIA,5,0.0,3.0,41.9873,12.5115,20.0
VIA ENNIO BONIFAZI x VIA MATTIA BATTISTINI,5,0.0,3.0,41.9139,12.4184,20.0
VIA COLLATINA x VIA PRENESTINA,5,0.0,3.0,41.895,12.563,20.0
VIA CRISTOFORO COLOMBO x VIA ROSA GUARNIERI CARDUCCI,5,0.0,3.0,41.8561,12.4928,20.0
VIA DEI ROBILANT x VIALE ANTONINO DI SAN GIULIANO,5,0.0,3.0,41.9372,12.4605,20.0
VIA DEI PLATANI x VIALE PALMIRO TOGLIATTI,5,0.0,3.0,41.8809,12.5729,20.0
VIA DELLA VALLE DEI FONTANILI x VIA GIUSEPPE GUICCIARDI,5,0.0,3.0,41.9235,12.4094,20.0
VIA APPIA NUOVA x VIA DELL'ARCO DI TRAVERTINO,5,0.0,3.0,41.86235,12.5329,20.0
VIA DELLE ALBIZZIE x VIALE DELLA PRIMAVERA,5,0.0,3.0,41.8843,12.5611,20.0
VIA DELLE TRE FONTANE x VIALE DELL'INDUSTRIA,5,0.0,3.0,41.839,12.4748,20.0
VIA ALBERTO DA GIUSSANO x VIA CONTE DI CARMAGNOLA,5,0.0,3.0,41.8903,12.5346,20.0
PIAZZA IPPOLITO NIEVO x VIA IPPOLITO NIEVO,5,0.0,3.0,41.879599999999996,12.4672,20.0
VIA DI PRATOLUNGO CASILINO x VIA PRENESTINA,5,0.0,3.0,41.8911,12.6602,20.0
VIA FORMIA x VIA SEZZE,5,0.0,3.0,41.8867,12.5487,20.0
VIA DEL QUADRARO x VIALE SPARTACO,5,0.0,3.0,41.8588,12.5539,20.0
VIA TIBURTINA x VIA VINCENZO MORELLO,5,0.0,3.0,41.9087,12.5398,20.0
LARGO TOMASO PERASSI x VIA AURELIA,5,0.0,3.0,41.8894,12.41,20.0
VIA CASTELFIDARDO x VIA GAETA,10,0.0,2.0,41.90565,12.502,20.0
VIA CASILINA x VIA DEL PONTE DELLA CATENA,5,0.0,3.0,41.8643,12.6556,20.0
PIAZZA MONTE GRAPPA x PONTE DEL RISORGIMENTO,4,0.0,3.0,41.9187,12.46975,19.0
LUNGOTEVERE ARNALDO DA BRESCIA x PONTE REGINA MARGHERITA,4,0.0,3.0,41.9123,12.4726,19.0
LUNGOTEVERE TESTACCIO x VIA ROMOLO GESSI,4,0.0,3.0,41.87975,12.47255,19.0
VIA CASSIA x VIA DELLA CAPPELLETTA DELLA GIUSTINIANA,4,0.0,3.0,41.9828,12.4137,19.0
VIA ANAGNINA x VIA DEI SETTE METRI,4,0.0,3.0,41.8199,12.6115,19.0
LUNGOTEVERE DEI FIORENTINI x PONTE PRINCIPE AMEDEO SAVOIA AOSTA,4,0.0,3.0,41.8998,12.463799999999999,19.0
PIAZZA MONTE GENNARO x VIA MONTE META,4,0.0,3.0,41.9446,12.53785,19.0
VIA BRONTE x VIA DI VERMICINO,4,0.0,3.0,41.852450000000005,12.6709,19.0
VIA ALFONSO ALBERGHETTI x VIA JACOPO TORRITI,4,0.0,3.0,41.86745,12.62455,19.0
CIRCONVALLAZIONE CORNELIA x PIAZZA S. GIOVANNI BATTISTA DE LA SALLE,4,0.0,3.0,41.8985,12.4275,19.0
VIA DEGLI ANGELI x VIA DEI QUINTILI,4,0.0,3.0,41.8725,12.54605,19.0
VIA ERASMO GATTAMELATA x VIA ROBERTO MALATESTA,4,0.0,3.0,41.887550000000005,12.53655,19.0
VIA ERASMO GATTAMELATA x VIA SAMPIERO DI BASTELICA,4,0.0,3.0,41.8904,12.5365,19.0
PIAZZA CESARE CANTU' x VIA APPIA NUOVA,4,0.0,3.0,41.8715,12.5269,19.0
VIA DEI CICLAMINI x VIA DELLE PALME,9,0.0,2.0,41.8897,12.5669,19.0
VIA MUGGIA x VIALE ANGELICO,4,0.0,3.0,41.9188,12.4584,19.0
VIA OPPIDO MAMERTINA x VIA TAURIANOVA,4,0.0,3.0,41.83645,12.5564,19.0
VIA ANAPO x VIA NEMORENSE,4,0.0,3.0,41.9271,12.5107,19.0
VIA FRATELLI GUALANDI x VIA OTTAVIO ASSAROTTI,4,0.0,3.0,41.94255,12.4219,19.0
VIA DELLE QUATTRO FONTANE x VIA VENTI SETTEMBRE,4,0.0,3.0,41.902,12.49065,19.0
VIA DELLE TERME DI TRAIANO x VIALE DEL MONTE OPPIO,4,0.0,3.0,41.8935,12.4974,19.0
VIA DELL'ACQUA VERGINE x VIA PRENESTINA,4,0.0,3.0,41.89305,12.6242,19.0
VIALE CRISTOFORO COLOMBO x VIALE EUROPA,4,0.0,3.0,41.8309,12.4685,19.0
VIA ALBANO x VIA GENZANO,9,0.0,2.0,41.8705,12.5329,19.0
VIA DELLE CASE ROSSE x VIALE DEL TECNOPOLO,9,0.0,2.0,41.9275,12.6367,19.0
VIA DELLE BETULLE x VIA DELLE ROSE,4,0.0,3.0,41.8899,12.563,19.0
VIA LUIGI MAGLIONE x VIA PIETRO GASPARRI,4,0.0,3.0,41.9224,12.4144,19.0
PIAZZA DEL RISORGIMENTO x VIA DEL MASCHERINO,4,0.0,3.0,41.9055,12.4589,19.0
VIA DELLE VIGNE x VIA LANFRANCO MAROI,4,0.0,3.0,41.8404,12.422,19.0
PIAZZA VENEZIA x VIA DEL CORSO,4,0.0,3.0,41.8967,12.4822,19.0
VIA CALTAGIRONE x VIALE CASTRENSE,4,0.0,3.0,41.88745,12.51655,19.0
VIA ALESSANDRO SEVERO x VIA CRISTOFORO COLOMBO,4,0.0,3.0,41.8527,12.48785,19.0
VIA CALPURNIO PISONE x VIA TARQUINIO COLLATINO,4,0.0,3.0,41.8612,12.5645,19.0
VIA OLEVANO ROMANO x VIA PRENESTINA,4,0.0,3.0,41.8941,12.55495,19.0
VIA DEI GEORGOFILI x VIA DELL'ARCADIA,4,0.0,3.0,41.8533,12.4921,19.0
VIA DI PORTA FURBA x VIA TUSCOLANA,9,0.0,2.0,41.8691,12.538,19.0
VIA GIUSEPPE BERNARDO GAMBARO x VIALE DEI ROMAGNOLI,4,0.0,3.0,41.78195,12.35595,19.0
VIA FABRIZIO LUSCINO x VIA LUCIO SESTIO,4,0.0,3.0,41.85685,12.5542,19.0
VIA CASILINA x VIA DI TORRE SPACCATA,4,0.0,3.0,41.8684,12.587250000000001,19.0
CIRCONVALLAZIONE AURELIA x PIAZZA DI VILLA CARPEGNA,4,0.0,3.0,41.8964,12.428550000000001,19.0
VIA DEGLI SCIPIONI x VIA VESPASIANO,4,0.0,3.0,41.907849999999996,12.4568,19.0
VIA DELLA GIULIANA x VIA RICCARDO GRAZIOLI LANTE,4,0.0,3.0,41.9131,12.45425,19.0
VIA OSTIENSE x VIA VALCO DI S. PAOLO,4,0.0,3.0,41.8522,12.4766,19.0
VIA DEGLI SCIPIONI x VIA VIRGINIO ORSINI,4,0.0,3.0,41.9113,12.4691,19.0
CORSO TRIESTE x VIA NOMENTANA,4,0.0,3.0,41.914249999999996,12.5086,19.0
VIA DEL COLLE DI MEZZO x VIA DI VIGNA MURATA,4,0.0,3.0,41.8263,12.4912,19.0
VIA SCRIBONIO CURIONE x VIALE DEI CONSOLI,9,0.0,2.0,41.8636,12.5538,19.0
VIA DEL TEATRO DI MARCELLO x VICO JUGARIO,3,0.0,3.0,41.891,12.4806,18.0
VIA DI VILLA ADA x VIA SALARIA,3,0.0,3.0,41.9873,12.5115,18.0
VIA ARCEVIA x VIA CAGLI,3,0.0,3.0,41.9365,12.5849,18.0
VIA MONTEBUONO x VIA STIMIGLIANO,8,0.0,2.0,41.9346,12.51315,18.0
VIA DEGLI SCIPIONI x VIA PAOLO EMILIO,3,0.0,3.0,41.9098,12.463,18.0
LARGO BOIANO x VIA DELLA VANGA,3,0.0,3.0,41.9109,12.563,18.0
CORSO D'ITALIA x VIA PINCIANA,3,0.0,3.0,41.9099,12.4896,18.0
LUNGOTEVERE TOR DI NONA x PONTE UMBERTO I,3,0.0,3.0,41.9021,12.4716,18.0
VIA GIULIANO DA SANGALLO x VIA RUTILIO NAMAZIANO,3,0.0,3.0,41.7316,12.2729,18.0
CIRCONVALLAZIONE CLODIA x VIA DURAZZO,3,0.0,3.0,41.9181,12.4561,18.0
VIA RAOUL CHIODELLI x VIA UMBERTO PUPPINI,3,0.0,3.0,41.9064,12.6622,18.0
PIAZZA DELLA LIBERTA' x PONTE REGINA MARGHERITA,3,0.0,3.0,41.9095,12.4716,18.0
PIAZZA ALBANIA x VIA DI S. SABA,3,0.0,3.0,41.8802,12.4833,18.0
VIA DEI PESCATORI x VIALE DELLA VILLA DI PLINIO,3,0.0,3.0,41.7194,12.3335,18.0
VIA SABAZIO x VIA TOPINO,3,0.0,3.0,41.9224,12.5088,18.0
VIA DELLA RUSTICA x VIA NAIDE,3,0.0,3.0,41.9109,12.6009,18.0
VIA ADOLFO GANDIGLIO x VIALE DEI COLLI PORTUENSI,3,0.0,3.0,41.8666,12.4441,18.0
VIA CAVOUR x VIA DEI SERPENTI,3,0.0,3.0,41.8966,12.4951,18.0
VIA RAIMONDO SCINTU x VIALE ROLANDO VIGNALI,3,0.0,3.0,41.8559,12.5791,18.0
LARGO CARDINAL CLEMENTE MICARA x VIA GREGORIO VII,3,0.0,3.0,41.8959,12.4401,18.0
PIAZZA GALENO x VIALE REGINA MARGHERITA,3,0.0,3.0,41.9112,12.5093,18.0
VIA CASILINA x VIA DI VILLA SERVENTI,3,0.0,3.0,41.8848,12.5301,18.0
VIA DI VIGNA MURATA x VIALE STEFANO GRADI,3,0.0,3.0,41.827,12.5053,18.0
VIA ALESSANDRO LUZIO x VIA LATINA,3,0.0,3.0,41.8702,12.5205,18.0
PIAZZA TEOFRASTO x VIA FEDERICO DELPINO,8,0.0,2.0,41.8914,12.5641,18.0
VIA GIOVANNI CONTI x VIA MONTE MASSICO,3,0.0,3.0,41.9513,12.5316,18.0
VIA CAPO D'AFRICA x VIA OSTILIA,3,0.0,3.0,41.8888,12.4951,18.0
VIA DEI GRACCHI x VIA FABIO MASSIMO,3,0.0,3.0,41.9088,12.4622,18.0
VIA DI MONTE VERDE x VIA FRANCESCO DURANTE,3,0.0,3.0,41.8687,12.4415,18.0
VIA ANTONIO SALANDRA x VIA VENTI SETTEMBRE,3,0.0,3.0,41.9055,12.4958,18.0
PIAZZA GIUSEPPE PRIMOLI x VIA UGO OJETTI,8,0.0,2.0,41.9452,12.5529,18.0
VIA DI MONTE TESTACCIO x VIA NICOLA ZABAGLIA,3,0.0,3.0,41.87695,12.47625,18.0
PIAZZA IRNERIO x VIA BARTOLO DA SASSOFERRATO,3,0.0,3.0,41.8984,12.4298,18.0
VIA MARCANTONIO COLONNA x VIA POMPEO MAGNO,3,0.0,3.0,41.91,12.467,18.0
VIA DEL FOSSO DI DRAGONCELLO x VIA OSTIENSE,3,0.0,3.0,41.8109,12.4229,18.0
VIA AMARETTA x VIA ENRICO DELL'ACQUA,3,0.0,3.0,41.8651,12.6507,18.0
VIA MILAZZO x VIA VARESE,3,0.0,3.0,41.9028,12.5055,18.0
VIA DELLE ISOLE CURZOLANE x VIA MONTE PETRELLA,3,0.0,3.0,41.9488,12.532,18.0
VIA DI TOR BELLA MONACA x VIALE DUILIO CAMBELLOTTI,3,0.0,3.0,41.8698,12.6334,18.0
VIA MONOPOLI x VIA TRINITAPOLI,3,0.0,3.0,41.886,12.6159,18.0
LARGO BEATO PLACIDO RICCARDI x VIA OSTIENSE,3,0.0,3.0,41.8562,12.4773,18.0
VIA FULCIERI PAULUCCI DE CALBOLI x VIALE GIUSEPPE MAZZINI,3,0.0,3.0,41.9155,12.4614,18.0
VIA FILOMARINO x VIA SALARIA,3,0.0,3.0,41.9284,12.5073,18.0
VIA LUIGI PERNA x VIA VEDANA,3,0.0,3.0,41.8465,12.4821,18.0
VIA ANDREA BAFILE x VIALE GIUSEPPE MAZZINI,3,0.0,3.0,41.9159,12.4565,18.0
VIA CIPRO x VIA DELLA MELORIA,3,0.0,3.0,41.9071,12.4466,18.0
VIA DEI RETI x VIA DEI SABELLI,3,0.0,3.0,41.8986,12.5185,18.0
VIA FILIPPO SMALDONE x VIA TOR DE' SCHIAVI,3,0.0,3.0,41.8935,12.5596,18.0
VIA CARLO PESENTI x VIA TIBURTINA,3,0.0,3.0,41.933,12.5992,18.0
VIA BRESCIA x VIA NIZZA,3,0.0,3.0,41.9128,12.5,18.0
VIA CONCA D'ORO x VIA VAL GRANA,3,0.0,3.0,41.9431,12.5196,18.0
LARGO DON ORIONE x VIA ACQUI,3,0.0,3.0,41.8783,12.516,18.0
VIA SALVATORE VALITUTTI x VIALE PALMIRO TOGLIATTI,3,0.0,3.0,41.9192,12.5672,18.0
VIA ETTORE GIOVENALE x VIA PRENESTINA,3,0.0,3.0,41.8918,12.5313,18.0
PIAZZA DI PORTA PORTESE x PORTO DI RIPA GRANDE,3,0.0,3.0,41.8837,12.4748,18.0
VIA OLLOLAI x VIA PRENESTINA,3,0.0,3.0,41.8905,12.6791,18.0
VIA DELLA BUFALOTTA x VIA DI SETTEBAGNI,3,0.0,3.0,41.9676,12.5499,18.0
VIA ARDEATINA x VIA DI SPREGAMORE,3,0.0,3.0,41.7359,12.5627,18.0
VIA DEL CASALE LUMBROSO x VIA PAOLO ORANO,3,0.0,3.0,41.8671,12.3601,18.0
VIA DEGLI STRADIVARI x VIA ETTORE ROLLI,3,0.0,3.0,41.8743,12.4676,18.0
PIAZZA DI PORTA CAPENA x VIALE AVENTINO,8,0.0,2.0,41.8841,12.489,18.0
CIRCONVALLAZIONE CORNELIA x PIAZZA DEI GIURECONSULTI,8,0.0,2.0,41.9019,12.42575,18.0
VIA ANDREA DORIA x VIA TUNISI,3,0.0,3.0,41.9097,12.452,18.0
VIA PONZIO COMINIO x VIA TUSCOLANA,3,0.0,3.0,41.8597,12.5573,18.0
LUNGOTEVERE IN SASSIA x PONTE VITTORIO EMANUELE II,3,0.0,3.0,41.9015,12.4639,18.0
VIA GUIDO RENI x VIA PIER DELLA FRANCESCA,3,0.0,3.0,41.9273,12.4637,18.0
VIA DEL CASALE DI S. BASILIO x VIA FABRIANO,3,0.0,3.0,41.9372,12.5806,18.0
PIAZZALE OSTIENSE x VIA OSTIENSE,3,0.0,3.0,41.8762,12.4811,18.0
VIA DEL CASALE DI S. BASILIO x VIA NOMENTANA,3,0.0,3.0,41.959,12.5737,18.0
VIA PIETRO BORSIERI x VIA SILVIO PELLICO,3,0.0,3.0,41.9126,12.46,18.0
CORSO DUCA DI GENOVA x VIA DELLE SIRENE,8,0.0,2.0,41.7339,12.2715,18.0
VIA DI S. COSTANZA x VIA NOMENTANA,3,0.0,3.0,41.9223,12.5151,18.0
VIA DEL PONTE DELLE SETTE MIGLIA x VIA LEOPOLDO MICUCCI,3,0.0,3.0,41.8374,12.6009,18.0
LUNGOTEVERE DELLE ARMI x PIAZZA DELLE CINQUE GIORNATE,3,0.0,3.0,41.9142,12.4692,18.0
VIA BARTOLOMEO CRISTOFORI x VIA ODERISI DA GUBBIO,3,0.0,3.0,41.8675,12.4653,18.0
VIA CORINTO x VIA EFESO,3,0.0,3.0,41.8543,12.4758,18.0
VIA ARDEATINA x VIA DELLE SETTE CHIESE,3,0.0,3.0,41.8583,12.5089,18.0
VIA ACAIA x VIA VETULONIA,3,0.0,3.0,41.8755,12.5075,18.0
VIA DELLA MURATELLA x VIA PORTUENSE,3,0.0,3.0,41.8469,12.414,18.0
VIA ATTILIO REGOLO x VIA DEI GRACCHI,3,0.0,3.0,41.9086,12.4648,18.0
VIA DELLA MAGLIANA x VIA DI VALLE LUPARA,3,0.0,3.0,41.8317,12.4196,18.0
VIA CRISTOFORO COLOMBO x VIA DEI GEORGOFILI,3,0.0,3.0,41.8544,12.4908,18.0
VIALE DELL'ARTE x VIALE EUROPA,3,0.0,3.0,41.8294,12.4742,18.0
LUNGOTEVERE DELLE ARMI x VIA CIRO MENOTTI,3,0.0,3.0,41.9159,12.4695,18.0
VIA ABBIATEGRASSO x VIA DI CASAL DEL MARMO,3,0.0,3.0,41.9493,12.3941,18.0
VIA DEL CASTRO PRETORIO x VIA MARSALA,3,0.0,3.0,41.901,12.5046,18.0
VIA ALBERTO GALLI x VIA GINO BONICHI,2,0.0,3.0,41.77695,12.358550000000001,17.0
VIA DELLE ISOLE CURZOLANE x VIA MONTE PETROSO,2,0.0,3.0,41.9488,12.532,17.0
PIAZZA DEI GERANI x VIALE DELLE GARDENIE,2,0.0,3.0,41.88595,12.5663,17.0
VIA CRISTOFORO COLOMBO x VIALE DI PORTA ARDEATINA,2,0.0,3.0,41.872699999999995,12.49665,17.0
VIA GIARRE x VIA LENTINI,2,0.0,3.0,41.858599999999996,12.669049999999999,17.0
VIA COLLI SUL VELINO x VIA DI SALONE,2,0.0,3.0,41.929,12.629650000000002,17.0
VIA MARIO FANI x VIA STRESA,7,0.0,2.0,41.938,12.4414,17.0
VIA FOLIGNO x VIA LA SPEZIA,2,0.0,3.0,41.8866,12.51715,17.0
VIA ETTORE ROMAGNOLI x VIA FRANCESCO D'OVIDIO,2,0.0,3.0,41.9412,12.5468,17.0
VIA MARCIANISE x VIALE TELESE,2,0.0,3.0,41.891,12.5492,17.0
VIA ANTONIO TARAMELLI x VIA GIUSEPPE FIORELLI,2,0.0,3.0,41.7705,12.3111,17.0
LARGO GIROLAMO COCCONI x VIA VINCENZO CESATI,2,0.0,3.0,41.8935,12.5635,17.0
VIA DI TORRE SPACCATA x VIALE DI TORRE MAURA,2,0.0,3.0,41.86195,12.588999999999999,17.0
VIA STEFANO CANSACCHI x VIALE VASCO DE GAMA,2,0.0,3.0,41.7338,12.275649999999999,17.0
VIA DELLE CAVE x VIA POGGI D'ORO,2,0.0,3.0,41.8716,12.5297,17.0
VIA SALORNO x VIALE DI CASTEL PORZIANO,2,0.0,3.0,41.73315,12.35755,17.0
VIA BARTOLINO DA NOVARA x VIA DI TOR PIGNATTARA,2,0.0,3.0,41.8769,12.54165,17.0
VIA EFESO x VIALE GUGLIELMO MARCONI,2,0.0,3.0,41.8539,12.4726,17.0
LARGO FERRARIS IV x VIALE DELLO STADIO OLIMPICO,2,0.0,3.0,41.93615,12.4549,17.0
LARGO AGOSTINO GEMELLI x VIA DELLA PINETA SACCHETTI,2,0.0,3.0,41.93,12.42815,17.0
VIA CAIAZZO x VIA PAGANI,2,0.0,3.0,41.8935,12.6303,17.0
VIA LICINIO STOLONE x VIALE MARCO FULVIO NOBILIORE,2,0.0,3.0,41.85765,12.56375,17.0
VIA DELLA STAZIONE DI CESANO x VIA DI PRATO CORAZZA,2,0.0,3.0,42.0598,12.3241,17.0
VIA BITTI x VIA OLLOLAI,2,0.0,3.0,41.8849,12.6816,17.0
VIA GIUSEPPE FIORELLI x VIA SISTO SCAGLIA,2,0.0,3.0,41.7711,12.3108,17.0
VIA GALEAZZO ALESSI x VIALE FILARETE,2,0.0,3.0,41.8794,12.5386,17.0
VIA CAMERIA x VIALE DELLE MURA LATINE,7,0.0,2.0,41.8751,12.5032,17.0
VIA FABIO MASSIMO x VIA GERMANICO,7,0.0,2.0,41.9088,12.4622,17.0
VIA TEMISTOCLE CALZECCHI ONESTI x VIALE GUGLIELMO MARCONI,7,0.0,2.0,41.8573,12.4713,17.0
PIAZZA DELL'ALBERONE x VIA VETURIA,2,0.0,3.0,41.8761,12.5216,17.0
VIA FILIPPO SERAFINI x VIALE PALMIRO TOGLIATTI,2,0.0,3.0,41.860749999999996,12.5701,17.0
VIA CASTELVETRANO x VIA GIARRE,2,0.0,3.0,41.8578,12.67005,17.0
VIA COLLE SELCE x VIA DI CASAL SELCE,2,0.0,3.0,41.9119,12.3511,17.0
VIA CRISTOFORO COLOMBO x VIA LIDO DI CASTEL PORZIANO,2,0.0,3.0,41.75195,12.3811,17.0
VIA CASILINA x VIA DI FONTANA ROTTA,2,0.0,3.0,41.8645,12.69825,17.0
VIA CIPRIANO FACCHINETTI x VIA GIUSEPPE DONATI,2,0.0,3.0,41.9072,12.54815,17.0
VIA CAMPOFIORITO x VIA LETOIANNI,2,0.0,3.0,41.8647,12.6947,17.0
VIA DEL FOSSO DI DRAGONCELLO x VIA DI SAPONARA,7,0.0,2.0,41.7741,12.3452,17.0
LARGO CARLO SACCONI x VIA PIETRO BEMBO,2,0.0,3.0,41.9153,12.41075,17.0
PIAZZA DEL PIGNETO x VIA L'AQUILA,2,0.0,3.0,41.8898,12.5236,17.0
VIA OSTIA x VIA TOLEMAIDE,2,0.0,3.0,41.9094,12.4544,17.0
VIA PATRICA x VIA TUSCOLANA,2,0.0,3.0,41.866749999999996,12.5414,17.0
VIA CLITUNNO x VIA TAGLIAMENTO,2,0.0,3.0,41.92015,12.50315,17.0
VIA DI CARCARICOLA x VIALE DELLA SORBONA,2,0.0,3.0,41.8546,12.612,17.0
VIA CIVITA CASTELLANA x VIALE DI TOR DI QUINTO,7,0.0,2.0,41.9447,12.4785,17.0
VIA ALESSANDRO GUIDICCIONI x VIA GIOVANNI BATTISTA RUINO,2,0.0,3.0,41.90185,12.39215,17.0
VIA ALFREDO COVELLI x VIALE GIOVANNI BATTISTA VALENTE,2,0.0,3.0,41.89605,12.5666,17.0
LARGO PIER FRANCESCO SCARAMPI x VIA GIOVANNI DOMENICO PARACCIANI,2,0.0,3.0,41.9045,12.424,17.0
VIA DI BOCCEA x VIA GIUSEPPE MARELLO,2,0.0,3.0,41.9149,12.3847,17.0
VIA MODOLO x VIA PRENESTINA,2,0.0,3.0,41.89015,12.6862,17.0
VIA DI ROCCA CENCIA x VIA ROCCAFORTE DEL GRECO,2,0.0,3.0,41.8707,12.69035,17.0
LARGO PASQUALE SARACENO x VIA CASSIA NUOVA,2,0.0,3.0,41.952650000000006,12.46605,17.0
VIA DEI CASTANI x VIA DEI GELSI,7,0.0,2.0,41.8885,12.5654,17.0
LUNGOTEVERE RAFFAELLO SANZIO x VIA COLOMBA ANTONIETTI,2,0.0,3.0,41.89065,12.472999999999999,17.0
VIA NEVIO x VIA TRIONFALE,2,0.0,3.0,41.9409,12.4229,17.0
VIA NAPOLEONE PARISANI x VIALE ENRICO ORTOLANI,2,0.0,3.0,41.7722,12.33525,17.0
LARGO MARTIRI DELLE FOSSE ARDEATINE x VIA ARDEATINA,2,0.0,3.0,41.85795,12.50955,17.0
VIA DI S. PETRONILLA x VIA FLAVIA TIZIANA,2,0.0,3.0,41.8577,12.4999,17.0
VIA MONTEMILETTO x VIALE NUSCO,2,0.0,3.0,41.89165,12.631799999999998,17.0
VIA DEGLI OLMI x VIALE ALESSANDRINO,7,0.0,2.0,41.8792,12.578,17.0
VIA CARINOLA x VIA PRENESTINA,2,0.0,3.0,41.8927,12.6309,17.0
C.NE GIANICOLENSE x VIA OTTAVIO GASPARRI,2,0.0,3.0,41.8725,12.4496,17.0
VIA DI MACCHIA PALOCCO x VIA FEDERICO VIANELLO,2,0.0,3.0,41.7675,12.3468,17.0
VIA DAVIDE CAMPARI x VIA ROBERTO LEPETIT,2,0.0,3.0,41.88775,12.5877,17.0
VIA DAMIANO CHIESA x VIA EUGENIO FRATE,2,0.0,3.0,41.91915,12.4347,17.0
PIAZZA CAVOUR x VIA TACITO,2,0.0,3.0,41.9052,12.4692,17.0
VIA ANTONIO PACINOTTI x VIA PORTUENSE,2,0.0,3.0,41.8469,12.414,17.0
LARGO VAL D'ALA x VIA CONCA D'ORO,2,0.0,3.0,41.942,12.522,17.0
VIA AMICO ASPERTINI x VIA DOMENICO PARASACCHI,2,0.0,3.0,41.870149999999995,12.631599999999999,17.0
VIA CARLO ALBERTO x VIA DI S. VITO,1,0.0,3.0,41.8961,12.5016,16.0
LUNGOTEVERE IN AUGUSTA x VIA FERDINANDO DI SAVOIA,6,0.0,2.0,41.91,12.4734,16.0
PIAZZA VITTORIO EMANUELE II x VIA CONTE VERDE,1,0.0,3.0,41.8938,12.5058,16.0
VIA DI ROCCA CENCIA x VIA SELLIA,6,0.0,2.0,41.8709,12.6904,16.0
LARGO BEATA TERESA VERZERI x VIA DON CARLO GNOCCHI,1,0.0,3.0,41.9136,12.3946,16.0
RIPA MAMMEA x VIA TIBURTINA,1,0.0,3.0,41.9257,12.5739,16.0
VIA GASPARA STAMPA x VIA NOMENTANA,1,0.0,3.0,41.9446,12.5611,16.0
VIA EMANUELE FILIBERTO x VIA STATILIA,6,0.0,2.0,41.89,12.50915,16.0
LUNGOMARE DUILIO x PIAZZALE MAGELLANO,1,0.0,3.0,41.7258,12.2869,16.0
VIA ACCADEMIA DEGLI AGIATI x VIA CRISTOFORO COLOMBO,1,0.0,3.0,41.8525,12.4882,16.0
VIA CASTELGUIDONE x VIA DI PORTONACCIO,6,0.0,2.0,41.8986,12.5385,16.0
VIA ANTONINO CAMPANOZZI x VIA PIETRO SBARBARO,1,0.0,3.0,41.8975,12.5637,16.0
VIA BRACCIANENSE x VIA QUERO,1,0.0,3.0,42.0337,12.3039,16.0
VIA DEI CERCHI x VIA DI SAN GREGORIO,1,0.0,3.0,41.885,12.4892,16.0
VIA CARLO ARTURO JEMOLO x VIA ENRICO JOVANE,1,0.0,3.0,41.9489,12.5857,16.0
VIA DELLA RISERVA NUOVA x VIA POPOLI,1,0.0,3.0,41.8973,12.6804,16.0
VIA CARLO ALBERTO RACCHIA x VIA TOMMASO GULLI,1,0.0,3.0,41.915,12.4576,16.0
VIALE ANGELICO x VIALE DELLE MILIZIE,6,0.0,2.0,41.9122,12.46025,16.0
VIA PIO IX x VIA SILVESTRO II,6,0.0,2.0,41.90585,12.4234,16.0
VIA CASSIA x VIA S. GIOVANNA ELISABETTA,1,0.0,3.0,41.9583,12.457,16.0
VIA CASILINA x VIA DEL CASALE DEL FINOCCHIO,6,0.0,2.0,41.863,12.65635,16.0
VIA STEFANO MADIA x VIA VITTORIO MEZZOGIORNO,1,0.0,3.0,41.974,12.5329,16.0
VIA DEGLI ETRUSCHI x VIA TIBURTINA,6,0.0,2.0,41.8983,12.5142,16.0
VIA CRISTOFORO COLOMBO x VIA DEL LIDO DI CASTELPORZIANO,1,0.0,3.0,41.8089,12.4536,16.0
CIRCONVALLAZIONE AURELIA x PIAZZA S. GIOVANNI BATTISTA DE LA SALLE,1,0.0,3.0,41.8984,12.4275,16.0
PIAZZA GIUDITTA TAVANI ARQUATI x VIA GUSTAVO MODENA,6,0.0,2.0,41.8901,12.473,16.0
VIA DEGLI ORTI DI CESARE x VIA ETTORE ROLLI,6,0.0,2.0,41.8743,12.4676,16.0
LUNGOTEVERE DEI VALLATI x VIA DEI PETTINARI,1,0.0,3.0,41.8927,12.4713,16.0
VIA DI PIETRALATA x VIA TIBURTINA,6,0.0,2.0,41.91315,12.5559,16.0
VIA DELL'USIGNOLO x VIA PAOLO SAVI,1,0.0,3.0,41.8727,12.6021,16.0
VIA FELICE CORINI x VIA RAOUL CHIODELLI,1,0.0,3.0,41.9064,12.6622,16.0
VIA PALOS x VIALE CRISTOFORO COLOMBO,1,0.0,3.0,41.8669,12.4968,16.0
VIA FABRIZIO LUSCINO x VIA VALERIO PUBLICOLA,1,0.0,3.0,41.8558,12.5561,16.0
VIA GIACOMO DA LENTINI x VIA NOMENTANA,1,0.0,3.0,41.959,12.5736,16.0
VIA DEL CASALONE x VIA DI LUNGHEZZINA,1,0.0,3.0,41.922,12.6771,16.0
VIA GREGORIO VII x VIA ORMISDA,1,0.0,3.0,41.8959,12.4401,16.0
VIA DEGLI SPECCHI x VIA DI S. MARIA IN MONTICELLI,1,0.0,3.0,41.8939,12.4738,16.0
VIALE DELL'UNIVERSITA' x VIALE DELLE SCIENZE,6,0.0,2.0,41.90405,12.511,16.0
VIA BORGHESIANA x VIA TORREGROTTA,6,0.0,2.0,41.8681,12.67455,16.0
VIA CARLO EVANGELISTI x VIA TRIONFALE,1,0.0,3.0,41.9218,12.4477,16.0
PIAZZETTA DEL BEL RESPIRO x VIA LEONE XIII,1,0.0,3.0,41.8869,12.4404,16.0
VIA ARDEATINA x VICOLO DELL'ANNUNZIATELLA,6,0.0,2.0,41.8441,12.51565,16.0
VIA DI TOR TRE TESTE x VIA WALTER TOBAGI,6,0.0,2.0,41.8837,12.593350000000001,16.0
PIAZZALE XXV MARZO 1957 x VIALE DELL'OCEANO PACIFICO,1,0.0,3.0,41.8225,12.4587,16.0
VIA MONTE BIANCO x VIALE PANTELLERIA,6,0.0,2.0,41.9451,12.5292,16.0
VIA ALBERTO FRANCHETTI x VIA ERMANNO WOLF FERRARI,6,0.0,2.0,41.754,12.371,16.0
VIA COLA DI RIENZO x VIA VIRGILIO,1,0.0,3.0,41.908,12.4652,16.0
VIA CRISTOFORO COLOMBO x VIALE DELL'UMANESIMO,11,0.0,1.0,41.8238,12.4645,16.0
VIA DEI DURANTINI x VIA DEI MONTI TIBURTINI,6,0.0,2.0,41.91715,12.543,16.0
VIA DI TOR PIGNATTARA x VIALE DELL'ACQUEDOTTO ALESSANDRINO,1,0.0,3.0,41.8751,12.5414,16.0
VIA DI TOR PAGNOTTA x VIA LAURENTINA,6,0.0,2.0,41.80385,12.4827,16.0
VIA CRISTOFORO COLOMBO x VIALE OCEANIA,1,0.0,3.0,41.8273,12.4657,16.0
VIA DI TORRENOVA x VIA MEROPE,1,0.0,3.0,41.8782,12.6183,16.0
VIA MAIOLATI x VIA RECANATI,1,0.0,3.0,41.9375,12.583,16.0
VIA DELLE CAPANNELLE x VIA TUSCOLANA,6,0.0,2.0,41.84845,12.5754,16.0
VIA CANAZEI x VIA LAUREGNO,1,0.0,3.0,41.7351,12.3807,16.0
VIA DEL FORTE BOCCEA x VIA DI BOCCEA,5,0.0,2.0,41.9149,12.3847,15.0
VIA ROSA GUARNIERI CARDUCCI x VIA ROSA RAIMONDI GARIBALDI,5,0.0,2.0,41.8577,12.491,15.0
VIA DI BOCCEA x VIA GREGORIO XI,5,0.0,2.0,41.9032,12.4217,15.0
VIA DOMENICO FONTANA x VIA EMANUELE FILIBERTO,5,0.0,2.0,41.8881,12.5079,15.0
VIA ACHILLE VERTUNNI x VIA VALERICO LACCETTI,5,0.0,2.0,41.9096,12.613,15.0
VIA ETRURIA x VIA POMEZIA,5,0.0,2.0,41.8794,12.5112,15.0
LUNGOMARE LUTAZIO CATULO x PIAZZALE DELL'AQUILONE,5,0.0,2.0,41.7169,12.3102,15.0
VIA DAMIATA x VIALE GIULIO CESARE,5,0.0,2.0,41.9109,12.4636,15.0
CIRCONVALLAZIONE CASILINA x PIAZZALE PRENESTINO,5,0.0,2.0,41.8911,12.5273,15.0
VIA BERNARDO MINOZZI x VIA ORAZIO BORGIANNI,5,0.0,2.0,41.8697,12.6279,15.0
VIA MILANO x VIA PALERMO,5,0.0,2.0,41.898,12.4914,15.0
VIA FILIPPO MARCHETTI x VIALE ARRIGO BOITO,5,0.0,2.0,41.9368,12.5163,15.0
PIAZZA DEI GIURECONSULTI x VIA DI BOCCEA,5,0.0,2.0,41.902,12.4253,15.0
VIA SAN GIUSTO x VIALE DELLA VENEZIA GIULIA,5,0.0,2.0,41.8971,12.5616,15.0
VIA ARISTIDE CARABELLI x VIA CORRADO DEL GRECO,5,0.0,2.0,41.7387,12.2685,15.0
VIA DEL TRULLO x VIA PORTUENSE,5,0.0,2.0,41.843,12.4368,15.0
VIA CARLO BOSIO x VIA COSTANZO CASANA,5,0.0,2.0,41.7392,12.2722,15.0
PIAZZALE VALERIO MASSIMO x VIA TIBURTINA,5,0.0,2.0,41.9058,12.5221,15.0
VIA MARIO SOLDATI x VIALE CARMELO BENE,5,0.0,2.0,41.9751,12.5337,15.0
VIA DEI GELSI x VIALE PALMIRO TOGLIATTI,5,0.0,2.0,41.8902,12.5739,15.0
VIA DELLA CAMILLUCCIA x VIA STRESA,5,0.0,2.0,41.938,12.4433,15.0
VIA CAPO PORO x VIA FERDINANDO ACTON,5,0.0,2.0,41.7315,12.2919,15.0
VIA DI S. ALESSANDRO x VIA NOMENTANA,5,0.0,2.0,41.959,12.5737,15.0
VIA DI MACCHIA PALOCCO x VIA DI MACCHIA SAPONARA,5,0.0,2.0,41.76815,12.347349999999999,15.0
VIA ANDREA VERGA x VIA CARLO LIVI,5,0.0,2.0,41.9359,12.4186,15.0
VIA DEI GELSI x VIA DELLE BETULLE,5,0.0,2.0,41.889,12.5635,15.0
VIA EMILIO LONGONI x VIA PRENESTINA,10,0.0,1.0,41.89345,12.6041,15.0
VIA CESARE DE LOLLIS x VIA DEI MARRUCINI,5,0.0,2.0,41.9004,12.514,15.0
PIAZZA DELL'INDIPENDENZA x VIA SOLFERINO,5,0.0,2.0,41.9041,12.5018,15.0
LUNGOTEVERE DEI FIORENTINI x PONTE VITTORIO EMANUELE II,10,0.0,1.0,41.9007,12.46485,15.0
VIA FRASSINETO x VIALE DELLE GALLINE BIANCHE,5,0.0,2.0,42.0,12.4865,15.0
LARGO MANLIO GELSOMINI x VIA MARMORATA,5,0.0,2.0,41.8787,12.4791,15.0
VIA DEL SERAFICO x VIA SIMONE MARTINI,5,0.0,2.0,41.8304,12.4882,15.0
LUNGOTEVERE DEI PIERLEONI x VIA DEL FORO OLITORIO,5,0.0,2.0,41.8905,12.4796,15.0
VIA QUINTINO SELLA x VIA SALLUSTIANA,5,0.0,2.0,41.9077,12.4957,15.0
VIA GIOVANNI GIOLITTI x VIALE MANZONI,5,0.0,2.0,41.8943,12.5109,15.0
LARGO GAETANO LA LOGGIA x VIA PORTUENSE,5,0.0,2.0,41.8559,12.4464,15.0
VIA DELLA CECCHIGNOLA x VIA DI CASTEL DI LEVA,5,0.0,2.0,41.7913,12.5087,15.0
VIA MANTOVA x VIA NIZZA,5,0.0,2.0,41.9129,12.5013,15.0
VIA LUCANIA x VIA SICILIA,5,0.0,2.0,41.91,12.4965,15.0
VIA GALVANI x VIA NICOLA ZABAGLIA,4,0.0,2.0,41.8775,12.476,14.0
VIA RODI x VIA TRIONFALE,4,0.0,2.0,41.9124,12.4525,14.0
VIA CASILINA x VIA DEL GRANO,4,0.0,2.0,41.872,12.5764,14.0
PIAZZA DEI NAVIGATORI x VIA CRISTOFORO COLOMBO,4,0.0,2.0,41.860150000000004,12.4984,14.0
VIA SAN MARTINO DELLA BATTAGLIA x VIALE CASTRO PRETORIO,4,0.0,2.0,41.9059,12.50565,14.0
VIA DELLE VIGNE NUOVE x VIA GIOVANNI CONTI,4,0.0,2.0,41.9554,12.5358,14.0
VIA NOMENTANA x VIALE KANT,4,0.0,2.0,41.959,12.5737,14.0
VIA CELINE x VIA LAURENTINA,4,0.0,2.0,41.809,12.48485,14.0
VIA NOMENTANA x VIALE GORIZIA,4,0.0,2.0,41.9185,12.5148,14.0
VIA GALLIA x VIA SATURNIA,4,0.0,2.0,41.8806,12.5064,14.0
VIA ARNO x VIA LITORANEA,4,0.0,2.0,41.802800000000005,12.43765,14.0
VIA DI PORTONACCIO x VIA PRENESTINA,4,0.0,2.0,41.8927,12.54195,14.0
VIA TUSCOLANA x VIALE MARCO FULVIO NOBILIORE,4,0.0,2.0,41.8567,12.5627,14.0
VIA DEGLI ANGELI x VIA DI TOR PIGNATTARA,4,0.0,2.0,41.8742,12.5412,14.0
PIAZZALE DEI CADUTI DELLA MONTAGNOLA x VIALE PICO DELLA MIRANDOLA,4,0.0,2.0,41.8449,12.4841,14.0
VIA CASILINA x VIA DI TOR PIGNATTARA,4,0.0,2.0,41.88015,12.5422,14.0
VIA DEL MARE x VIA DI CASTEL FUSANO,9,0.0,1.0,41.7593,12.3046,14.0
VIA DI CASAL DEI PAZZI x VIA TIBURTINA,4,0.0,2.0,41.92445,12.5712,14.0
VIA DEGLI ALDOBRANDESCHI x VIA DI VILLA TROILI,4,0.0,2.0,41.8791,12.3987,14.0
VIA DEL PONTE DELLE SETTE MIGLIA x VIA FRANCESCO DI BENEDETTO,4,0.0,2.0,41.8386,12.6014,14.0
PIAZZALE CLODIO x VIA DARDANELLI,4,0.0,2.0,41.9167,12.4549,14.0
VIA GIACOMO PUCCINI x VIA PINCIANA,4,0.0,2.0,41.9118,12.4926,14.0
VIA MARCO VALERIO CORVO x VIALE GIULIO AGRICOLA,4,0.0,2.0,41.8558,12.5615,14.0
VIA DEI GELSI x VIALE DELLA PRIMAVERA,4,0.0,2.0,41.8878,12.5614,14.0
VIALE CAMILLO SABATINI x VIALE ROMUALDO CHIESA,4,0.0,2.0,41.8194,12.44175,14.0
PIAZZA PIO XI x VIA LEONE XIII,4,0.0,2.0,41.8939,12.43795,14.0
VIA AURELIA ANTICA x VIA GIUSEPPE SPINA,4,0.0,2.0,41.8889,12.4408,14.0
VIA DELLA CONSOLATA x VIA DI BRAVETTA,4,0.0,2.0,41.8762,12.4257,14.0
VIA GERMANICO x VIA PAOLO EMILIO,4,0.0,2.0,41.9091,12.4634,14.0
VIA DEI MARRUCINI x VIA DEI RAMNI,4,0.0,2.0,41.89975,12.51265,14.0
VIA AURELIA x VIA DI PORTA PERTUSA,4,0.0,2.0,41.8936,12.42325,14.0
VIA CASSIA x VIA MANFREDI AZZARITA,4,0.0,2.0,41.972899999999996,12.42995,14.0
PIAZZA DEI CINQUECENTO x VIALE ENRICO DE NICOLA,4,0.0,2.0,41.90205,12.499649999999999,14.0
VIA ANTONIO PACINOTTI x VIA GIOVANNI VOLPATO,4,0.0,2.0,41.871,12.4675,14.0
VIA GIUSEPPE FIORELLI x VIALE DEI ROMAGNOLI,4,0.0,2.0,41.7739,12.33535,14.0
VIA TOR DE' SCHIAVI x VIA VEROLI,4,0.0,2.0,41.892,12.5599,14.0
VIA CAVRIGLIA x VIA DEI PRATI FISCALI,4,0.0,2.0,41.94625,12.51675,14.0
VIA DEL CALICE x VIA DELLE CAPANNELLE,4,0.0,2.0,41.8289,12.56595,14.0
VIA STANFORD x VIALE DELLA SORBONA,4,0.0,2.0,41.85315,12.608350000000002,14.0
VIA ALESSIO BALDOVINETTI x VIALE DEL TINTORETTO,4,0.0,2.0,41.83284999999999,12.49475,14.0
VIA ARDEATINA x VIA DI GROTTA PERFETTA,4,0.0,2.0,41.8294,12.5181,14.0
VIA AURELIA x VIA NICOLA LOMBARDI,4,0.0,2.0,41.89515,12.41755,14.0
VIA DEI PANFILI x VIA DELLE GONDOLE,4,0.0,2.0,41.7354,12.2766,14.0
VIA CALISTO II x VIA DELLA PINETA SACCHETTI,4,0.0,2.0,41.91755,12.4245,14.0
VIA AGOSTINO CHIGI x VIA DI CASTEL FUSANO,4,0.0,2.0,41.7523,12.30845,14.0
VIA MONTE ROCCHETTA x VIALE JONIO,4,0.0,2.0,41.9442,12.5361,14.0
VIA AVOLA x VIA PRENESTINA,4,0.0,2.0,41.891549999999995,12.6579,14.0
VIA DI BOCCEA x VIA DI CASAL DEL MARMO,4,0.0,2.0,41.92855,12.386849999999999,14.0
PIAZZA BARTOLOMEO ROMANO x VIA LUIGI FINCATI,4,0.0,2.0,41.8629,12.4852,14.0
PIAZZA DELLE CINQUE GIORNATE x VIA LUIGI SETTEMBRINI,4,0.0,2.0,41.91475,12.4677,14.0
VIA ADRIANO OLIVETTI x VIA DI SALONE,4,0.0,2.0,41.9314,12.62665,14.0
VIA ALESSANDRO VII x VIA DI S. CLETO PAPA,4,0.0,2.0,41.9226,12.4229,14.0
VIA DEI PRATI FISCALI x VIA SALARIA,4,0.0,2.0,41.9667,12.5115,14.0
VIA CASSIA x VIA DI GROTTAROSSA,4,0.0,2.0,41.97185,12.4343,14.0
VIALE DELL'ARCHIGINNASIO x VIALE PIETRO GISMONDI,4,0.0,2.0,41.85325,12.632750000000001,14.0
VIA FRANCO MEZZADRA x VIALE VASCO DE GAMA,4,0.0,2.0,41.7346,12.2745,14.0
VIA EDOARDO JENNER x VIA GIOVANNI TORRECREMATA,4,0.0,2.0,41.8724,12.4447,14.0
VIA MONTE DEL FINOCCHIO x VIALE EGEO,4,0.0,2.0,41.8325,12.457,14.0
VIA DEI DUE PONTI x VIA VITO SINISI,4,0.0,2.0,41.9656,12.4617,14.0
VIA CLELIA x VIA MUZIO SCEVOLA,4,0.0,2.0,41.8748,12.5268,14.0
VIA PINDARO x VIA SENOFANE,3,0.0,2.0,41.757,12.3669,13.0
VIA DEI PLATANI x VIA DELLE GIUNCHIGLIE,3,0.0,2.0,41.8812,12.5651,13.0
VIA CASILINA x VIA LICATA,3,0.0,2.0,41.8641,12.6662,13.0
VIA CRISTOFORO COLOMBO x VIALE ASIA,3,0.0,2.0,41.8321,12.4695,13.0
VIA CHIANA x VIA FUCINO,3,0.0,2.0,41.9209,12.5074,13.0
VIA ACHILLE VERTUNNI x VIA COLLATINA,3,0.0,2.0,41.9043,12.6151,13.0
VIA CARLO MARENCO DI MORIONDO x VIA ISOLE DEL CAPO VERDE,3,0.0,2.0,41.7379,12.2744,13.0
VIA ACQUI x VIA IVREA,3,0.0,2.0,41.8768,12.5164,13.0
CORSO TRIESTE x VIALE GORIZIA,3,0.0,2.0,41.9208,12.5094,13.0
VIA CATERINA TROIANI x VIA DI DECIMA,3,0.0,2.0,41.8132,12.4529,13.0
PIAZZA UNGHERIA x VIALE ROMANIA,3,0.0,2.0,41.9224,12.4926,13.0
VIA ALESSANDRO TORLONIA x VIA GIOVANNI BATTISTA DE ROSSI,3,0.0,2.0,41.9152,12.513,13.0
VIA DI NOVELLA x VIA DI TRASONE,3,0.0,2.0,41.9299,12.5112,13.0
VIA DEL FOSSO DELL'OSA x VIA DI LUNGHEZZA,3,0.0,2.0,41.923,12.672,13.0
VIA CANDIA x VIA LEONE IV,3,0.0,2.0,41.9087,12.4553,13.0
PIAZZALE JONIO x VIALE JONIO,3,0.0,2.0,41.9456,12.5261,13.0
VIA COGOLETO x VIA TAGGIA,3,0.0,2.0,41.9309,12.422,13.0
VIA TORCEGNO x VIALE DI CASTEL PORZIANO,3,0.0,2.0,41.730000000000004,12.3506,13.0
VIA FEDERICO DELPINO x VIA TOR DE' SCHIAVI,3,0.0,2.0,41.8907,12.5607,13.0
VIA CARLO LIVI x VIA DI TORREVECCHIA,3,0.0,2.0,41.9345,12.4204,13.0
CIRCONVALLAZIONE CASILINA x VIA LUIGI FILIPPO DE MAGISTRIS,3,0.0,2.0,41.8876,12.5275,13.0
VIA PAPIRIA x VIALE MARCO FULVIO NOBILIORE,3,0.0,2.0,41.8625,12.5667,13.0
VIA ENEA x VIA MUZIO SCEVOLA,3,0.0,2.0,41.8742,12.5276,13.0
VIA CASILINA x VIA VIZZINI,3,0.0,2.0,41.8628,12.6819,13.0
VIALE GIUSTINIANO IMPERATORE x VIALE LEONARDO DA VINCI,3,0.0,2.0,41.8564,12.4809,13.0
PIAZZALE CRISTOFORO COLOMBO x VIALE CRISTOFORO COLOMBO,3,0.0,2.0,41.7157,12.319,13.0
VIA CASILINA x VIA DI FONTANA CANDIDA,3,0.0,2.0,41.8627,12.6869,13.0
VIALE CAPITAN CONSALVO x VIALE VASCO DE GAMA,3,0.0,2.0,41.7346,12.2745,13.0
BORGO ANGELICO x VIA DEL MASCHERINO,3,0.0,2.0,41.9053,12.4589,13.0
VIA RUBELLIA x VIA TIBURTINA,3,0.0,2.0,41.9384,12.6238,13.0
PIAZZA MASSA CARRARA x VIA DELLA MARSICA,3,0.0,2.0,41.9178,12.5253,13.0
VIA DI SELVA CANDIDA x VIA GREZZAGO,3,0.0,2.0,41.9386,12.3785,13.0
VIA DELLA BATTERIA DI PORTA FURBA x VIA DI PORTA FURBA,3,0.0,2.0,41.8715,12.5406,13.0
VIA DI DECIMA x VIALE CAMILLO SABATINI,3,0.0,2.0,41.8209,12.4436,13.0
VIA PLINIO x VIA VIRGILIO,3,0.0,2.0,41.9073,12.4654,13.0
PIAZZA MANFREDO FANTI x VIA RATTAZZI,3,0.0,2.0,41.8976,12.5024,13.0
VIA D'AZEGLIO x VIA GIOVANNI AMENDOLA,3,0.0,2.0,41.9008,12.4984,13.0
VIA DI CASAL BOCCONE x VIA NOMENTANA,3,0.0,2.0,41.9577,12.5658,13.0
VIA ANTONIO BERTOLONI x VIALE GIOACCHINO ROSSINI,3,0.0,2.0,41.9209,12.4917,13.0
VIA GIOVANNI BRANCA x VIA MARMORATA,3,0.0,2.0,41.8807,12.4775,13.0
VIA ANDREA BARBATO x VIA TORRESINA,3,0.0,2.0,41.9308,12.4019,13.0
VIA GIAN FRANCESCO MALIPIERO x VIA MAURICE RAVEL,3,0.0,2.0,41.7509,12.3702,13.0
VIA DI VALLE MURICANA x VIA PEDRENGO,3,0.0,2.0,42.0281,12.4677,13.0
VIA DI VALLE MELAINA x VIA GIOVANNI FALDELLA,3,0.0,2.0,41.9488,12.5258,13.0
VIA DELLE SIRENE x VIALE VASCO DE GAMA,3,0.0,2.0,41.7346,12.2745,13.0
VIA FRANCESCO CARACCIOLO x VIA VITTOR PISANI,3,0.0,2.0,41.9081,12.4493,13.0
VIA GIOVANNI GAETANO BOTTARI x VIA TRIONFALE,3,0.0,2.0,41.9602,12.411,13.0
VIA DI TOR BELLA MONACA x VIA DI TORRENOVA,3,0.0,2.0,41.8848,12.6195,13.0
VIA TERNI x VIA VOLTERRA,3,0.0,2.0,41.8851,12.5201,13.0
VIA DELLA BUFALOTTA x VIA VILLA DI FAONTE,3,0.0,2.0,41.9676,12.5499,13.0
VIA CORRADO ALVARO x VIA RENATO FUCINI,3,0.0,2.0,41.9497,12.5496,13.0
VIA PALESTRO x VIA VICENZA,3,0.0,2.0,41.9044,12.5049,13.0
LUNGOTEVERE DELLE ARMI x PIAZZA MONTE GRAPPA,3,0.0,2.0,41.9159,12.4696,13.0
VIA DELLA MAGLIANA x VIA LUIGI CANDONI,3,0.0,2.0,41.8317,12.4196,13.0
VIA ANASTASIO II x VIA DEI SAVORELLI,3,0.0,2.0,41.8999,12.4425,13.0
VIA VALERIA RUFINA x VIALE DI TOR MARANCIA,3,0.0,2.0,41.8552,12.4975,13.0
VIA DEL FORTE BOCCEA x VIA MARTINO V,3,0.0,2.0,41.9057,12.4218,13.0
PIAZZA DEI GERANI x VIA DEI CASTANI,3,0.0,2.0,41.8853,12.567,13.0
VIA CARLO BONUCCI x VIA GIUSEPPE LUGLI,3,0.0,2.0,41.7743,12.3086,13.0
VIA ANDREA CATRANI x VIA CAMILLO DA ALBINO,3,0.0,2.0,41.784,12.3529,13.0
LARGO CAMERANO x VIA CORINALDO,3,0.0,2.0,41.938,12.5857,13.0
VIA DEI CASTANI x VIA DELLE ACACIE,3,0.0,2.0,41.8877,12.5657,13.0
CIRCONVALLAZIONE GIANICOLENSE x VIALE DI TRASTEVERE,3,0.0,2.0,41.8817,12.4679,13.0
VIA DELLE SETTE CHIESE x VIA DI S. PETRONILLA,3,0.0,2.0,41.8595,12.5006,13.0
VIALE CESARE PAVESE x VIALE OCEANO ATLANTICO,3,0.0,2.0,41.8202,12.4716,13.0
VIALE BEETHOVEN x VIALE DELLA CIVILTA' DEL LAVORO,3,0.0,2.0,41.8358,12.4682,13.0
PIAZZA DI PORTA CAPENA x VIA DEI CERCHI,3,0.0,2.0,41.8842,12.4895,13.0
PIAZZA VENEZIA x VIA DEL PLEBISCITO,3,0.0,2.0,41.8966,12.482,13.0
PIAZZETTA DEL BEL RESPIRO x VIA VITELLIA,3,0.0,2.0,41.8795,12.4411,13.0
LUNGOTEVERE GRANDE A.GLIO THAON DI REVEL x PONTE DUCA D'AOSTA,3,0.0,2.0,41.9306,12.4623,13.0
VIA TEMBIEN x VIALE ETIOPIA,3,0.0,2.0,41.9298,12.5259,13.0
VIA BRACCIANENSE x VIA DELLA STAZIONE DI CESANO,3,0.0,2.0,42.0132,12.3653,13.0
LARGO TRIONFALE x VIA LEONE IV,3,0.0,2.0,41.9104,12.4549,13.0
VIA CRISTOFORO COLOMBO x VIA OROPA,3,0.0,2.0,41.8476,12.4808,13.0
VIA SALVATORE QUASIMODO x VIA VITALIANO BRANCATI,3,0.0,2.0,41.8153,12.4688,13.0
PIAZZA RICCARDO BALSAMO CRIVELLI x VIA RICCARDO ZAMPIERI,3,0.0,2.0,41.905,12.5487,13.0
PIAZZA DI PORTA METRONIA x VIA DELL'AMBA ARADAM,3,0.0,2.0,41.884100000000004,12.5003,13.0
CIRCONVALLAZIONE CORNELIA x LARGO ALESSANDRO CARAVILLANI,3,0.0,2.0,41.902,12.4259,13.0
VIA BUCCARI x VIA DELLA GIULIANA,3,0.0,2.0,41.9133,12.4542,13.0
VIA DELLA PINETA SACCHETTI x VIA EMMA PERODI,3,0.0,2.0,41.9285,12.4265,13.0
VIA NOMENTANA x VIALE DEL POGGIO FIORITO,3,0.0,2.0,41.959,12.5737,13.0
LUNGOTEVERE MARESCIALLO CADORNA x VIA ROBERTO MORRA DI LAVRIANO,3,0.0,2.0,41.9264,12.4584,13.0
VIA ARDEATINA x VIA DI TOR CARBONE,3,0.0,2.0,41.827,12.5186,13.0
VIA DEL CAMPO x VIALE ALESSANDRINO,3,0.0,2.0,41.8773,12.5786,13.0
VIA NOMENTANA x VIA VAL D'AOSTA,3,0.0,2.0,41.959,12.5737,13.0
VIA VICO VIGANO' x VIALE DUILIO CAMBELLOTTI,3,0.0,2.0,41.8674,12.6297,13.0
VIA CAPRAIA x VIA DELLE ISOLE CURZOLANE,3,0.0,2.0,41.9487,12.5348,13.0
VIA BORGHESIANA x VIA DAVOLI,3,0.0,2.0,41.87455,12.67235,13.0
LUNGOTEVERE DELLE NAVI x PONTE GIACOMO MATTEOTTI,3,0.0,2.0,41.9166,12.4716,13.0
PIAZZALE OSTIENSE x VIA RAFFAELE PERSICHETTI,3,0.0,2.0,41.8766,12.4812,13.0
VIA BONCOMPAGNI x VIA PIEMONTE,3,0.0,2.0,41.90835,12.493549999999999,13.0
VIA RAFFAELLO GIOVAGNOLI x VIALE DEI QUATTRO VENTI,3,0.0,2.0,41.8796,12.4585,13.0
VIA ALGAJOLA x VIA DELLA STELLA POLARE,3,0.0,2.0,41.7263,12.2922,13.0
CORSO SEMPIONE x VIALE TIRRENO,3,0.0,2.0,41.9354,12.5342,13.0
VIA TEMISTOCLE CALZECCHI ONESTI x VIA TULLIO LEVI CIVITA,3,0.0,2.0,41.8571,12.4738,13.0
VIA AURELIA x VIA GIUSEPPE VANNI,3,0.0,2.0,41.8861,12.4012,13.0
VIA DI ACQUA BULLICANTE x VIA LUCHINO DAL VERME,3,0.0,2.0,41.8888,12.5425,13.0
VIA CASSIODORO x VIA ORAZIO,3,0.0,2.0,41.9062,12.4666,13.0
VIA DEL FORO OLITORIO x VIA DEL TEATRO DI MARCELLO,3,0.0,2.0,41.8909,12.4806,13.0
VIA DI PORTA MEDAGLIA x VIA DI TORRE S. ANASTASIA,3,0.0,2.0,41.7568,12.5284,13.0
PIAZZA VITTORIO EMANUELE II x VIA MAMIANI,3,0.0,2.0,41.8954,12.5044,13.0
VIALE DELL'ARTE x VIALE DELLA CIVILTA' ROMANA,3,0.0,2.0,41.8323,12.4767,13.0
CIRCONVALLAZIONE GIANICOLENSE x VIA S. GIROLAMO EMILIANI,3,0.0,2.0,41.8725,12.4496,13.0
VIA ANTONIO SERRA x VIA FLAMINIA,3,0.0,2.0,41.9419,12.4718,13.0
VIA DEI PRATI FISCALI x VIA VAL DI SANGRO,3,0.0,2.0,41.9461,12.5165,13.0
VIA ANTONIO PANIZZI x VIA DI CASAL DEL MARMO,3,0.0,2.0,41.9569,12.401,13.0
VIA MARZIALE x VIALE DELLE MEDAGLIE D'ORO,3,0.0,2.0,41.9119,12.4436,13.0
LUNGOTEVERE DI S. PAOLO x PIAZZALE TOMMASO EDISON,3,0.0,2.0,41.8589,12.4714,13.0
VIA TARQUINIO COLLATINO x VIALE MARCO FULVIO NOBILIORE,3,0.0,2.0,41.8608,12.5659,13.0
VIA D'ARACOELI x VIA DI S. MARCO,3,0.0,2.0,41.895,12.4802,13.0
PIAZZA VITTORIO EMANUELE II x VIA DELLO STATUTO,3,0.0,2.0,41.8951,12.5048,13.0
VIA BONVESIN DE LA RIVA x VIA NOMENTANA,3,0.0,2.0,41.959,12.5737,13.0
VIA ARIODANTE FABRETTI x VIA RAVENNA,3,0.0,2.0,41.9133,12.517,13.0
VIA CASSIA x VIA GIULIO GALLI,3,0.0,2.0,41.9828,12.4137,13.0
VIA CICERONE x VIA VALADIER,2,0.0,2.0,41.90755,12.468399999999999,12.0
LARGO ANDREA BERARDI x VIA BIAGIO PETROCELLI,2,0.0,2.0,41.8411,12.610050000000001,12.0
VIA DELL'EDERA x VIALE PALMIRO TOGLIATTI,2,0.0,2.0,41.8747,12.57055,12.0
VIA DELL'ARCHEOLOGIA x VIALE PIETRO ANDERLONI,2,0.0,2.0,41.8775,12.629999999999999,12.0
VIA ANDREA DORIA x VIA MOCENIGO,2,0.0,2.0,41.9096,12.451550000000001,12.0
VIA AUGUSTO VERA x VIALE PICO DELLA MIRANDOLA,2,0.0,2.0,41.84615,12.48605,12.0
VIA DI CASTEL DI LEVA x VIA DI TOR CHIESACCIA,2,0.0,2.0,41.7876,12.515699999999999,12.0
VIA AURELIA ANTICA x VIA DELLE FORNACI,2,0.0,2.0,41.8902,12.435,12.0
VIA CIPRO x VIALE DEGLI AMMIRAGLI,7,0.0,1.0,41.9054,12.4449,12.0
VIA AURELIA x VIA DI PORTA CAVALLEGGERI,2,0.0,2.0,41.89105,12.344,12.0
VIA ALBERTO DA GIUSSANO x VIA AMICO DA VENAFRO,2,0.0,2.0,41.8913,12.53435,12.0
VIA DI GROTTA PERFETTA x VIA GIUSEPPE BERTO,2,0.0,2.0,41.8416,12.4983,12.0
VIA FRANCESCO SAVERIO SPROVIERI x VIA GIACINTO CARINI,2,0.0,2.0,41.88395,12.4604,12.0
VIALE LINA CAVALIERI x VIALE TITINA DE FILIPPO,2,0.0,2.0,41.9651,12.5158,12.0
VIA FRATELLI BONNET x VIA GIACINTO CARINI,2,0.0,2.0,41.8852,12.4605,12.0
VIA AUGUSTO DULCERI x VIA ISIDORO DI CARACE,2,0.0,2.0,41.884,12.5381,12.0
VIA COLLATINA x VIA GIORGIO PERLASCA,2,0.0,2.0,41.903549999999996,12.590150000000001,12.0
CIRCONVALLAZIONE TUSCOLANA x VIA CAIO CANULEIO,2,0.0,2.0,41.8494,12.56555,12.0
VIA ARCHIANO x VIA BENACO,2,0.0,2.0,41.92425,12.5064,12.0
VIA DELLA PISANA x VIA DI BRAVA,7,0.0,1.0,41.8577,12.389,12.0
VIA ARDEATINA x VIA DELLE CORNACCHIOLE,2,0.0,2.0,41.80305,12.54045,12.0
VIA CLAUDIO TRUFFI x VIA COLLATINA,2,0.0,2.0,41.90415,12.5914,12.0
VIA ANTONIO GALTAROSSA x VIA CASILINA,2,0.0,2.0,41.862750000000005,12.62025,12.0
VIA DI S. ALESSANDRO x VIALE DELLA TORRE DI PRATOLUNGO,2,0.0,2.0,41.946,12.60385,12.0
VIA ALFONSO ALBERGHETTI x VIA DOMENICO BECCAFUMI,2,0.0,2.0,41.8672,12.62415,12.0
VIALE DELL'OCEANO PACIFICO x VIALE DELLA GRANDE MURAGLIA,2,0.0,2.0,41.823449999999994,12.457799999999999,12.0
VIA DI TORREVECCHIA x VIA GIUSEPPE GIROLAMI,2,0.0,2.0,41.9234,12.4123,12.0
CIRCONVALLAZIONE TUSCOLANA x PIAZZA DI CINECITTA',2,0.0,2.0,41.85235,12.5698,12.0
VIA AJACCIO x VIALE GORIZIA,2,0.0,2.0,41.9202,12.5107,12.0
VIA DI PRISCILLA x VIA MONTE DELLE GIOIE,2,0.0,2.0,41.9314,12.5113,12.0
VIA COLLEPARDO x VIA DELL'ARCO DI TRAVERTINO,2,0.0,2.0,41.8671,12.53585,12.0
VIA ARDEATINA x VIA VILLARICCA,2,0.0,2.0,41.8131,12.5255,12.0
VIA DI ACQUA BULLICANTE x VIA VISCONTE MAGGIOLO,2,0.0,2.0,41.882999999999996,12.54325,12.0
VIA CESARE BARONIO x VIA LATINA,7,0.0,1.0,41.8714,12.5184,12.0
VIA DUCCIO GALIMBERTI x VIA ELIO DONATO,2,0.0,2.0,41.9136,12.44275,12.0
VIA CESARE CASTIGLIONI x VIA DI TORREVECCHIA,2,0.0,2.0,41.93,12.41775,12.0
VIA APPIA NUOVA x VIA DEL CASALE DELLA SERGETTA,2,0.0,2.0,41.8201,12.56705,12.0
VIA DELLE ANCORE x VIA ENEA PICCHIO,2,0.0,2.0,41.7379,12.2528,12.0
VIA DELLA VERBENA x VIA GIOVANNI LEONARDI,2,0.0,2.0,41.78645,12.36085,12.0
VIA DELLE VIGNE x VIA DI VIGNA GIRELLI,2,0.0,2.0,41.8404,12.422,12.0
VIA DI ACILIA x VIA FRANCESCO MENZIO,2,0.0,2.0,41.7737,12.3714,12.0
VIA ALESSANDRO PIOLA CASELLI x VIA CAPO PALINURO,2,0.0,2.0,41.7367,12.286950000000001,12.0
VIA APPIA NUOVA x VIALE FURIO CAMILLO,2,0.0,2.0,41.87475,12.52315,12.0
VIA DI ACQUA BULLICANTE x VIA GIUSEPPE DALLA VEDOVA,2,0.0,2.0,41.8864,12.5432,12.0
VIA DOMENICO BAFFIGO x VIALE DEL SOMMERGIBILE,2,0.0,2.0,41.73755,12.26015,12.0
VIA DI S. ROMANO x VIA TANCREDI CARTELLA,2,0.0,2.0,41.9066,12.53795,12.0
VIA ALESSANDRO SANTINI x VIA DEL CASALE LUMBROSO,2,0.0,2.0,41.872150000000005,12.35895,12.0
VIA DI TORREVECCHIA x VIA VINCENZO VIARA DE RICCI,2,0.0,2.0,41.9264,12.41525,12.0
VIA AGLIANA x VIA COMANO,2,0.0,2.0,41.95675,12.5167,12.0
VIA DI ACQUA BULLICANTE x VIA FORMIA,2,0.0,2.0,41.886,12.5434,12.0
VIA CHERSO x VIA COLLATINA,2,0.0,2.0,41.8963,12.5628,12.0
VIA ETTORE PALADINI x VIA NICOLA PELLATI,2,0.0,2.0,41.8639,12.4597,12.0
VIA CIRO DA URBINO x VIA DI TOR PIGNATTARA,2,0.0,2.0,41.87805,12.54185,12.0
PIAZZALE VENTICINQUE MARZO 1957 x VIA CRISTOFORO COLOMBO,2,0.0,2.0,41.81855,12.463000000000001,12.0
CIRCONVALLAZIONE AURELIA x VIA GIUSEPPE PALOMBINI,2,0.0,2.0,41.89685,12.42845,12.0
CORSO VITTORIO EMANUELE II x VIA CERRI,2,0.0,2.0,41.89735,12.470600000000001,12.0
VIA AMBROGIO SANSEDONI x VIA CARLO CASINI,2,0.0,2.0,41.7817,12.33775,12.0
VIA CORINALDO x VIA PIEVEBOVIGLIANA,2,0.0,2.0,41.9394,12.587,12.0
PIAZZALE DELLE GARDENIE x VIA TOR DE' SCHIAVI,2,0.0,2.0,41.885400000000004,12.562850000000001,12.0
PIAZZALE DELLE BELLE ARTI x PONTE DEL RISORGIMENTO,2,0.0,2.0,41.91875,12.47165,12.0
VIA ATANASIO SOLDATI x VIA OSVALDO LICINI,2,0.0,2.0,41.90945000000001,12.617,12.0
VIA DI TOR PIGNATTARA x VIA PIETRO ROVETTI,2,0.0,2.0,41.8781,12.5419,12.0
CIRCONVALLAZIONE APPIA x VIA NUMANZIA,2,0.0,2.0,41.87435,12.5116,12.0
VIA ATIMETO x VIA ERODE ATTICO,2,0.0,2.0,41.8393,12.5437,12.0
VIA COLA DI RIENZO x VIA SILLA,2,0.0,2.0,41.907399999999996,12.46275,12.0
VIA ATRIPALDA x VIA DI ACQUA BULLICANTE,2,0.0,2.0,41.88355,12.5434,12.0
VIA ATTILIO FRIGGERI x VIA GIUSEPPE ROSSO,2,0.0,2.0,41.9194,12.4399,12.0
VIA AMERIGO VESPUCCI x VIA GUSTAVO BIANCHI,2,0.0,2.0,41.8809,12.4743,12.0
VIA DELLE TRE CANNELLE x VIA QUATTRO NOVEMBRE,2,0.0,2.0,41.896699999999996,12.48535,12.0
VIA DELLA CASETTA MATTEI x VIA PORTUENSE,2,0.0,2.0,41.8469,12.414,12.0
VIA CASTRUCCIO CASTRACANE x VIA DEL PIGNETO,2,0.0,2.0,41.8882,12.52975,12.0
VIA CORFINIO x VIA MAGNAGRECIA,2,0.0,2.0,41.8836,12.50895,12.0
VIA DI BRAVETTA x VIA SILVESTRI,2,0.0,2.0,41.8762,12.4257,12.0
VIA ANNIA REGILLA x VIA APPIA PIGNATELLI,2,0.0,2.0,41.8396,12.54575,12.0
VIA DI BOCCEA x VIA SORISO,2,0.0,2.0,41.90265,12.409099999999999,12.0
VIA AREZZO x VIA PADOVA,2,0.0,2.0,41.9113,12.518799999999999,12.0
VIA DI TORREVECCHIA x VIA FELICE LAZZARINO,2,0.0,2.0,41.918099999999995,12.4082,12.0
VIA CONCA D'ORO x VIA VAL DI SANGRO,2,0.0,2.0,41.944050000000004,12.518550000000001,12.0
PIAZZALE OSTIENSE x VIALE GIOTTO,2,0.0,2.0,41.8767,12.482,12.0
CORSO TRIESTE x VIA CHIANA,2,0.0,2.0,41.920249999999996,12.5091,12.0
PIAZZALE ENRICO DUNANT x VIA LAURA MANTEGAZZA,2,0.0,2.0,41.87195,12.45745,12.0
VIA ALESSANDRO FLEMING x VIA PIETRO LUPI,2,0.0,2.0,41.938,12.472100000000001,12.0
VIA DI CAMPO ROMANO x VIA TUSCOLANA,2,0.0,2.0,41.83195,12.61655,12.0
VIA DI TORREVECCHIA x VIA DIANO MARINA,2,0.0,2.0,41.92655,12.415099999999999,12.0
VIA VAL DI CHIENTI x VIALE VAL PADANA,2,0.0,2.0,41.9428,12.5231,12.0
VIA CAVARENO x VIA DOBBIACO,2,0.0,2.0,41.73145,12.380700000000001,12.0
CORSO VITTORIO EMANUELE II x PIAZZA DI S. ANDREA DELLA VALLE,2,0.0,2.0,41.8965,12.4742,12.0
VIA CAVOUR x VIA GIOVANNI AMENDOLA,2,0.0,2.0,41.899699999999996,12.498750000000001,12.0
VIA DI TORREVECCHIA x VIA PIETRO ADAMI,2,0.0,2.0,41.9274,12.41605,12.0
VIA FRATELLI BONNET x VIALE DELLE MURA GIANICOLENSI,2,0.0,2.0,41.8854,12.461,12.0
VIA BONCOMPAGNI x VIA VITTORIO VENETO,2,0.0,2.0,41.90625,12.48995,12.0
VIA DEL FORO ITALICO x VIALE DELLA MOSCHEA,2,0.0,2.0,41.94029999999999,12.497150000000001,12.0
VIA CARL ORFF x VIA FRANCESCO CILEA,2,0.0,2.0,41.74565,12.37515,12.0
VIA DEL CORVIO x VIA DI FONTANA CANDIDA,2,0.0,2.0,41.84935,12.6965,12.0
VIA CASILINA x VIA LETOIANNI,2,0.0,2.0,41.86325,12.6579,12.0
VIA DEI CORAZZIERI x VIA LAURENTINA,2,0.0,2.0,41.8164,12.4827,12.0
VIA MONTE CATINACCIO x VIA MONTE MASSICO,2,0.0,2.0,41.9516,12.5326,12.0
PIAZZA ENNIO x VIA MASSIMI,2,0.0,2.0,41.9263,12.4464,12.0
VIA MOLFETTA x VIALE ALESSANDRINO,2,0.0,2.0,41.89,12.5764,12.0
VIA MONZA x VIA TERNI,2,0.0,2.0,41.8854,12.5153,12.0
VIA MIRABELLA ECLANO x VIALE NUSCO,2,0.0,2.0,41.8917,12.6307,12.0
VIA GIUSEPPE TAVERNA x VIA TRIONFALE,2,0.0,2.0,41.938900000000004,12.427900000000001,12.0
PIAZZA EDOARDO PERSICO x VIA ALBERTO BERGAMINI,2,0.0,2.0,41.90635,12.5591,12.0
VIA MILANO x VIA PANISPERNA,2,0.0,2.0,41.8968,12.4927,12.0
VIA CAPRESE x VIA DELLA MAGLIANA,2,0.0,2.0,41.8317,12.4196,12.0
VIA METAURO x VIALE REGINA MARGHERITA,2,0.0,2.0,41.91645,12.5024,12.0
VIA DEL CASTRO LAURENZIANO x VIALE DELL'UNIVERSITA',2,0.0,2.0,41.904650000000004,12.515049999999999,12.0
VIA SANTAMAURA x VIALE VATICANO,2,0.0,2.0,41.907250000000005,12.4543,12.0
VIA CASSIA x VIA ITALO PICCAGLI,2,0.0,2.0,41.98295,12.41305,12.0
VIA CARLO FADDA x VIALE PALMIRO TOGLIATTI,2,0.0,2.0,41.8762,12.570699999999999,12.0
VIA GIOVANNI ZANARDINI x VIALE KANT,2,0.0,2.0,41.9367,12.55315,12.0
LUNGOTEVERE GRANDE A.GLIO THAON DI REVEL x VIA MARTINO LONGHI,2,0.0,2.0,41.932500000000005,12.46415,12.0
VIA GIOVANNI PAOLO PANNINI x VIALE PINTURICCHIO,2,0.0,2.0,41.928200000000004,12.4633,12.0
LUNGOTEVERE IN SASSIA x PIAZZA DELLA ROVERE,2,0.0,2.0,41.89945,12.46275,12.0
VIA PRENESTINA x VIALE GIOVANNI BATTISTA VALENTE,2,0.0,2.0,41.89505,12.5667,12.0
VIA NOMENTANA x VIA VAL CHISONE,2,0.0,2.0,41.959,12.5737,12.0
VIA PRENESTINA x VIALE RONCHI,2,0.0,2.0,41.89365,12.54825,12.0
VIA QUINTO PUBLICIO x VIA VINCENZO LAMARO,2,0.0,2.0,41.8561,12.57545,12.0
VIA CARLO CASINI x VIA FELICE DA MONTECCHIO,2,0.0,2.0,41.78315,12.3369,12.0
PIAZZA ACILIA x VIA NEMORENSE,2,0.0,2.0,41.9289,12.5124,12.0
LUNGOTEVERE RAFFAELLO SANZIO x PIAZZA GIUSEPPE GIOACHINO BELLI,2,0.0,2.0,41.890550000000005,12.47325,12.0
VIA RAFFAELE DE CESARE x VIA TOMMASO FORTIFIOCCA,2,0.0,2.0,41.87175,12.521650000000001,12.0
VIA CASILINA x VIA GIOVANNI CAMILLO PERESIO,7,0.0,1.0,41.869,12.5853,12.0
LUNGOTEVERE VATICANO x VIA S. PIO X,2,0.0,2.0,41.901700000000005,12.463650000000001,12.0
VIA GIUSEPPE ANTONIO ANDRIULLI x VIALE DELLA SERENISSIMA,2,0.0,2.0,41.9019,12.55775,12.0
VIA CALPURNIO FIAMMA x VIA PAPIRIA,2,0.0,2.0,41.8632,12.5624,12.0
VIA MUZIO ATTENDOLO x VIA PRENESTINA,2,0.0,2.0,41.892250000000004,12.5353,12.0
VIA BORGHESIANA x VIA MESORACA,2,0.0,2.0,41.8696,12.67385,12.0
VIA GREGORIO VII x VIA S. AGATONE PAPA,2,0.0,2.0,41.8965,12.444,12.0
VIA DEL CASALETTO x VIA ROBERTO ALESSANDRI,2,0.0,2.0,41.8666,12.438,12.0
VIA LUDOVICO PASINI x VIA MATTEO TONDI,2,0.0,2.0,41.918,12.5577,12.0
VIA LABICANA x VIA TOMMASO GROSSI,2,0.0,2.0,41.889849999999996,12.498650000000001,12.0
VIA MANFREDONIA x VIA MOLFETTA,2,0.0,2.0,41.89,12.5764,12.0
PIAZZA DEI RE DI ROMA x VIA ALBALONGA,2,0.0,2.0,41.88,12.5133,12.0
VIA CAIO CANULEIO x VIALE TITO LABIENO,2,0.0,2.0,41.8506,12.5639,12.0
VIA MAFFEO VEGIO x VIA PIETRO PAOLO VERGERIO,2,0.0,2.0,41.9456,12.4271,12.0
VIA DEI MELI x VIA DELLE SUSINE,2,0.0,2.0,41.8815,12.58075,12.0
PIAZZA DI CINECITTA' x VIALE TITO LABIENO,2,0.0,2.0,41.853300000000004,12.568,12.0
VIA LUDOVICO DI BREME x VIA RENATO FUCINI,2,0.0,2.0,41.9497,12.5496,12.0
VIA GROTTAMINARDA x VIA PRENESTINA,2,0.0,2.0,41.8926,12.6312,12.0
VIA DEI MONTI TIBURTINI x VIA FILIPPO MEDA,2,0.0,2.0,41.915549999999996,12.5474,12.0
VIA CASSIA NUOVA x VIA DELL'INVIOLATELLA BORGHESE,2,0.0,2.0,41.9563,12.46725,12.0
VIA LEONE IV x VIALE GIULIO CESARE,2,0.0,2.0,41.9087,12.4553,12.0
PIAZZA DELLA BOCCA DELLA VERITA' x VIA DELLA GRECA,7,0.0,1.0,41.888,12.4814,12.0
VIA LICINIA x VIALE AVENTINO,2,0.0,2.0,41.88185,12.485800000000001,12.0
VIA CASSIA NUOVA x VIA VILFREDO PARETO,2,0.0,2.0,41.952650000000006,12.46605,12.0
VIA LIDO DI CASTEL PORZIANO x VIALE DI CASTEL PORZIANO,2,0.0,2.0,41.7225,12.3453,12.0
VIA BUONARROTI x VIA FERRUCCIO,2,0.0,2.0,41.893299999999996,12.50305,12.0
VIA CAMUS x VIA DI ACQUA ACETOSA OSTIENSE,2,0.0,2.0,41.80525,12.46675,12.0
VIA JACOPO SANNAZZARO x VIA LUIGI BERTELLI,2,0.0,2.0,41.9391,12.5411,12.0
VIA CANAZEI x VIALE DI CASTEL PORZIANO,2,0.0,2.0,41.73265,12.3662,12.0
VIA BORGHESIANA x VIA ROCCALUMERA,2,0.0,2.0,41.87975,12.6705,12.0
VIA BORGHESIANA x VIALE PRATO FIORITO,2,0.0,2.0,41.880700000000004,12.6709,12.0
PIAZZA CASALMAGGIORE x VIA TARANTO,2,0.0,2.0,41.884,12.5173,12.0
PIAZZA DI S. MARIA ALLE FORNACI x VIA NICOLO' III,2,0.0,2.0,41.8977,12.45505,12.0
VIA GUGLIELMO DEGLI UBERTINI x VIA LUCHINO DAL VERME,2,0.0,2.0,41.88965,12.5394,12.0
LARGO GIUSEPPE PELLA x VIA CRISTOFORO COLOMBO,2,0.0,2.0,41.8295,12.4687,12.0
VIA GUGLIELMO MENGARINI x VIA PORTUENSE,2,0.0,2.0,41.8469,12.414,12.0
VIA MASSA DI SAN GIULIANO x VIA POLENSE,2,0.0,2.0,41.8951,12.7028,12.0
LARGO GIUSEPPE DI MONTEZEMOLO x VIALE DELLE MEDAGLIE D'ORO,2,0.0,2.0,41.9102,12.446850000000001,12.0
VIA DEL CASALE DI S. BASILIO x VIA MONTECASSIANO,2,0.0,2.0,41.9433,12.5709,12.0
PIAZZA COLA DI RIENZO x VIA LUCREZIO CARO,2,0.0,2.0,41.9091,12.4688,12.0
VIA DEI GRACCHI x VIA VIRGINIO ORSINI,2,0.0,2.0,41.9106,12.4694,12.0
VIA DEI VERBITI x VIALE MARCO POLO,2,0.0,2.0,41.87415,12.486699999999999,12.0
LARGO GIOVANNI XXIII x LUNGOTEVERE VATICANO,2,0.0,2.0,41.90205,12.46435,12.0
LARGO GIOVANNI PITTALUGA x VIA DI PORTONACCIO,2,0.0,2.0,41.89985,12.5374,12.0
VIA CARLO FADDA x VIA FILIPPO SERAFINI,2,0.0,2.0,41.86125,12.5714,12.0
VIA BILBAO x VIALE AVIGNONE,2,0.0,2.0,41.8197,12.4565,12.0
VIA OSTIENSE x VIA PAVULLO NEL FRIGNANO,2,0.0,2.0,41.791650000000004,12.38295,12.0
LARGO DEI FIORENTINI x LUNGOTEVERE DEI SANGALLO,2,0.0,2.0,41.8985,12.4649,12.0
LUNGOTEVERE DEI SANGALLO x PONTE PRINCIPE AMEDEO SAVOIA AOSTA,2,0.0,2.0,41.8989,12.4647,12.0
VIA DEL MARE x VIALE VASCO DE GAMA,2,0.0,2.0,41.74375,12.2857,12.0
VIA BEATA VIRGINIA CENTURIONE BRACELLI x VIA MATTIA BATTISTINI,2,0.0,2.0,41.916349999999994,12.41845,12.0
LUNGOTEVERE DEI MELLINI x PONTE CAVOUR,2,0.0,2.0,41.9063,12.473199999999999,12.0
VIA DEGLI OLMI x VIA DEL GRANO,2,0.0,2.0,41.8785,12.5745,12.0
VIA DEL NEBBIOLO x VIA DI BOCCEA,2,0.0,2.0,41.9108,12.40175,12.0
VIA DEGLI ETRUSCHI x VIA DEI SABELLI,2,0.0,2.0,41.89735,12.515049999999999,12.0
VIA DEGLI EROI DELLA DIFESA DI ROMA x VIALE DEI CADUTI NELLA GUERRA DI LIBERAZIONE,2,0.0,2.0,41.7899,12.448250000000002,12.0
VIA PIAN DI SCO x VIALE LINA CAVALIERI,2,0.0,2.0,41.9649,12.517,12.0
VIA PIAVE x VIA VENTI SETTEMBRE,2,0.0,2.0,41.9066,12.497399999999999,12.0
VIA CASSIA x VIALE CORTINA D'AMPEZZO,2,0.0,2.0,41.94725,12.4465,12.0
LARGO CODOGNO x VIA DI CASAL DEL MARMO,2,0.0,2.0,41.9478,12.3926,12.0
LUNGOTEVERE AVENTINO x PIAZZA DELL'EMPORIO,7,0.0,1.0,41.8828,12.4758,12.0
VIA BARI x VIA COSENZA,2,0.0,2.0,41.9109,12.5148,12.0
PIAZZA PIO XI x VIA ANASTASIO II,2,0.0,2.0,41.897450000000006,12.44055,12.0
VIA CRESCENZIO x VIA POMPONIO LETO,2,0.0,2.0,41.9058,12.462050000000001,12.0
LUNGOMARE LUTAZIO CATULO x VIA UGOLINO VIVALDI,2,0.0,2.0,41.71685,12.31045,12.0
PIAZZA REGINA MARGHERITA x VIA ALESSANDRIA,2,0.0,2.0,41.9138,12.5055,12.0
VIA GALLIA x VIA LUNI,2,0.0,2.0,41.88065,12.50635,12.0
VIA PIETRO VENTURI x VIALE PROSPERO COLONNA,2,0.0,2.0,41.8563,12.4527,12.0
VIA DEL TRULLO x VIA DI VIGNA CONSORTI,2,0.0,2.0,41.843,12.4368,12.0
PIAZZA S. GIOVANNI DI DIO x VIA EDOARDO JENNER,2,0.0,2.0,41.873400000000004,12.445699999999999,12.0
VIA CASILINA x VIA DI GIARDINETTI,2,0.0,2.0,41.8644,12.60525,12.0
VIA GABRIO SERBELLONI x VIA GALEAZZO ALESSI,2,0.0,2.0,41.8793,12.5411,12.0
VIA CASILINA x VIA DELLE DUE TORRI,2,0.0,2.0,41.863,12.6503,12.0
VIA GABRIELE CAMOZZI x VIALE ANGELICO,2,0.0,2.0,41.9172,12.4586,12.0
VIA D'AZEGLIO x VIA PRINCIPE AMEDEO,2,0.0,2.0,41.8976,12.5024,12.0
VIA DELL'ACQUA MARCIA x VIA DI PIETRALATA,2,0.0,2.0,41.9213,12.5469,12.0
VIA PODENZANA x VIA SUVERETO,2,0.0,2.0,41.955650000000006,12.51965,12.0
VIA CRESCENZIO x VIA VARRONE,2,0.0,2.0,41.90585,12.462050000000001,12.0
PIAZZA ORAZIO MARUCCHI x VIA RODOLFO LANCIANI,2,0.0,2.0,41.920950000000005,12.520900000000001,12.0
VIA GIOVANNI BETTOLO x VIA SIMONE DE SAINT BON,2,0.0,2.0,41.91225,12.4566,12.0
VIA PRENESTINA x VIA RINA MONTI,2,0.0,2.0,41.8938,12.6057,12.0
VIA OSTRA VETERE x VIA SANT'ELPIDIO A MARE,2,0.0,2.0,41.9166,12.727,12.0
VIA DEL LIDO DI CASTELPORZIANO x VIALE CRISTOFORO COLOMBO,2,0.0,2.0,41.8089,12.4536,12.0
LUNGOTEVERE DELLA VITTORIA x VIA TIMAVO,2,0.0,2.0,41.922399999999996,12.462250000000001,12.0
VIA DEI PLATANI x VIA DELLE AZALEE,2,0.0,2.0,41.88105,12.56815,12.0
VIA DEI CICLAMINI x VIA VINCENZO CESATI,1,0.0,2.0,41.8914,12.5663,11.0
VIA CAMPOFIORITO x VIA SERRULE,1,0.0,2.0,41.8644,12.6889,11.0
VIA DELLE CERQUETE x VIA RIPABOTTONI,1,0.0,2.0,41.9145,12.6693,11.0
VIA ANDREA DI BONAIUTO x VIA SIMONE MARTINI,1,0.0,2.0,41.8287,12.4883,11.0
PIAZZA DEI RAVENNATI x PIAZZA DEI RAVENNATI,1,0.0,2.0,41.7297,12.2765,11.0
VIA MALNATE x VIA REZZATO,1,0.0,2.0,41.954,12.3809,11.0
VIA ANTONIO TEMPESTA x VIA CASILINA,1,0.0,2.0,41.881,12.5401,11.0
CIRCONVALLAZIONE SALARIA x VIALE ETIOPIA,1,0.0,2.0,41.9316,12.5235,11.0
VIA ALFONSO ALBERGHETTI x VIA LUIGI MANFREDINI,1,0.0,2.0,41.8689,12.6224,11.0
VIA ANTONIO TARAMELLI x VIA GIULIO CESARE TELONI,1,0.0,2.0,41.769,12.3107,11.0
VIA POLENSE x VIA VACRI,1,0.0,2.0,41.8968,12.7041,11.0
VIA ANDREA DORIA x VIA GIROLAMO SAVONAROLA,1,0.0,2.0,41.9097,12.452,11.0
PIAZZA ALBANIA x VIALE MANLIO GELSOMINI,1,0.0,2.0,41.8799,12.482,11.0
VIALE LONDRA x VICOLO DELL'ANNUNZIATELLA,1,0.0,2.0,41.84,12.513,11.0
LARGO SALUZZO x VIA TUSCOLANA,1,0.0,2.0,41.8799,12.5211,11.0
VIA ANDREA DORIA x VIA TOLEMAIDE,1,0.0,2.0,41.9101,12.4538,11.0
VIA CASILINA x VIA DEI GORDIANI,1,0.0,2.0,41.8772,12.5521,11.0
PIAZZA DEI CAVALIERI DEL LAVORO x VIA GIUSEPPE CHIOVENDA,1,0.0,2.0,41.8596,12.5731,11.0
VIA OSTUNI x VIA UGENTO,1,0.0,2.0,41.8914,12.5777,11.0
VIA ANTONIO SCONTRINO x VIA ERMANNO WOLF FERRARI,1,0.0,2.0,41.7509,12.3753,11.0
LUNGOMARE PAOLO TOSCANELLI x VIA DELLE OCEANINE,1,0.0,2.0,41.7322,12.2688,11.0
PIAZZA CONCA D'ORO x VIA DELLE VALLI,1,0.0,2.0,41.939,12.5281,11.0
VIA DEI LAGHI SPORTIVI x VIA DI TOR CERVARA,1,0.0,2.0,41.9275,12.5872,11.0
VIA CESARE PASCARELLA x VIALE DI TRASTEVERE,1,0.0,2.0,41.8817,12.4679,11.0
VIA CAMPOFIORITO x VIA SERRADIFALCO,1,0.0,2.0,41.8646,12.6938,11.0
VIA MAIDA x VIA SELLIA,1,0.0,2.0,41.8722,12.6783,11.0
VIA MONTE ROSA x VIA NOMENTANA,1,0.0,2.0,41.959,12.5737,11.0
VIA DALMAZIA x VIALE REGINA MARGHERITA,1,0.0,2.0,41.9142,12.5051,11.0
VIA OSTIENSE x VIA SILVIO D'AMICO,1,0.0,2.0,41.8109,12.4229,11.0
VIA DEI BANCHI VECCHI x VICOLO DELLE PALLE,1,0.0,2.0,41.8992,12.4666,11.0
VIA ALGAJOLA x VIALE DELLA STELLA POLARE,1,0.0,2.0,41.7263,12.2921,11.0
VIA DELLA STAZIONE DI CESANO x VIA ORREA,1,0.0,2.0,42.0598,12.3241,11.0
VIA DOMENICO BECCAFUMI x VIA NICOLA SCARANO,1,0.0,2.0,41.8664,12.6227,11.0
VIA DELLA STAZIONE DI CIAMPINO x VIA PAZZANO,1,0.0,2.0,41.811,12.614,11.0
VIA PRENESTINA x VIALE GIORGIO DE CHIRICO,6,0.0,1.0,41.894149999999996,12.59055,11.0
VIA DELLA STELLA POLARE x VIA DELLE TARTANE,1,0.0,2.0,41.7263,12.2921,11.0
LUNGOTEVERE IN AUGUSTA x VIA TOMACELLI,1,0.0,2.0,41.9049,12.4754,11.0
VIA LUCIO MARIANI x VIA PIER VITTORIO ALDINI,1,0.0,2.0,41.823,12.5839,11.0
VIA APPIA NUOVA x VIA GIOVANNI CIAMPINI,1,0.0,2.0,41.8122,12.5753,11.0
LUNGOTEVERE MARESCIALLO DIAZ x PIAZZALE MARESCIALLO DIAZ,1,0.0,2.0,41.9349,12.4631,11.0
VIA CIVITELLA D'AGLIANO x VIA FERDINANDO GALIANI,1,0.0,2.0,41.9476,12.4723,11.0
VIA ANGUILLARESE x VIA LANFRANCO DI PAVIA,1,0.0,2.0,42.0626,12.2922,11.0
VIA ANDREA DI BONAIUTO x VIA DI VIGNA MURATA,1,0.0,2.0,41.8269,12.4926,11.0
VIA OSTIENSE x VIALE FERDINANDO BALDELLI,1,0.0,2.0,41.8567,12.4773,11.0
VIA LUIGI CAPUANA x VIA RENATO FUCINI,1,0.0,2.0,41.9497,12.5496,11.0
VIA DELLE ALBIZZIE x VIA TOR DE' SCHIAVI,1,0.0,2.0,41.8843,12.5629,11.0
VIA LUIGI LANZI x VIA PADRE PERILLI,1,0.0,2.0,41.7662,12.354,11.0
VIA LUIGI ROBECCHI BRICHETTI x VIALE MARCO POLO,1,0.0,2.0,41.8728,12.4893,11.0
VIA CAMPANIA x VIA PIEMONTE,1,0.0,2.0,41.9087,12.4934,11.0
VIA DEI CADUTI CIVILI x VIALE DEI CADUTI PER LA RESISTENZA,1,0.0,2.0,41.7875,12.4423,11.0
VIA DELLE QUATTRO FONTANE x VIA NAZIONALE,1,0.0,2.0,41.9019,12.4907,11.0
VIA DECIO AZZOLINO x VIA FRANCESCO GIOVANNI COMMENDONE,1,0.0,2.0,41.9154,12.4042,11.0
VIA DEGLI SCIPIONI x VIA SILLA,1,0.0,2.0,41.9098,12.463,11.0
VIA NAPOLI x VIA NAZIONALE,1,0.0,2.0,42.3869,12.9458,11.0
VIA DEI CERCHI x VIA DI S. TEODORO,1,0.0,2.0,41.8869,12.4855,11.0
VIA CARLO AVOLIO x VIA NICOLA STAME,1,0.0,2.0,41.7884,12.4436,11.0
VIA AMICO ASPERTINI x VIA AUGUSTO CASCIANI,1,0.0,2.0,41.8652,12.6394,11.0
PIAZZA BUENOS AIRES x VIALE REGINA MARGHERITA,1,0.0,2.0,41.9182,12.5002,11.0
VIA CASILINA x VIA DI TOR TRE TESTE,1,0.0,2.0,41.8684,12.5873,11.0
VIA PAVIA x VIA TREVISO,1,0.0,2.0,41.9086,12.5138,11.0
VIA ANGELO MASINA x VIA GARIBALDI,1,0.0,2.0,41.889,12.4643,11.0
VIA DI SELVA CANDIDA x VIA RITA ROSANI,1,0.0,2.0,41.9404,12.3795,11.0
VIA CARLO LUDOVICO BRAGAGLIA x VIA FRANCO FABRIZI,1,0.0,2.0,41.9674,12.5363,11.0
VIA MONTE BIANCO x VIA NOMENTANA,1,0.0,2.0,41.959,12.5737,11.0
VIA DEGLI OPIMIANI x VIA MARCO DECUMIO,1,0.0,2.0,41.8616,12.5484,11.0
VIA DEGLI AGROSTEMMI x VIA DEI PAPIRI,1,0.0,2.0,41.71,12.5853,11.0
VIA ALESSANDRO FORTIS x VIA MONTE CERVIALTO,1,0.0,2.0,41.9577,12.5242,11.0
CIRCONVALLAZIONE GIANICOLENSE x VIA ROSA GOVONA,1,0.0,2.0,41.8725,12.4496,11.0
VIA NAIDE x VIA VIRGILIO GUIDI,1,0.0,2.0,41.9108,12.6009,11.0
VIA CIVATE x VIA REZZATO,1,0.0,2.0,41.9546,12.3816,11.0
VIA DI PIETRALATA x VIA FLORA,1,0.0,2.0,41.9194,12.552,11.0
LUNGOTEVERE DEI PIERLEONI x PIAZZA GERUSALEMME,1,0.0,2.0,41.8913,12.4787,11.0
VIA DELLE VIGNE NUOVE x VIALE GINO CERVI,6,0.0,1.0,41.9554,12.5358,11.0
VIA DEI COCHI x VIA DELL'ARCHEOLOGIA,1,0.0,2.0,41.8807,12.6266,11.0
VIA DEI CICLAMINI x VIA DELLE ROSE,1,0.0,2.0,41.8906,12.5666,11.0
VIA MONTE ROBERTO x VIA SANT'ELPIDIO A MARE,1,0.0,2.0,41.9224,12.7229,11.0
VIA AMICO ASPERTINI x VIA ORAZIO BORGIANNI,1,0.0,2.0,41.8707,12.6294,11.0
VIA NEDO NADI x VIALE PIETRO DE COUBERTIN,1,0.0,2.0,41.93,12.4717,11.0
VIA MESORACA x VIA SELLIA,1,0.0,2.0,41.8715,12.6789,11.0
VIA CHOPIN x VIALE BEETHOVEN,1,0.0,2.0,41.8348,12.4677,11.0
VIA DEGLI OPIMIANI x VIA TUSCOLANA,1,0.0,2.0,41.8396,12.5923,11.0
VIA DEI GERANI x VIA DELLE PETUNIE,1,0.0,2.0,41.8864,12.5696,11.0
VIA PIETRO BONFANTE x VIALE MARCO FULVIO NOBILIORE,1,0.0,2.0,41.8595,12.565,11.0
VIALE GIULIO AGRICOLA x VIALE SPARTACO,1,0.0,2.0,41.8569,12.5572,11.0
VIA DEI GEORGOFILI x VIALE DEL CARAVAGGIO,1,0.0,2.0,41.8511,12.4948,11.0
VIA MASSA DI SAN GIULIANO x VIA VAL DI CONTRA,1,0.0,2.0,41.9165,12.6845,11.0
VIA AMARETTA x VIA ANGELO MARABINI,1,0.0,2.0,41.8649,12.6486,11.0
VIA ANDREA NOALE x VIA LUIGI RUSSOLO,1,0.0,2.0,41.9116,12.6182,11.0
VIA ROBERTO ROSSELLINI x VIALE SORA LELLA,1,0.0,2.0,41.9522,12.5698,11.0
VIA CARLO BOSIO x VIA ISOLE DEL CAPO VERDE,1,0.0,2.0,41.7379,12.2727,11.0
VIA MAZZARINO x VIA NAZIONALE,1,0.0,2.0,42.3869,12.9458,11.0
VIA PIEMONTE x VIA SARDEGNA,1,0.0,2.0,41.9087,12.4934,11.0
VIA NICOLO' ALBERGATI x VIA S. IGINO PAPA,1,0.0,2.0,41.9028,12.4964,11.0
PIAZZA CARLO VITA FINZI x VIALE OCEANO ATLANTICO,1,0.0,2.0,41.8205,12.4788,11.0
VIA ANDREA TORRE x VIA CARLO AMORETTI,1,0.0,2.0,41.9154,12.5446,11.0
VIA ANTONIO NEVIANI x VIA DI CASTEL DI GUIDO,1,0.0,2.0,41.914,12.296,11.0
VIA DI CASAL MORENA x VIA FRANCICA,1,0.0,2.0,41.8201,12.6177,11.0
LARGO RENATO ANGIOLILLO x VIA MONTE CERVIALTO,1,0.0,2.0,41.9541,12.5232,11.0
VIA AMLETO PALERMI x VIA RINA DE LIGUORO,1,0.0,2.0,41.964,12.5383,11.0
VIALE DEI COLLI PORTUENSI x VIALE ISACCO NEWTON,1,0.0,2.0,41.8481,12.4427,11.0
VIA MERULANA x VIALE MANZONI,6,0.0,1.0,41.8895,12.50345,11.0
VIA MUCCIA x VIA SENIGALLIA,1,0.0,2.0,41.9425,12.5841,11.0
VIA CALVIGNANO x VIA CREMOSANO,1,0.0,2.0,41.78,12.3318,11.0
VIA DEL FORTE BOCCEA x VIA PIO IX,1,0.0,2.0,41.9062,12.4218,11.0
VIA DEL CIRCO MASSIMO x VIA DELLA FONTE DI FAUNO,1,0.0,2.0,41.8841,12.4872,11.0
VIA GIOVANNI BATTISTA IMPALLOMENI x VIA ORESTE RANELLETTI,1,0.0,2.0,41.8699,12.3526,11.0
VIA EUGENIO CHECCHI x VIA RENZO ROSSI,1,0.0,2.0,41.9094,12.5444,11.0
VIA DELLA MENDOLA x VIALE CORTINA D'AMPEZZO,1,0.0,2.0,41.9464,12.4398,11.0
PIAZZA DOMENICO GNOLI x VIALE VENTUNO APRILE,1,0.0,2.0,41.92,12.5199,11.0
PIAZZALE ROBERTO ARDIGO' x VIA LAURENTINA,6,0.0,1.0,41.841750000000005,12.4808,11.0
VIA GIOVANNI ARTUSI x VIA PIETRO SANTO BARTOLI,1,0.0,2.0,41.8686,12.6195,11.0
VIA AREZZO x VIA CATANIA,1,0.0,2.0,41.9101,12.5186,11.0
VIA SAN PIETRO IN GUARANO x VIA SANT'ALESSIO IN ASPROMONTE,1,0.0,2.0,41.8779,12.6864,11.0
VIA CRISTOFANO ROBETTA x VIA GIULIO CAMPAGNOLA,1,0.0,2.0,41.8659,12.6259,11.0
PIAZZALE DEL VERANO x PIAZZALE DI S. LORENZO,1,0.0,2.0,41.9016,12.5188,11.0
PIAZZA DI S. MARIA LIBERATRICE x VIA MASTRO GIORGIO,1,0.0,2.0,41.8802,12.4761,11.0
VIA GIOVANNI ANTONELLI x VIA GIUSEPPE PONZI,1,0.0,2.0,41.924,12.4847,11.0
VIA DELLA NAVICELLA x VIA DI S. STEFANO ROTONDO,1,0.0,2.0,41.8839,12.4963,11.0
VIA DEL CASALE DI S. MARIA x VICOLO DI VALLE S. MARIA,1,0.0,2.0,41.8631,12.7072,11.0
VIA ERNESTO GIACOMO PARODI x VIA MICHELE BARBI,1,0.0,2.0,41.7874,12.3816,11.0
VIA SAN BIAGIO PLATANI x VIA VILLABATE,1,0.0,2.0,41.8694,12.6517,11.0
VIA GUGLIELMO MENGARINI x VIA LEONARDO GREPPI,1,0.0,2.0,41.8628,12.4588,11.0
VIA DELLA BALDUINA x VIA MASSIMI,1,0.0,2.0,41.928,12.4426,11.0
VIA GUGLIELMO SANSONI x VIA SALVIATI,1,0.0,2.0,41.9068,12.5832,11.0
VIA BRACCIANENSE x VIA DI TRAGLIATELLA,1,0.0,2.0,,,11.0
VIA CASTRO DEI VOLSCI x VIA MONDRAGONE,1,0.0,2.0,41.8667,12.5318,11.0
VIA ARDEATINA x VIA GIULIO ARISTIDE SARTORIO,6,0.0,1.0,41.85335,12.5132,11.0
VIA DELLA BADIA DI CAVA x VIA DI GROTTA PERFETTA,1,0.0,2.0,41.8491,12.4858,11.0
VIA DEL PONTE DELLE SETTE MIGLIA x VIA EUGENIO FLORIAN,1,0.0,2.0,41.8411,12.6025,11.0
VIA ENEA x VIA TUSCOLANA,1,0.0,2.0,41.8749,12.5285,11.0
VIA FRANCESCO BUONAMICI x VIA LEONE BOLAFFIO,1,0.0,2.0,41.8593,12.5741,11.0
PIAZZALE CARDINAL CONSALVI x PONTE MILVIO,1,0.0,2.0,41.9338,12.4674,11.0
LARGO DELLO SCAUTISMO x VIA DI S. IPPOLITO,1,0.0,2.0,41.9101,12.5226,11.0
VIA BENEDETTO TORTI x VIA ENRICO DELL'ACQUA,1,0.0,2.0,41.8651,12.6507,11.0
VIA FRANCESCO COCCO ORTU x VIA GIUSEPPE PRINA,1,0.0,2.0,41.958,12.522,11.0
PIAZZA ENRICO FERMI x VIA FRANCESCO GRIMALDI,6,0.0,1.0,41.8643,12.4696,11.0
PIAZZA GIOVENALE x VIA UGO DE CAROLIS,1,0.0,2.0,41.9132,12.4417,11.0
VIA GIROLAMO COCCONI x VIA VINCENZO CESATI,1,0.0,2.0,41.8942,12.5633,11.0
VIA SCARPANTO x VIA STAMPALIA,1,0.0,2.0,41.9476,12.5275,11.0
VIA BERNARDO BARBIELLINI AMIDEI x VIA LUIGI ARBIB PASCUCCI,1,0.0,2.0,41.9259,12.4278,11.0
VIA BIAGIO BRUGI x VIA ENRICO MAZZOCCOLO,1,0.0,2.0,41.8614,12.5681,11.0
VIA CRISTOFORO COLOMBO x VIA DI MALAFEDE,6,0.0,1.0,41.7903,12.39695,11.0
PIAZZA GEREMIA BONOMELLI x VIALE GUGLIELMO MASSAIA,1,0.0,2.0,41.8648,12.4918,11.0
VIA DELLA FALCOGNANA x VIA PADULI,1,0.0,2.0,41.771,12.5822,11.0
VIA DELLA GIULIANA x VIA EMILIO FAA' DI BRUNO,1,0.0,2.0,41.9135,12.4542,11.0
VIA DELLA CAMILLUCCIA x VIA TRIONFALE,1,0.0,2.0,41.943,12.4489,11.0
PIAZZALE JONIO x VIA DI VALLE MELAINA,6,0.0,1.0,41.9456,12.5261,11.0
VIA GIULIO GALLI x VIA GIULIO GALLI,1,0.0,2.0,41.9939,12.4082,11.0
VIA SANTI SAVARINO x VIA VITALIANO ROTELLINI,1,0.0,2.0,41.775,12.4377,11.0
LARGO DELLA CECCHIGNOLA x VIA LAURENTINA,1,0.0,2.0,41.8103,12.4856,11.0
VIA CASTROREGIO x VIA DELLE CAPANNELLE,1,0.0,2.0,41.8305,12.5675,11.0
VIA GIUSEPPE BARILE x VIA MASSIMO SEVERO GIANNINI,1,0.0,2.0,41.8372,12.6039,11.0
VIA FEDERICO ALESSANDRINI x VIA GIACOMO DINA,1,0.0,2.0,41.7656,12.4741,11.0
VIA BOCENAGO x VIA DOBBIACO,1,0.0,2.0,41.7391,12.382,11.0
VIA GIUSEPPE DEZZA x VIA ORESTE REGNOLI,1,0.0,2.0,,,11.0
VIA SERRADIFALCO x VIA TORTORICI,1,0.0,2.0,41.8644,12.6912,11.0
VIA DELLA MAGLIANELLA x VIA DELLA RISERVA TORLONIA,1,0.0,2.0,41.9018,12.3791,11.0
VIA DELLA BUFALOTTA x VIA MONTE FUMAIOLO,1,0.0,2.0,41.9676,12.5499,11.0
VIA DELLA MAGLIANELLA x VIA RISERVA DELLA TORRETTA,1,0.0,2.0,41.8877,12.3825,11.0
VIA FLAMINIA x VIA FRATELLI ARCHIBUGI,1,0.0,2.0,41.9203,12.4724,11.0
VIA GIUSEPPE PARINI x VIALE DI TRASTEVERE,1,0.0,2.0,41.8817,12.4679,11.0
VIA DEL CIRCO MASSIMO x VIALE AVENTINO,6,0.0,1.0,41.8829,12.4864,11.0
VIA GIUSEPPE PRINA x VIA MONTE CERVIALTO,1,0.0,2.0,41.9541,12.5232,11.0
LARGO ANTONIO SARTI x VIA DONATELLO,1,0.0,2.0,41.9234,12.4685,11.0
VIA DEL CAPPELLACCIO x VIA DEL TROTTO,1,0.0,2.0,41.8277,12.4448,11.0
VIA ACERENZA x VIA LUNGRO,1,0.0,2.0,41.8402,12.553,11.0
VIA VITALIANO ROTELLINI x VIALE DEI CADUTI PER LA RESISTENZA,1,0.0,2.0,41.7828,12.4414,11.0
VIA ARDEATINA x VIA DAVIDE CARAZZI,1,0.0,2.0,41.7649,12.5582,11.0
LARGO FEDERICO FELLINI x VIA VITTORIO VENETO,1,0.0,2.0,41.9061,12.4895,11.0
VIA DEI SESAMI x VIA DELLE SALVINIE,1,0.0,2.0,41.8836,12.5717,11.0
PIAZZA DELLE IRIS x VIA DELLE ACACIE,1,0.0,2.0,41.888,12.5675,11.0
VIA ACHILLE LORIA x VIA FLAMINIA,1,0.0,2.0,41.9419,12.4718,11.0
VIA ACCIAIOLI x VIA PAOLA,1,0.0,2.0,41.8999,12.4652,11.0
VIA VIVI GIOI x VIALE ESPERIA SPERANI,1,0.0,2.0,41.9638,12.3995,11.0
VIA DEI SAMPIERI x VIA POGGIO VERDE,1,0.0,2.0,41.8534,12.4159,11.0
LARGO ARENULA x LARGO DI TORRE ARGENTINA,1,0.0,2.0,41.8949,12.4765,11.0
VIA CAIO MARIO x VIA GERMANICO,1,0.0,2.0,41.9082,12.4597,11.0
VIA TRAPPETO x VIA VICARI,1,0.0,2.0,41.8701,12.6498,11.0
PIAZZA VINCENZO MANGANO x VIA HERBERT SPENCER,1,0.0,2.0,41.9004,12.5665,11.0
VIA CASSIA x VIA DELL'ACQUA TRAVERSA,1,0.0,2.0,41.9828,12.4137,11.0
VIA DEL QUARTACCIO x VIA VINOVO,1,0.0,2.0,41.919,12.3955,11.0
VIA BALDASSARRE CASTIGLIONE x VIA NICOLA SPEDALIERI,1,0.0,2.0,41.8431,12.4837,11.0
VIA TELEGONO x VIA TUSCOLANA,1,0.0,2.0,41.8629,12.5513,11.0
VIA SALARIA x VIALE REGINA MARGHERITA,6,0.0,1.0,41.9195,12.4985,11.0
VIA CORRADO PARONA x VIA DI TORRE S. ANASTASIA,1,0.0,2.0,41.7649,12.5242,11.0
VIA COSTANTINO BESCHI x VIA FABIANO LANDI,1,0.0,2.0,41.7849,12.3702,11.0
VIA GASPARE GOZZI x VIA PIETRO GIORDANI,1,0.0,2.0,41.8549,12.4785,11.0
VIA AQUILONIA x VIA ROCCAROMANA,1,0.0,2.0,41.8906,12.55,11.0
VIA BUGNARA x VIA VILLAMAGNA,1,0.0,2.0,41.9142,12.6767,11.0
VIA STAZZEMA x VIA SUVERETO,1,0.0,2.0,41.9549,12.5187,11.0
VIA DON ANGELO MELOTTO x VIA PIERO CORTI,1,0.0,2.0,41.9016,12.671,11.0
PIAZZA DI PORTA CAPENA x PIAZZA DI PORTA CAPENA,1,0.0,2.0,41.8842,12.4895,11.0
VIA CAIO MARIO x VIALE GIULIO CESARE,1,0.0,2.0,41.9105,12.4627,11.0
VIA DON FRANCESCO OLIBONI x VIA PIERO CORTI,1,0.0,2.0,41.9024,12.6733,11.0
VIA DEI RUDERI DI CASA CALDA x VIA PIETRO BELON,1,0.0,2.0,41.8749,12.5964,11.0
VIA CASTELBELLINO x VIA MONTE ROBERTO,1,0.0,2.0,41.9223,12.7228,11.0
VIA AURELIA x VIA LUDOVICO ALTIERI,1,0.0,2.0,41.897,12.4318,11.0
PIAZZA DELLE CAMELIE x VIA CASILINA,1,0.0,2.0,41.8749,12.5647,11.0
VIA LAGO DI LESINA x VIALE ERITREA,1,0.0,2.0,41.9263,12.5157,11.0
VIA DELL' OSTERIA DEL FINOCCHIO x VIA DI PRATAPORCI,1,0.0,2.0,41.8468,12.6843,11.0
VIA FRANCESCO GHINGHI x VIA SILICELLA,1,0.0,2.0,41.8629,12.5988,11.0
PIAZZALE NUMA POMPILIO x VIA DRUSO,5,0.0,1.0,41.8797,12.4958,10.0
VIA APPIA NUOVA x VIA DI CASAL ROTONDO,5,0.0,1.0,41.8246,12.56195,10.0
VIA DEI PANFILI x VIA DEI TRAGHETTI,5,0.0,1.0,41.7365,12.2772,10.0
VIA SANTI ROMANO x VIALE PALMIRO TOGLIATTI,5,0.0,1.0,41.8624,12.5689,10.0
VIA DEL FOSSO DI S. MAURA x VIA SILICELLA,5,0.0,1.0,41.8573,12.5976,10.0
LUNGOTEVERE FLAMINIO x PONTE DUCA D'AOSTA,5,0.0,1.0,41.9238,12.4661,10.0
PIAZZA S. LEONARDO DA PORTO MAURIZIO x VIA DI ACILIA,5,0.0,1.0,41.7832,12.3655,10.0
VIA FRANCESCO NEGRI x VIA OSTIENSE,5,0.0,1.0,41.8706,12.48,10.0
VIA BENACO x VIA DI VILLA ADA,5,0.0,1.0,41.9242,12.5055,10.0
VIA ALFREDO CAPPELLINI x VIA GIOVANNI GIOLITTI,5,0.0,1.0,41.8971,12.50605,10.0
VIA DELLA CASETTA MATTEI x VIA POGGIO VERDE,5,0.0,1.0,41.8579,12.4196,10.0
PIAZZALE GIULIO DOUHET x VIA LAURENTINA,5,0.0,1.0,41.8103,12.4856,10.0
VIA DI BOCCEA x VIA DI CASAL SELCE,5,0.0,1.0,41.928,12.3533,10.0
VIA CASILINA x VIA GALLARATE,5,0.0,1.0,41.888,12.5219,10.0
CORSO DI FRANCIA x VIA DI VIGNA STELLUTI,5,0.0,1.0,41.9467,12.4698,10.0
PIAZZA DEI GIUOCHI DELFICI x VIA CASSIA,5,0.0,1.0,41.9483,12.4628,10.0
VIA DEI MATTEINI x VIA DELLA PISANA,5,0.0,1.0,41.8577,12.389,10.0
VIA LUISA DI SAVOIA x VIA MARIA ADELAIDE,10,0.0,0.0,41.911199999999994,12.4742,10.0
VIA GUIDO CALZA x VIALE DEI ROMAGNOLI,5,0.0,1.0,41.7522,12.2916,10.0
VIA MARTINO V x VIA PIO IX,5,0.0,1.0,41.905,12.4227,10.0
VIA AUGUSTO DULCERI x VIA FRONTINO,5,0.0,1.0,41.8841,12.5389,10.0
PIAZZA DI PONTE LUNGO x VIA GELA,5,0.0,1.0,41.8775,12.51905,10.0
VIA DELLE CELIDONIE x VIALE DELLE GARDENIE,5,0.0,1.0,41.8861,12.5644,10.0
VIA PORTUENSE x VIALE ARTURO MARTINI,5,0.0,1.0,41.8469,12.414,10.0
VIA AUGUSTO TAMBURINI x VIA EZIO SCIAMANNA,5,0.0,1.0,41.9362,12.4206,10.0
VIA CASILINA x VIA DI ROCCA CENCIA,5,0.0,1.0,41.8626,12.6212,10.0
VIA DELL'IMPRUNETA x VIALE VICOPISANO,5,0.0,1.0,41.8466,12.4596,10.0
VIA DI GROTTA PERFETTA x VIALE ERMINIO SPALLA,5,0.0,1.0,41.8324,12.515,10.0
VIA DEGLI ALDOBRANDESCHI x VIA DELLA VIGNACCIA,5,0.0,1.0,41.8718,12.3985,10.0
PIAZZA DI PORTA S. GIOVANNI x VIA EMANUELE FILIBERTO,5,0.0,1.0,41.8864,12.50875,10.0
CIRCONVALLAZIONE TUSCOLANA x VIA TUSCOLANA,5,0.0,1.0,41.8523,12.5698,10.0
VIA DI MACCHIA SAPONARA x VIA DI PRATO CORNELIO,5,0.0,1.0,41.7747,12.3531,10.0
VIA DEI MONTI LESSINI x VIALE ADRIATICO,5,0.0,1.0,41.9406,12.5362,10.0
VIA DEL QUADRARO x VIA SELINUNTE,5,0.0,1.0,41.8551,12.5523,10.0
VIA DEI GELSI x VIA DEI GINEPRI,5,0.0,1.0,41.8896,12.5706,10.0
VIA DEL PONTE DI NONA x VIA PRENESTINA,5,0.0,1.0,41.8909,12.6668,10.0
CIRCONVALLAZIONE TUSCOLANA x VIA QUINTILIO VARO,5,0.0,1.0,41.8514,12.5686,10.0
VIA DI CASAL BERTONE x VIA DI PORTONACCIO,5,0.0,1.0,41.8991,12.5377,10.0
VIA DELLA PINETA SACCHETTI x VIA DI S. CLETO PAPA,5,0.0,1.0,41.9224,12.4238,10.0
PIAZZA GIROLAMO FABRIZIO x VIALE DEL POLICLINICO,4,0.0,1.0,41.9092,12.5083,9.0
VIA DEI BRUNO x VIA VINCENZO TOMASSINI,4,0.0,1.0,41.9286,12.4127,9.0
VIA TULLIO LEVI CIVITA x VIALE FERDINANDO BALDELLI,4,0.0,1.0,41.8573,12.47395,9.0
VIA BARTOLOMEO PERESTRELLO x VIA DELLA MARRANELLA,4,0.0,1.0,41.8854,12.5423,9.0
VIA PINDARO x VIALE CRISTOFORO COLOMBO,4,0.0,1.0,41.8089,12.4536,9.0
VIA ANDERSEN x VIA DELLA VALLE DEI FONTANILI,4,0.0,1.0,41.92465,12.4065,9.0
VIA FRANCESCO CILEA x VIALE DI CASTEL PORZIANO,4,0.0,1.0,41.7308,12.3491,9.0
VIA DEL FOSSO DELLA MAGLIANA x VIA PORTUENSE,4,0.0,1.0,41.8469,12.414,9.0
VIA DEL FOSSO DI DRAGONCELLO x VIA DI MACCHIA PALOCCO,4,0.0,1.0,41.7611,12.32965,9.0
LUNGOTEVERE IN AUGUSTA x PONTE REGINA MARGHERITA,4,0.0,1.0,41.90985,12.47295,9.0
VIA GALBA x VIALE GIUSTINIANO IMPERATORE,4,0.0,1.0,41.8553,12.4869,9.0
LUNGOMARE DUILIO x VIA DEL BUCINTORO,4,0.0,1.0,41.7227,12.2958,9.0
LUNGOMARE PAOLO TOSCANELLI x PIAZZA DEI RAVENNATI,4,0.0,1.0,41.7297,12.2765,9.0
LARGO S. PIO V x VIA DELLA MADONNA DEL RIPOSO,4,0.0,1.0,41.896550000000005,12.43225,9.0
VIA ATTILIO REGOLO x VIA COLA DI RIENZO,4,0.0,1.0,41.908,12.4651,9.0
VIA DEL FOSSO DI S. MAURA x VIALE DELLA SORBONA,4,0.0,1.0,41.8557,12.60475,9.0
VIA FRANCESCO MARIA GALLUZZI x VIA LUDOVICA ALBERTONI,4,0.0,1.0,41.878299999999996,12.443850000000001,9.0
VIA CUTIGLIANO x VIA LARI,4,0.0,1.0,41.8487,12.4609,9.0
VIA SARZANA x VIALE VENTIMIGLIA,4,0.0,1.0,41.841300000000004,12.4383,9.0
VIA CRISTOFANO ROBETTA x VIA DEL TORRACCIO DI TORRENOVA,4,0.0,1.0,41.867,12.6274,9.0
VIALE HEIDELBERG x VIALE OXFORD,4,0.0,1.0,41.859300000000005,12.6268,9.0
VIA OPPIDO MAMERTINA x VIA SIDERNO,4,0.0,1.0,41.8356,12.5546,9.0
VIA DI DONNA OLIMPIA x VIA PASQUALE REVOLTELLA,4,0.0,1.0,41.8766,12.4536,9.0
VIA BELMONTE IN SABINA x VIALE GIUSEPPE CAPPI,4,0.0,1.0,41.9453,12.5884,9.0
LUNGOTEVERE IN AUGUSTA x PASSEGGIATA DI RIPETTA,4,0.0,1.0,41.9076,12.4748,9.0
PIAZZALE ENRICO DUNANT x VIA DI MONTE VERDE,4,0.0,1.0,41.8712,12.4492,9.0
VIA DOMENICO TARDINI x VIA NOSTRA SIGNORA DI LOURDES,4,0.0,1.0,41.9045,12.4254,9.0
VIA POLENSE x VIA TIVOLESE,4,0.0,1.0,41.9031,12.7087,9.0
VIA LUIGI PETROSELLI x VICO JUGARIO,4,0.0,1.0,41.8909,12.4806,9.0
VIA DEI DURANTINI x VIA RENZO ROSSI,4,0.0,1.0,41.9093,12.5425,9.0
VIA ELEONORA DUSE x VIA LUIGI BELLOTTI BON,4,0.0,1.0,41.9284,12.4919,9.0
VIA DI TOR BELLA MONACA x VIALE PAOLO FERDINANDO QUAGLIA,4,0.0,1.0,41.871700000000004,12.6333,9.0
VIA DEI MONTI DI PIETRALATA x VIA DI PIETRALATA,4,0.0,1.0,41.9264,12.53495,9.0
PIAZZALE TOMMASO EDISON x VIALE GUGLIELMO MARCONI,4,0.0,1.0,41.8573,12.4713,9.0
VIA DEI GELSI x VIA TOR DE' SCHIAVI,4,0.0,1.0,41.8878,12.5618,9.0
VIA GUALDO TADINO x VIA NOCERA UMBRA,4,0.0,1.0,41.8776,12.5272,9.0
VIA ARCHIANO x VIA FOGLIANO,4,0.0,1.0,41.9263,12.50715,9.0
VIALE CRISTOFORO COLOMBO x VIALE DELLA VILLA DI PLINIO,4,0.0,1.0,41.7235,12.32885,9.0
PIAZZA DEI TRIBUNALI x VIA TRIBONIANO,4,0.0,1.0,41.903099999999995,12.47045,9.0
VIA ACCADEMIA DEGLI AGIATI x VIA DELL'ACCADEMIA ALDINA,4,0.0,1.0,41.8515,12.4894,9.0
VIA DELLE SETTE CHIESE x VIA LEON PANCALDO,4,0.0,1.0,41.8601,12.4941,9.0
VIA CRISTOFORO COLOMBO x VIA PADRE SEMERIA,4,0.0,1.0,41.8637,12.49705,9.0
VIA DELLA PINETA SACCHETTI x VIA FRANCESCO CRUCITTI,4,0.0,1.0,41.927099999999996,12.42575,9.0
VIA IGNAZIO SCIMONELLI x VIA ULDERICO MAZZOLANI,4,0.0,1.0,41.8472,12.5929,9.0
VIA DEI LAURI x VIALE DELLE GARDENIE,4,0.0,1.0,41.88605,12.5644,9.0
VIA IPOGEO DEGLI OTTAVI x VIA TRIONFALE,4,0.0,1.0,41.96525,12.40905,9.0
LARGO GIOVANNI XXIII x VIA DELLA CONCILIAZIONE,4,0.0,1.0,41.902249999999995,12.4644,9.0
PIAZZA DEI CONSOLI x VIA DELL'AEROPORTO,4,0.0,1.0,41.86275,12.55635,9.0
VIA COLLATINA x VIA DINO PENAZZATO,4,0.0,1.0,41.8963,12.5628,9.0
VIA DELLE MESSI D'ORO x VIA TIBURTINA,4,0.0,1.0,41.9159,12.56185,9.0
VIA DEL CORVIO x VIA DELLA FONTANA DEL FINOCCHIO,4,0.0,1.0,41.85485,12.68765,9.0
VIA DELLE VIGNE NUOVE x VIA MONTE RESEGONE,4,0.0,1.0,41.9554,12.5358,9.0
VIA DIEGO ANGELI x VIA GIUSEPPE DONATI,4,0.0,1.0,41.9075,12.5513,9.0
LARGO MARESCIALLO DIAZ x LUNGOTEVERE MARESCIALLO DIAZ,4,0.0,1.0,41.93495,12.46355,9.0
VIA DEI PLATANI x VIA TOR DE' SCHIAVI,4,0.0,1.0,41.8812,12.5635,9.0
VIA DI ACQUAFREDDA x VIA RISERVA DELLA TORRETTA,4,0.0,1.0,41.8872,12.3887,9.0
VIALE DELL'ARCHIGINNASIO x VIALE GUIDO CARLI,4,0.0,1.0,41.84265,12.6425,9.0
VIA S. MARIA DEL BUON CONSIGLIO x VIA TUSCOLANA,4,0.0,1.0,41.8634,12.5497,9.0
VIA ANTONIO ALLEGRI DA CORREGGIO x VIA CESARE FRACASSINI,4,0.0,1.0,41.9233,12.4697,9.0
VIALE AMERICA x VIALE UMBERTO TUPINI,4,0.0,1.0,41.8317,12.4617,9.0
VIA AVENTINA x VIALE AVENTINO,4,0.0,1.0,41.8824,12.4864,9.0
VIA LUCIO SESTIO x VIA MARCO VALERIO CORVO,4,0.0,1.0,41.8588,12.5562,9.0
VIA DELLA MAGLIANA x VIA DELLE IDROVORE DELLA MAGLIANA,4,0.0,1.0,41.8317,12.4196,9.0
VIA CASILINA x VIA WALTER TOBAGI,4,0.0,1.0,41.86645,12.597100000000001,9.0
VIA CHERSO x VIALE DELLA SERENISSIMA,4,0.0,1.0,41.8959,12.55885,9.0
CIRCONVALLAZIONE TUSCOLANA x VIALE ANICIO GALLO,4,0.0,1.0,41.85055,12.567,9.0
VIA CAMPO BARBARICO x VIA MONTE D'ONORIO,3,0.0,1.0,41.8594,12.5406,8.0
VIA APRICALE x VIA DI BOCCEA,3,0.0,1.0,41.9149,12.3847,8.0
VIA DELLE BALENIERE x VIALE VASCO DE GAMA,3,0.0,1.0,41.7346,12.2745,8.0
VIA CAMILLO IACOBINI x VIA MONTE CERVIALTO,3,0.0,1.0,41.9541,12.5232,8.0
VIA CRISTOFORO COLOMBO x VIALE DELL'OCEANO ATLANTICO,3,0.0,1.0,41.8187,12.4633,8.0
VIA APPIA PIGNATELLI x VIA MENOFILO,3,0.0,1.0,41.8376,12.5487,8.0
VIA COLLATINA x VIA LUIGI APPIANI,3,0.0,1.0,41.9035,12.5856,8.0
VIA ANTONIO SEBASTIANI x VIA DELLE MIMOSE,3,0.0,1.0,41.8753,12.5697,8.0
VIA DEI VELIERI x VIA ISOLE DEL CAPO VERDE,3,0.0,1.0,41.7379,12.2757,8.0
VIA DEGLI AUSONI x VIA DEI SABELLI,3,0.0,1.0,41.898,12.5173,8.0
VIA DEL QUADRARO x VIA TUSCOLANA,3,0.0,1.0,41.861,12.5547,8.0
VIA BUSALLA x VIA DI TORREVECCHIA,3,0.0,1.0,41.9334,12.4195,8.0
VIA ARDEATINA x VIA DI FIORANELLO,3,0.0,1.0,41.7959,12.5346,8.0
VIA DEL TORRACCIO DI TORRENOVA x VIA DI TORRENOVA,3,0.0,1.0,41.8782,12.6183,8.0
VIA CRISTOFORO COLOMBO x VIALE DELL'OCEANO PACIFICO,3,0.0,1.0,41.7858,12.4115,8.0
VIA DELLA PISANA x VIA S. GIOVANNI EUDES,3,0.0,1.0,41.8577,12.389,8.0
VIA DEI MONTI DI PIETRALATA x VIA MESULA,3,0.0,1.0,41.9263,12.535,8.0
VIA APPIA NUOVA x VIA DELLE CAPANNELLE,3,0.0,1.0,41.8246,12.562,8.0
VIA DI CASAL SELCE x VIA DI PANTAN MONASTERO,3,0.0,1.0,41.9119,12.3541,8.0
VIA BALDO DEGLI UBALDI x VIA GIACINTO DE VECCHI PIERALICE,3,0.0,1.0,41.9012,12.4387,8.0
VIA DEI CAMPI SPORTIVI x VIA DELL'AGONISTICA,3,0.0,1.0,41.9358,12.4903,8.0
VIA COLLATINA x VIALE GIOVANNI BATTISTA VALENTE,3,0.0,1.0,41.9003,12.5665,8.0
VIA DEL FOSSO DEL TORRINO x VIA OSTIENSE,3,0.0,1.0,41.8169,12.4327,8.0
VIA CARLO ALBERTO DALLA CHIESA x VIALE DELLE MILIZIE,3,0.0,1.0,41.9122,12.4619,8.0
VIA DEL FORO OLITORIO x VIA LUIGI PETROSELLI,3,0.0,1.0,41.8907,12.4798,8.0
VIA CAVOUR x VIA FARINI,3,0.0,1.0,41.8986,12.4981,8.0
VIA DELLA SAGGINA x VIA DELLE ACACIE,3,0.0,1.0,41.889,12.5724,8.0
VIA CARLO ALBERTO x VIA RATTAZZI,3,0.0,1.0,41.8961,12.5017,8.0
VIA DI ACILIA x VIALE CRISTOFORO COLOMBO,3,0.0,1.0,41.7655,12.3839,8.0
VIA DELLA GIUSTINIANA x VIA DELLA VILLA DI LIVIA,3,0.0,1.0,42.0022,12.4914,8.0
VIA CHIANA x VIA LARIANA,3,0.0,1.0,41.9217,12.5055,8.0
VIA DEL FUOCO SACRO x VIA DI TOR BELLA MONACA,3,0.0,1.0,41.8648,12.6411,8.0
VIA DI BOCCEA x VIA FEDERICO GALEOTTI,3,0.0,1.0,41.9149,12.3847,8.0
VIA DI BOCCEA x VIA DON CARLO GNOCCHI,3,0.0,1.0,41.912850000000006,12.3893,8.0
VIA BIAGIO PETROCELLI x VIA TUSCOLANA,3,0.0,1.0,41.8344,12.6066,8.0
VIA CARLO BERTOLAZZI x VIA CASSIA,3,0.0,1.0,42.0123,12.3774,8.0
VIA DEL FOSSO DELL'OSA x VIA PERANO,3,0.0,1.0,41.9052,12.6843,8.0
VIA CARLO CASINI x VIA DOMENICO DA PONZO,3,0.0,1.0,41.7823,12.3374,8.0
VIA DI BACCANELLO x VIA MICHELE FERRAIOLO,3,0.0,1.0,42.0628,12.3534,8.0
VIA DELLA BUFALOTTA x VIA OLINDO GUERRINI,3,0.0,1.0,41.9676,12.5499,8.0
VIA BERNARDINO ALIMENA x VIA EMANUELE CARNEVALE,3,0.0,1.0,41.8474,12.6042,8.0
VIA DI CASAL BOCCONE x VIA UGO OJETTI,3,0.0,1.0,41.947,12.5546,8.0
VIA CRESCENZIO x VIA SFORZA PALLAVICINI,3,0.0,1.0,41.9057,12.4634,8.0
VIA DEI LEVII x VIA TUSCOLANA,3,0.0,1.0,41.864,12.5473,8.0
VIA DELL'IPPICA x VIA OSTIENSE,3,0.0,1.0,41.8195,12.4361,8.0
VIA ARDEATINA x VIA DI VIGNA MURATA,3,0.0,1.0,41.8269,12.5182,8.0
VIA DEL FOSSO DELL'OSA x VIA TORRICELLA SICURA,3,0.0,1.0,41.8944,12.6902,8.0
VIA CRESCENZIO x VIA PROPERZIO,3,0.0,1.0,41.9059,12.4613,8.0
VIA DELLE MONTAGNE ROCCIOSE x VIALE DELL'AERONAUTICA,3,0.0,1.0,41.826,12.4755,8.0
VIA BRENTONICO x VIA VANDOIES,3,0.0,1.0,41.73135,12.38165,8.0
VIA COLA DI RIENZO x VIA FABIO MASSIMO,3,0.0,1.0,41.908,12.4652,8.0
VIA ANTONIO DE CURTIS x VIA GIOVANNI CONTI,3,0.0,1.0,41.9551,12.5316,8.0
VIA DEL CASALETTO x VIA DI AFFOGALASINO,3,0.0,1.0,41.8666,12.438,8.0
VIA AUGUSTO CONTI x VIA GIOVANNI GHERARDINI,3,0.0,1.0,41.9438,12.4231,8.0
VIA CRISTOFORO COLOMBO x VIALE GUGLIELMO MARCONI,3,0.0,1.0,41.8445,12.4775,8.0
VIA CARLO LORENZINI x VIA NOMENTANA,3,0.0,1.0,41.959,12.5737,8.0
VIA CASILINA x VIA SERRADIFALCO,3,0.0,1.0,41.8637,12.6915,8.0
VIA DELLE VIGNE DI MORENA x VIA PETRIZZI,3,0.0,1.0,41.8109,12.6051,8.0
VIA DEI FAGGI x VIA DEI LAURI,3,0.0,1.0,41.8842,12.5643,8.0
VIA CARLO PORTA x VIALE DI TRASTEVERE,3,0.0,1.0,41.8817,12.4679,8.0
AUTOSTRADA PER FIRENZE x VIA SALARIA,3,0.0,1.0,41.9873,12.5115,8.0
PIAZZA CESARE DE CUPIS x VIA COLLATINA,3,0.0,1.0,41.9042,12.5898,8.0
VIA AGOSTINO RICHELMY x VIA AURELIA,3,0.0,1.0,41.8985,12.4425,8.0
VIA ORESTE REGNOLI x VIALE DEI QUATTRO VENTI,3,0.0,1.0,41.884,12.4597,8.0
VIA GUGLIELMO ALBIMONTE x VIA PRENESTINA,3,0.0,1.0,41.8921,12.5328,8.0
VIA GREGORIO XIII x VIA PROSPERO SANTACROCE,3,0.0,1.0,41.9056,12.4182,8.0
VIA GREGORIO VII x VIA S. DAMASO,3,0.0,1.0,41.8956,12.4447,8.0
CORSO DUCA DI GENOVA x VIA DEI BRAGOZZI,3,0.0,1.0,41.7332,12.2738,8.0
VIA VALERIO PUBLICOLA x VIALE SPARTACO,3,0.0,1.0,41.8569,12.5571,8.0
CORSO SEMPIONE x PONTE TAZIO,3,0.0,1.0,41.935,12.5331,8.0
VIA VIRGILIO TALLI x VIADOTTO ANTONIO SEGNI,3,0.0,1.0,41.9646,12.5231,8.0
LUNGOTEVERE DEGLI INVENTORI x PIAZZA AUGUSTO RIGHI,3,0.0,1.0,41.8618,12.4701,8.0
PIAZZA FONTE DEGLI ACILII x VIA PINDARO,3,0.0,1.0,41.7557,12.3688,8.0
VIA GIUSEPPE CEI x VIA PIETRO ROVETTI,3,0.0,1.0,41.8776,12.547,8.0
VIA VAL DI NON x VIA VAL MAGGIA,3,0.0,1.0,41.9433,12.5174,8.0
LUNGOTEVERE DEGLI ALTOVITI x PIAZZA PASQUALE PAOLI,3,0.0,1.0,41.9008,12.4649,8.0
VIA DI VALLE RICCA x VIA SALARIA,3,0.0,1.0,42.0518,12.5738,8.0
VIA NOMENTANA x VIALE POLA,3,0.0,1.0,41.9174,12.5132,8.0
LUNGOTEVERE MARESCIALLO CADORNA x PONTE DUCA D'AOSTA,3,0.0,1.0,41.9314,12.4597,8.0
VIA DOMANICO x VIA SELLIA,3,0.0,1.0,41.8717,12.6864,8.0
VIALE ALESSANDRINO x VIALE DELLA BELLA VILLA,3,0.0,1.0,41.8727,12.5803,8.0
VIA ALESSIO ASCALESI x VIA GIROLAMO CASANATE,3,0.0,1.0,41.9179,12.4141,8.0
VIA LAURA MANTEGAZZA x VIA S. VINCENZO DE' PAOLI,3,0.0,1.0,41.8714,12.456,8.0
CIRCONVALLAZIONE OSTIENSE x VIA PADRE REGINALDO GIULIANI,3,0.0,1.0,41.8671,12.4931,8.0
LUNGOTEVERE RAFFAELLO SANZIO x PONTE GARIBALDI,3,0.0,1.0,41.8903,12.4744,8.0
VIA LATINA x VIA LUSITANIA,3,0.0,1.0,41.876,12.5037,8.0
VIA NOCERA UMBRA x VIA TUSCOLANA,3,0.0,1.0,41.8768,12.526,8.0
PIAZZA DI PORTA CAPENA x VIALE DELLE TERME DI CARACALLA,3,0.0,1.0,41.8842,12.4895,8.0
VIA ALESSANDRO FARNESE x VIALE GIULIO CESARE,3,0.0,1.0,41.9115,12.4673,8.0
VIA DI S. NICOLA DA TOLENTINO x VIA LEONIDA BISSOLATI,3,0.0,1.0,41.9054,12.4913,8.0
VIA NOLA x VIALE CASTRENSE,3,0.0,1.0,41.8872,12.5151,8.0
VIA DI SAPONARA x VIA DOMENICO MORELLI,3,0.0,1.0,41.7772,12.3537,8.0
VIA WALTER PROCACCINI x VIALE BRUNO RIZZIERI,3,0.0,1.0,41.8518,12.5832,8.0
VIA JACOPO SANNAZZARO x VIA NOMENTANA,3,0.0,1.0,41.959,12.5737,8.0
VIA ALESSANDRO MAGNASCO x VIA DI TOR CERVARA,3,0.0,1.0,41.9092,12.5884,8.0
LUNGOTEVERE ARNALDO DA BRESCIA x PONTE GIACOMO MATTEOTTI,3,0.0,1.0,41.9123,12.4726,8.0
PIAZZA GUGLIELMO MARCONI x VIA CRISTOFORO COLOMBO,3,0.0,1.0,41.8332,12.4708,8.0
VIA LEONARDO GREPPI x VIALE DI VIGNA PIA,3,0.0,1.0,41.8628,12.4589,8.0
PIAZZALE CLODIO x VIA DELLA GIULIANA,3,0.0,1.0,41.9167,12.4549,8.0
LARGO GIOVANNI CHIARINI x VIALE DI PORTA ARDEATINA,3,0.0,1.0,41.8765,12.4895,8.0
PIAZZALE LUIGI STURZO x VIALE DELL'URBANISTICA,3,0.0,1.0,41.835,12.4672,8.0
LARGO GIOVANNI BATTISTA MARZI x VIA ALDO MANUZIO,3,0.0,1.0,41.8769,12.4709,8.0
VIA FEDERICO DELPINO x VIA FILIPPO PARLATORE,3,0.0,1.0,41.8913,12.5643,8.0
PIAZZALE JONIO x VIA SCARPANTO,3,0.0,1.0,41.9456,12.5261,8.0
PIAZZALE ANTONIO TOSTI x VIALE CARLO TOMMASO ODESCALCHI,3,0.0,1.0,41.8573,12.5013,8.0
VIA ROVERETO x VIALE GORIZIA,3,0.0,1.0,41.9196,12.5124,8.0
LARGO ILDEBRANDO PIZZETTI x VIALE BRUNO BUOZZI,3,0.0,1.0,41.9214,12.4817,8.0
VIA FLAVIO STILICONE x VIALE MARCO FULVIO NOBILIORE,3,0.0,1.0,41.8597,12.5599,8.0
PIAZZALE DELLE PROVINCIE x VIA DELLA LEGA LOMBARDA,3,0.0,1.0,41.9094,12.5214,8.0
VIA SALVATORE PINCHERLE x VIALE GUGLIELMO MARCONI,3,0.0,1.0,41.8524,12.473,8.0
VIA FLAMINIA x VIA VALCHETTA CARTONI,3,0.0,1.0,41.9844,12.4936,8.0
VIA SALARIA x VIALE LIEGI,3,0.0,1.0,41.9195,12.4985,8.0
LARGO FALVATERRA x VIA ROCCA DI PAPA,3,0.0,1.0,41.8685,12.5341,8.0
PIAZZALE MARESCIALLO DIAZ x VIA DEI ROBILANT,3,0.0,1.0,41.9351,12.4629,8.0
PIAZZALE NUMA POMPILIO x VIA DI PORTA S. SEBASTIANO,3,0.0,1.0,41.8797,12.4958,8.0
VIA TUSCOLANA x VIALE FURIO CAMILLO,3,0.0,1.0,41.8766,12.5259,8.0
VIA ELSA DE' GIORGI x VIALE FRANCO ARCALLI,3,0.0,1.0,41.9685,12.5398,8.0
VIA ADA NEGRI x VIA GIACOMO ZANELLA,3,0.0,1.0,41.9474,12.5617,8.0
VIA PIETRO LUPI x VIALE DI TOR DI QUINTO,3,0.0,1.0,41.9447,12.4785,8.0
VIA PIETRO MARCHISIO x VIA STEFANO OBERTO,3,0.0,1.0,41.8501,12.5866,8.0
VIA TRIONFALE x VIALE DEI CAVALIERI DI VITTORIO VENETO,3,0.0,1.0,41.9218,12.4479,8.0
VIA DRUSO x VIALE DELLE TERME DI CARACALLA,3,0.0,1.0,41.88,12.4962,8.0
VIA ACCADEMIA DEGLI AGIATI x VIA DELL'ACCADEMIA PELORITANA,3,0.0,1.0,41.8514,12.4896,8.0
PIAZZA PIER CARLO TALENTI x VIA UGO OJETTI,3,0.0,1.0,41.9441,12.5474,8.0
VIA SICILIA x VIA TOSCANA,3,0.0,1.0,41.9088,12.4916,8.0
VIA PRENESTINA x VIA SABAUDIA,3,0.0,1.0,41.8943,12.5576,8.0
VIA ERMANNO WOLF FERRARI x VIALE CRISTOFORO COLOMBO,3,0.0,1.0,41.7546,12.3779,8.0
VIA GABRIELLO CHIABRERA x VIA SILVIO D'AMICO,3,0.0,1.0,41.8516,12.4787,8.0
PIAZZA SIDNEY SONNINO x VIALE DI TRASTEVERE,3,0.0,1.0,41.885149999999996,12.470749999999999,8.0
VIA SILVIO ANTONIANO x VIA TRIONFALE,3,0.0,1.0,41.9578,12.4124,8.0
LARGO DEI QUINTILI x VIA DEI LENTULI,3,0.0,1.0,41.8643,12.5473,8.0
VIA NICOLA MARIA NICOLAI x VIA POGGIO BRACCIOLINI,3,0.0,1.0,41.9461,12.5703,8.0
LUNGOTEVERE DEGLI ARTIGIANI x VIA DEGLI STRADIVARI,3,0.0,1.0,41.8747,12.4686,8.0
VIA DI S. ANGELA MERICI x VIA NOMENTANA,3,0.0,1.0,41.9238,12.5241,8.0
PIAZZA DEI CINQUECENTO x VIA CAVOUR,3,0.0,1.0,41.9013,12.4998,8.0
CIRCONVALLAZIONE OSTIENSE x VIA CAFFARO,3,0.0,1.0,41.8672,12.4859,8.0
VIALE EUROPA x VIALE UMBERTO TUPINI,3,0.0,1.0,41.831,12.4685,8.0
VIA MONZA x VIA TARANTO,3,0.0,1.0,41.8845,12.5151,8.0
PIAZZA CAPRI x VIALE PANTELLERIA,3,0.0,1.0,41.9451,12.5292,8.0
VIA MARIA ADELAIDE x VIA MARIA CRISTINA,3,0.0,1.0,41.9108,12.474,8.0
VIALE CITTA' D'EUROPA x VIALE DELL'OCEANO PACIFICO,3,0.0,1.0,41.8171,12.4595,8.0
VIA MONTEFALCO x VIA TODI,3,0.0,1.0,41.8799,12.5292,8.0
VIA DI POZZO PANTALEO x VIA PORTUENSE,3,0.0,1.0,41.8469,12.414,8.0
VIA MARCELLO PUCCI BONCAMBI x VIALE DELLE REPUBBLICHE MARINARE,3,0.0,1.0,41.735,12.2682,8.0
VIA AMALIA BETTINI x VIADOTTO ANTONIO SEGNI,3,0.0,1.0,41.9647,12.5303,8.0
VIA LUDOVICA ALBERTONI x VIA LUIGI ZAMBARELLI,3,0.0,1.0,41.8782,12.4442,8.0
VIA AMITERNO x VIA MAGNAGRECIA,3,0.0,1.0,41.8822,12.5084,8.0
VIALE DELL'ASTRONOMIA x VIALE PASTEUR,3,0.0,1.0,41.835,12.4644,8.0
PIAZZA DEI VESPRI SICILIANI x VIA GIOVANNI DA PROCIDA,3,0.0,1.0,41.9141,12.5254,8.0
VIA DI POZZO PANTALEO x VIA ODERISI DA GUBBIO,3,0.0,1.0,41.8654,12.4653,8.0
VIA DI LUNGHEZZA x VIA POGGIO SANNITA,3,0.0,1.0,41.923,12.672,8.0
VIA DI PRATO CORNELIO x VIA DOMENICO MORELLI,3,0.0,1.0,41.7738,12.3574,8.0
PIAZZA CLEMENTE XI x VIA GIOVANNI X,3,0.0,1.0,41.9139,12.4147,8.0
VIA ALFONSO ALBERGHETTI x VIA CARLO SARACENI,3,0.0,1.0,41.8679,12.6243,8.0
VIA LEONE IV x VIALE VATICANO,3,0.0,1.0,41.9087,12.4553,8.0
PIAZZA CARLO VITA FINZI x VIALE DELL'OCEANO ATLANTICO,2,0.0,1.0,41.8206,12.4789,7.0
VIA GARIBALDI x VIA GOFFREDO MAMELI,2,0.0,1.0,41.888549999999995,12.46725,7.0
VIA PONTREMOLI x VIA URBINO,2,0.0,1.0,41.8847,12.5116,7.0
VIA BARLETTA x VIALE DELLE MILIZIE,2,0.0,1.0,41.9112,12.459900000000001,7.0
VIA MADRE COLOMBA GABRIEL x VIALE FRA' ANDREA DI GIOVANNI,2,0.0,1.0,41.78035,12.3452,7.0
VIA DEL QUARTACCIO x VIA DI BOCCEA,2,0.0,1.0,41.919,12.3955,7.0
PIAZZA PIO XI x VIA FRANCESCO SATOLLI,2,0.0,1.0,41.895,12.4386,7.0
PIAZZA POMPEI x VIA SATURNIA,2,0.0,1.0,41.8795,12.5062,7.0
VIA DEL ROSMARINO x VIA LORENZO NERUCCI,2,0.0,1.0,41.78645,12.355550000000001,7.0
VIA GASPARE GOZZI x VIA SILVIO D'AMICO,2,0.0,1.0,41.8521,12.478100000000001,7.0
VIA GARIGLIANO x VIA RUBICONE,2,0.0,1.0,41.9198,12.501,7.0
PIAZZA RICCARDO BALSAMO CRIVELLI x VIA DIEGO ANGELI,2,0.0,1.0,41.90605,12.5513,7.0
PIAZZA PASQUALE PAOLI x PONTE VITTORIO EMANUELE II,2,0.0,1.0,41.90075,12.46505,7.0
VIA PRENESTINA x VIA ROMOLO VASELLI,2,0.0,1.0,41.8933,12.6155,7.0
VIA ATTILIO FRIGGERI x VIA DELLA BALDUINA,2,0.0,1.0,41.9207,12.4404,7.0
VIA GALLIA x VIA LICIA,2,0.0,1.0,41.881150000000005,12.5032,7.0
VIA CASILINA x VIA ENRICO GIGLIOLI,2,0.0,1.0,41.8644,12.609300000000001,7.0
VIA MANFREDONIA x VIA OSTUNI,2,0.0,1.0,41.891549999999995,12.5765,7.0
VIA SALARIA x VIALE SOMALIA,2,0.0,1.0,42.176649999999995,12.795300000000001,7.0
LARGO RODOLFO LANCIANI x VIA RODOLFO LANCIANI,2,0.0,1.0,41.9214,12.524000000000001,7.0
VIA PRENESTINA x VIALE DELLA STAZIONE PRENESTINA,2,0.0,1.0,41.8934,12.54695,7.0
VIA CASILINA x VIA GIULIO BONASONI,2,0.0,1.0,41.863600000000005,12.6127,7.0
VIA MAR ARABICO x VIA MAR ROSSO,2,0.0,1.0,41.733149999999995,12.299900000000001,7.0
VIA DEL PORTO FLUVIALE x VIA DELLE CONCE,7,0.0,0.0,41.8724,12.4787,7.0
VIA GIACOMO BRESADOLA x VIA PRENESTINA,2,0.0,1.0,41.8948,12.56,7.0
VIA GIACOMO ANTONIO CORTUSO x VIA NOMENTANA,2,0.0,1.0,41.959,12.5737,7.0
VIA CASILINA x VIA GIUSEPPE CEI,2,0.0,1.0,41.8706,12.582699999999999,7.0
PIAZZA BARBERINI x VIA VITTORIO VENETO,2,0.0,1.0,41.903999999999996,12.4886,7.0
VIA BELLAGIO x VIA FLAMINIA,2,0.0,1.0,41.9419,12.4718,7.0
VIA ATTILIO BENIGNI x VIALE EGIDIO GALBANI,2,0.0,1.0,41.931,12.5612,7.0
VIA PIETRO MARONCELLI x VIALE GIUSEPPE SIRTORI,2,0.0,1.0,41.8556,12.4484,7.0
PIAZZA MENENIO AGRIPPA x VIA CIMONE,2,0.0,1.0,41.9468,12.55475,7.0
VIA DAMIATA x VIALE DELLE MILIZIE,2,0.0,1.0,41.91235,12.46255,7.0
VIA DEL MONTE DELLA CAPANNA x VIA DEL QUARTACCIO,2,0.0,1.0,41.918549999999996,12.39325,7.0
VIA PIETRO OTTOBONI x VIA TIBURTINA,2,0.0,1.0,41.9084,12.5398,7.0
VIA CAMPO LIGURE x VIA DELL'ACQUEDOTTO PAOLO,2,0.0,1.0,41.9327,12.42125,7.0
LUNGOMARE DUCA DEGLI ABRUZZI x PIAZZA SCIPIONE AFRICANO,2,0.0,1.0,41.734700000000004,12.261849999999999,7.0
VIA GIOBERTI x VIA GIOVANNI AMENDOLA,2,0.0,1.0,41.89905,12.50075,7.0
LUNGOMARE AMERIGO VESPUCCI x PIAZZALE CRISTOFORO COLOMBO,2,0.0,1.0,41.75865,12.39265,7.0
VIA PO x VIA SIMETO,2,0.0,1.0,41.91605,12.4972,7.0
VIA DEL PODERE FIUME x VIA TORRESINA,2,0.0,1.0,41.928799999999995,12.40385,7.0
LARGO TRIONFALE x VIALE DELLE MILIZIE,2,0.0,1.0,41.91055,12.45475,7.0
VIA GIACOMO ZANELLA x VIA GIOVANNI VERGA,2,0.0,1.0,41.9487,12.5607,7.0
VIA GIACOMO FOLCHI x VIA PORTUENSE,2,0.0,1.0,41.8469,12.414,7.0
VIA DEI MELI x VIALE ALESSANDRINO,2,0.0,1.0,41.8812,12.5773,7.0
VIA DELLA BUFALOTTA x VIA FEDERICO TOZZI,2,0.0,1.0,41.9676,12.5499,7.0
VIA BARTOLOMEO FILIPPERI x VIA GUSTAVO MODENA,2,0.0,1.0,41.8901,12.4733,7.0
VIA DEL PONTE DI CASTEL GIUBILEO x VIA GUIDO GRANDI,2,0.0,1.0,41.9862,12.495049999999999,7.0
VIA GABRIELE TORREMUZZA x VIALE DEI ROMAGNOLI,2,0.0,1.0,41.77275,12.332550000000001,7.0
VIA DEI FRASSINI x VIA DELLE ROBINIE,2,0.0,1.0,41.8826,12.56805,7.0
PIAZZA SESSA AURUNCA x VIA LABICO,2,0.0,1.0,41.88355,12.549900000000001,7.0
PIAZZA VITTORIO EMANUELE II x VIA RICASOLI,2,0.0,1.0,41.894999999999996,12.505099999999999,7.0
PIAZZA CAMILLO RE x VIA ALFREDO BACCARINI,2,0.0,1.0,41.8762,12.5165,7.0
VIA FRANCESCO DONATI x VIA GIOVANNI DELLA PENNA,2,0.0,1.0,41.77845,12.341899999999999,7.0
VIA DELL'IMBRECCIATO x VIA PORTUENSE,2,0.0,1.0,41.8469,12.414,7.0
VIA AURELIA ANTICA x VIA DELLA NOCETTA,2,0.0,1.0,41.88675,12.4335,7.0
VIA CANTERANO x VIA DI CASAL BIANCO,2,0.0,1.0,41.94,12.6262,7.0
PIAZZALE APPIO x VIA APPIA NUOVA,2,0.0,1.0,41.8856,12.5097,7.0
PIAZZA CARLO VITA FINZI x VIALE DELL'UMANESIMO,2,0.0,1.0,41.82065,12.47875,7.0
VIA AUGUSTO TEBALDI x VIA VINCENZO TOMASSINI,2,0.0,1.0,41.9278,12.4136,7.0
VIA DEI LATERANI x VIA DELL'AMBA ARADAM,2,0.0,1.0,41.8856,12.50295,7.0
VIA FRANCESCO AZZURRI x VIA MARENTINO,2,0.0,1.0,41.907650000000004,12.3901,7.0
VIA DEI GONZAGA x VIA DI BRAVETTA,2,0.0,1.0,41.8762,12.4257,7.0
VIA RUTILIO NAMAZIANO x VIALE DELLA MARINA,2,0.0,1.0,41.7311,12.2773,7.0
VIA FORNACI DI TOR DI QUINTO x VIALE DI TOR DI QUINTO,2,0.0,1.0,41.9387,12.4814,7.0
VIA SABOTINO x VIALE ANGELICO,2,0.0,1.0,41.9173,12.4586,7.0
PIAZZALE DEI CADUTI DELLA MONTAGNOLA x VIA FONTE BUONO,2,0.0,1.0,41.8457,12.4831,7.0
VIA FONTANA LIRI x VIA ROVIANO,2,0.0,1.0,41.8923,12.5562,7.0
VIA SALARIA x VIA TIRSO,2,0.0,1.0,41.919,12.4979,7.0
LARGO FORANO x VIA ALESSANDRO VESSELLA,2,0.0,1.0,41.936099999999996,12.5108,7.0
VIA DELLA BATTERIA NOMENTANA x VIA NOMENTANA,2,0.0,1.0,41.9275,12.52455,7.0
LARGO FORANO x VIALE SOMALIA,2,0.0,1.0,41.935649999999995,12.51315,7.0
VIA CASSIA x VIA DEI DUE PONTI,2,0.0,1.0,41.9631,12.44715,7.0
VIA ROCCARASO x VIALE CORTINA D'AMPEZZO,2,0.0,1.0,41.9478,12.4437,7.0
VIA DEI GELSI x VIA DELLA SAGGINA,2,0.0,1.0,41.8898,12.572,7.0
VIA DELLA BUFALOTTA x VIA DI CASAL BOCCONE,2,0.0,1.0,41.966,12.54955,7.0
VIA DELLA BUFALOTTA x VIA DI TOR S. GIOVANNI,2,0.0,1.0,41.9866,12.5718,7.0
VIA MICHELE PIRONTI x VIA NICOLA COVIELLO,2,0.0,1.0,41.89305,12.4117,7.0
VIA RENATO FUCINI x VIA UMBERTO FRACCHIA,2,0.0,1.0,41.9508,12.549900000000001,7.0
VIA CASILINA x VIA PLACIDO ZURLA,2,0.0,1.0,41.8831,12.53365,7.0
VIA RIDOLFINO VENUTI x VIALE VENTUNO APRILE,2,0.0,1.0,41.9177,12.52,7.0
VIA CRISTOFORO COLOMBO x VIALE MARCO POLO,2,0.0,1.0,41.8293,12.4504,7.0
VIA MAR GIALLO x VIA MAR ROSSO,2,0.0,1.0,41.73415,12.29745,7.0
VIA MAR ROSSO x VIA MARE DI TASMAN,2,0.0,1.0,41.7333,12.2996,7.0
LARGO IRPINIA x VIA PRENESTINA,2,0.0,1.0,41.893600000000006,12.5503,7.0
PIAZZA MARIANO ARMELLINI x VIA ORESTE TOMMASINI,2,0.0,1.0,41.918549999999996,12.52245,7.0
VIA CAPO PASSERO x VIA FEDERICO PAOLINI,2,0.0,1.0,41.735,12.289750000000002,7.0
VIA DELL'ANNUNZIATELLA x VIA GIULIO ARISTIDE SARTORIO,2,0.0,1.0,41.85425,12.50595,7.0
VIA RIMINI x VIA URBINO,2,0.0,1.0,41.8844,12.5121,7.0
VIA MATTEO PALMIERI x VIA TERESA GNOLI,2,0.0,1.0,41.94435,12.4214,7.0
VIA CASILINA x VIA VARVARIANA,2,0.0,1.0,41.8649,12.603,7.0
VIA ATTILIO HORTIS x VIALE DELLA VENEZIA GIULIA,2,0.0,1.0,41.89575,12.5482,7.0
PIAZZA VEGA x VIALE VEGA,2,0.0,1.0,41.7264,12.2951,7.0
VIA DELL'ARCHEOLOGIA x VIA GIOVANNI CASTANO,2,0.0,1.0,41.89475,12.5502,7.0
LARGO GIOVANNI RONCAGLI x VIA CESARE LAURENTI,2,0.0,1.0,41.73415,12.2842,7.0
PIAZZA VINCI x VIA AGLIANA,2,0.0,1.0,41.95765,12.516649999999998,7.0
VIA DEI FULVI x VIALE OPITA OPPIO,2,0.0,1.0,41.86175,12.54785,7.0
VIA FRANCESCO GENTILE x VIALE BRUNO RIZZIERI,2,0.0,1.0,41.852450000000005,12.587,7.0
VIA DEI DUE PONTI x VIA ORIOLO ROMANO,2,0.0,1.0,41.9665,12.4614,7.0
VIA DEL LIDO DI CASTELPORZIANO x VIA LITORANEA,2,0.0,1.0,41.69525,12.36035,7.0
VIA CASILINA x VIA CASILINA VECCHIA,2,0.0,1.0,41.887,12.52425,7.0
VIA CARLO FEA x VIA NOMENTANA,2,0.0,1.0,41.920199999999994,12.51705,7.0
VIA DEL CASALE DI S. ANGELO x VIA DI TRAGLIATELLA,2,0.0,1.0,42.017300000000006,12.2429,7.0
VIA BREMBIO x VIA DEI MONTI DELLA VALCHETTA,2,0.0,1.0,41.993399999999994,12.48725,7.0
PIAZZA DI S. CROCE IN GERUSALEMME x VIA DI S. CROCE IN GERUSALEMME,2,0.0,1.0,41.8888,12.51475,7.0
PIAZZA DI S. CROCE IN GERUSALEMME x VIALE CARLO FELICE,2,0.0,1.0,41.888,12.5142,7.0
VIA OBERDAN PETRINI x VIALE DELLA PRIMAVERA,2,0.0,1.0,41.880750000000006,12.559650000000001,7.0
VIA BRACCIANENSE x VIA DI S. MARIA DI GALERIA,2,0.0,1.0,42.025,12.340399999999999,7.0
VIA GUGLIELMO DEGLI UBERTINI x VIA SAMPIERO DI BASTELICA,2,0.0,1.0,41.89085,12.539850000000001,7.0
VIA DEL CASALE DI S. BASILIO x VIA S. GIUSEPPE CAFASSO,2,0.0,1.0,41.9368,12.5813,7.0
VIA BRA x VIA DI BOCCEA,2,0.0,1.0,41.9149,12.3847,7.0
PIAZZA DELLA LIBERTA' x VIA COLA DI RIENZO,2,0.0,1.0,41.90865,12.4679,7.0
PIAZZA DI S. MARIA AUSILIATRICE x VIA UMBERTIDE,2,0.0,1.0,41.8738,12.5304,7.0
VIA DEL CASALE NINFEO x VIA DELLA PISANA,2,0.0,1.0,41.8577,12.389,7.0
PIAZZA DI PORTA S. PAOLO x VIALE GIOTTO,2,0.0,1.0,41.87675,12.48415,7.0
VIA DEL CASALE SOLARO x VIA DI VIGNA MURATA,2,0.0,1.0,41.82640000000001,12.5002,7.0
VIA OSTIENSE x VIA SALVINO SERNESI,2,0.0,1.0,41.8482,12.474250000000001,7.0
LUNGOTEVERE DI PIETRA PAPA x PONTE GUGLIELMO MARCONI,2,0.0,1.0,41.8599,12.4706,7.0
VIA GUARDIA PIEMONTESE x VIA MANDANICI,2,0.0,1.0,41.8682,12.6837,7.0
VIA GUALTIERO CASTELLINI x VIALE PARIOLI,2,0.0,1.0,41.9258,12.4874,7.0
PIAZZA DELL'INDIPENDENZA x VIA SAN MARTINO DELLA BATTAGLIA,2,0.0,1.0,41.9045,12.50225,7.0
VIA PALOMBARENSE x VIA RINALDO D'AQUINO,2,0.0,1.0,41.96495,12.617650000000001,7.0
VIA DEGLI SCIPIONI x VIA EZIO,2,0.0,1.0,41.9098,12.463,7.0
VIA GRANITO DI BELMONTE x VIALE DELLA MARINA,2,0.0,1.0,41.7311,12.2773,7.0
LUNGOTEVERE DELL'ACQUA ACETOSA x VIA SASSI DI S. GIULIANO,2,0.0,1.0,41.9355,12.4757,7.0
VIA DEGLI ORTI DI CESARE x VIA PORTUENSE,2,0.0,1.0,41.8469,12.414,7.0
VIA CALPURNIO PISONE x VIA PAPIRIA,2,0.0,1.0,41.86305,12.5638,7.0
PIAZZA DELLA REPUBBLICA x VIA DELLE TERME DI DIOCLEZIANO,2,0.0,1.0,41.9025,12.4964,7.0
VIA GIOVANNI ANTONIO ANTOLINI x VIALE DEI ROMAGNOLI,2,0.0,1.0,41.7615,12.3054,7.0
VIA CALIMERA x VIA DI TORRENOVA,2,0.0,1.0,41.8867,12.6203,7.0
VIA DEI CERCHI x VIA DELL'ARA MASSIMA DI ERCOLE,2,0.0,1.0,41.8882,12.4833,7.0
VIA LAURENTINA x VIALE DELL'OCEANO ATLANTICO,2,0.0,1.0,41.813900000000004,12.475349999999999,7.0
LUNGOTEVERE SALVO D'ACQUISTO x VIA URUGUAY,2,0.0,1.0,41.935,12.46975,7.0
LUNGOTEVERE TESTACCIO x VIA GIOVANNI BATTISTA BODONI,2,0.0,1.0,41.8776,12.47075,7.0
VIA CAIO ATEIO CAPITONE x VIALE TITO LABIENO,2,0.0,1.0,41.850750000000005,12.564150000000001,7.0
LUNGOTEVERE TESTACCIO x VIA GUSTAVO BIANCHI,2,0.0,1.0,41.8814,12.4737,7.0
LUNGOTEVERE TESTACCIO x VIA ORAZIO ANTINORI,2,0.0,1.0,41.879099999999994,12.4716,7.0
VIA DEI QUERCETI x VIA DI S. GIOVANNI IN LATERANO,2,0.0,1.0,41.888400000000004,12.5006,7.0
VIA LATINA x VIA MACEDONIA,2,0.0,1.0,41.8718,12.5129,7.0
VIA LARIANA x VIA TARO,2,0.0,1.0,41.92345,12.5042,7.0
VIA NAZIONALE x VIA VENEZIA,2,0.0,1.0,41.9002,12.4925,7.0
VIA DEI SETTE METRI x VIA DELLA TENUTA DEL CASALOTTO,2,0.0,1.0,41.8178,12.6094,7.0
PIAZZA DI PORTA S. PAOLO x VIALE DELLA PIRAMIDE CESTIA,2,0.0,1.0,41.877,12.4819,7.0
VIA NOLA x VIALE CARLO FELICE,2,0.0,1.0,41.888,12.5142,7.0
VIA NATALE BALBIANI x VIALE DUILIO CAMBELLOTTI,2,0.0,1.0,41.8692,12.633,7.0
LUNGOTEVERE MARZIO x PONTE UMBERTO I,2,0.0,1.0,41.9021,12.47165,7.0
PIAZZA DELLA STAZIONE DI S. PIETRO x VIA DELLA STAZIONE DI S. PIETRO,2,0.0,1.0,41.89675,12.45525,7.0
VIA DEI CANTELMO x VIA DELLA CASETTA MATTEI,2,0.0,1.0,41.8579,12.4196,7.0
VIA DEI CADUTI SENZA CROCE x VIA OSTIENSE,2,0.0,1.0,41.830299999999994,12.449,7.0
PIAZZA DI PORTA S. PAOLO x PIAZZALE OSTIENSE,2,0.0,1.0,41.87695,12.48195,7.0
VIA BRUNO BRANDELLERO x VIA EDMONDO BRUNO ARNAUD,2,0.0,1.0,41.8052,12.44985,7.0
VIA CALPURNIO FIAMMA x VIA EMILIO LEPIDO,2,0.0,1.0,41.8592,12.5596,7.0
LUNGOTEVERE MARESCIALLO DIAZ x PIAZZALE DI PONTE MILVIO,2,0.0,1.0,41.9362,12.464649999999999,7.0
PIAZZA DELLA REPUBBLICA x VIA VITTORIO EMANUELE ORLANDO,2,0.0,1.0,41.9032,12.4957,7.0
VIA DEI PESCATORI x VIA DEL FOSSO DI DRAGONCELLO,2,0.0,1.0,41.75495,12.33215,7.0
VIA DEL CASTRO PRETORIO x VIA VARESE,2,0.0,1.0,41.902,12.505949999999999,7.0
VIA GIUSEPPE ROSATI x VIALE FILIPPO DE PISIS,2,0.0,1.0,41.89965,12.5896,7.0
VIA BERNARDINO ALIMENA x VIA ORAZIO RAIMONDO,2,0.0,1.0,41.84855,12.5977,7.0
LUNGOTEVERE AVENTINO x PONTE SUBLICIO,2,0.0,1.0,41.8828,12.4757,7.0
LUNGOTEVERE ARNALDO DA BRESCIA x VIA LUISA DI SAVOIA,2,0.0,1.0,41.9113,12.4742,7.0
AUTOSTRADA PER L'AQUILA x VIA GIUSEPPE ANTONIO ANDRIULLI,2,0.0,1.0,41.9024,12.557,7.0
VIA BERNARDINO RAMAZZINI x VIA GIACOMO FOLCHI,2,0.0,1.0,41.8666,12.4505,7.0
VIA GIOVANNI PAOLO PANNINI x VIA GUIDO RENI,2,0.0,1.0,41.9275,12.46455,7.0
VIA GIOVANNI PALATUCCI x VIA MARINO DALMONTE,2,0.0,1.0,42.0649,12.3335,7.0
VIA LUIGI ANGELONI x VIA PIETRO MARONCELLI,2,0.0,1.0,41.8548,12.45,7.0
VIA BERNARDINO PASSERI x VIA ETTORE ROLLI,2,0.0,1.0,41.8743,12.4676,7.0
VIA DEGLI ALBERINI x VIA DI GROTTA DI GREGNA,2,0.0,1.0,41.9178,12.5676,7.0
VIA GIOVANNI MAGGI x VIA LEONARDO BUFALINI,2,0.0,1.0,41.8823,12.53885,7.0
PIAZZA GREGORIO RONCA x VIA CESARE LAURENTI,2,0.0,1.0,41.7336,12.286,7.0
VIA LUIGI ARNALDO VASSALLO x VIA PIO MOLAJONI,2,0.0,1.0,41.9072,12.539,7.0
VIA GIUSEPPE ROMITA x VIA VITTORIO EMANUELE ORLANDO,2,0.0,1.0,41.9036,12.4956,7.0
VIA CARINI x VIA FRANCESCO SAVERIO SPROVIERI,2,0.0,1.0,41.8852,12.4609,7.0
LUNGOMARE PAOLO TOSCANELLI x VIALE DELLE REPUBBLICHE MARINARE,2,0.0,1.0,41.73255,12.271550000000001,7.0
VIA DEL GRAN PARADISO x VIA MONTE ROCCHETTA,2,0.0,1.0,41.9473,12.5317,7.0
VIA DEL LABARO x VIA FLAMINIA,2,0.0,1.0,41.989599999999996,12.4929,7.0
VIA GIOVANNI DELLA CASA x VIA TRIONFALE,2,0.0,1.0,41.94315,12.420300000000001,7.0
VIA CAMILLO PRAMPOLINI x VIA PRENESTINA,2,0.0,1.0,41.894450000000006,12.577300000000001,7.0
LUNGOMARE PAOLO TOSCANELLI x VIA GIULIANO DA SANGALLO,2,0.0,1.0,41.7311,12.274049999999999,7.0
LUNGOTEVERE TESTACCIO x VIA ALDO MANUZIO,2,0.0,1.0,41.8758,12.471250000000001,7.0
VIA CAMILLO SERAFINI x VIA DI BRAVETTA,2,0.0,1.0,41.8762,12.4257,7.0
PIAZZA IRNERIO x VIA DI BOCCEA,2,0.0,1.0,41.8984,12.4298,7.0
VIA DEL MAGGIOLINO x VIA PRENESTINA,2,0.0,1.0,41.89385,12.6067,7.0
VIA DEGLI ANGELI x VIA DEI SAVORGNAN,2,0.0,1.0,41.8757,12.5386,7.0
VIA PIERO COLONNA x VIALE PROSPERO COLONNA,2,0.0,1.0,41.8555,12.4525,7.0
VIA BERNARDO BLUMENSTIHL x VIA DELLA CAMILLUCCIA,2,0.0,1.0,41.935950000000005,12.442599999999999,7.0
LUNGOTEVERE DE' CENCI x PIAZZA DELLE CINQUE SCOLE,2,0.0,1.0,41.89195,12.476099999999999,7.0
VIA MONTE GIBERTO x VIA SERRAPETRONA,2,0.0,1.0,41.9788,12.5162,7.0
VIA GIUSEPPE PITRE' x VIA LIVORNO,2,0.0,1.0,41.914550000000006,12.5225,7.0
LUNGOTEVERE DEI SANGALLO x VICOLO DEL CEFALO,2,0.0,1.0,41.8981,12.4652,7.0
LUNGOTEVERE DEI SANGALLO x VIA ACCIAIOLI,2,0.0,1.0,41.89895,12.464749999999999,7.0
VIA LUCREZIA ROMANA x VIA MARIO BROGLIO,2,0.0,1.0,41.8322,12.5784,7.0
VIA DEL CORSO x VIA DELLE CONVERTITE,2,0.0,1.0,41.902550000000005,12.48,7.0
VIA PARTANNA x VIA SCICLI,2,0.0,1.0,41.8667,12.6541,7.0
VIA GIUSEPPE MARCHI x VIALE VENTUNO APRILE,2,0.0,1.0,41.91875,12.51975,7.0
PIAZZA FABIO SABATINI x VIA STEFANO OBERTO,2,0.0,1.0,41.847049999999996,12.59055,7.0
VIA PASTRENGO x VIA VENTI SETTEMBRE,2,0.0,1.0,41.9055,12.49585,7.0
VIA GIUSEPPE DE LUCA x VIA MATTIA BATTISTINI,2,0.0,1.0,41.9139,12.4184,7.0
PIAZZALE DELL'UMANESIMO x VIALE DELL'UMANESIMO,2,0.0,1.0,41.82175,12.4743,7.0
VIA DEI PAMPINI x VIALE PALMIRO TOGLIATTI,2,0.0,1.0,41.88295,12.5729,7.0
PIAZZA FONTEIANA x VIA FONTEIANA,2,0.0,1.0,41.8805,12.45435,7.0
PIAZZA APOLLODORO x VIALE TIZIANO,2,0.0,1.0,41.92875,12.46975,7.0
VIA CAMILLA x VIA MUZIO SCEVOLA,2,0.0,1.0,41.8752,12.526299999999999,7.0
PIAZZA GALERIA x VIA ACAIA,2,0.0,1.0,41.8754,12.507349999999999,7.0
VIA CARLO STUPARICH x VIALE PARIOLI,2,0.0,1.0,41.9273,12.48675,7.0
PIAZZA GIMMA x VIALE LIBIA,2,0.0,1.0,41.930899999999994,12.51825,7.0
PIAZZA DEL VILLAGGIO DI S. FRANCESCO x VIALE DEI ROMAGNOLI,2,0.0,1.0,41.7815,12.354849999999999,7.0
VIA DEI MONTI PARIOLI x VIALE BRUNO BUOZZI,2,0.0,1.0,41.9214,12.4817,7.0
VIA DEGLI ENOTRI x VIA DEI RETI,2,0.0,1.0,41.89755,12.5186,7.0
LUNGOTEVERE DE' CENCI x PIAZZA GERUSALEMME,2,0.0,1.0,41.89175,12.4781,7.0
VIA ATTILIO AMBROSINI x VIA DI GROTTA PERFETTA,2,0.0,1.0,41.843999999999994,12.49475,7.0
VIA ROMOLO TRINCHIERI x VIA TOR DE' SCHIAVI,2,0.0,1.0,41.88245,12.5627,7.0
VIA SALISBURGO x VIALE CITTA' D'EUROPA,2,0.0,1.0,41.8221,12.4525,7.0
CORSO REGINA MARIA PIA x VIA LUIGI BORSARI,2,0.0,1.0,41.72925,12.2852,7.0
CORSO REGINA MARIA PIA x VIA ANGELO CELLI,2,0.0,1.0,41.7307,12.28145,7.0
VIA DI TORREVECCHIA x VIA GAETANO PERUSINI,2,0.0,1.0,41.9288,12.41655,7.0
VIA DI TORREVECCHIA x VIA FRANCESCO GIOVANNI COMMENDONE,2,0.0,1.0,41.9234,12.4123,7.0
VIA AL SESTO MIGLIO x VIA CASSIA,2,0.0,1.0,41.97495,12.4267,7.0
VIA ALBALONGA x VIA CENEDA,2,0.0,1.0,41.88005,12.5133,7.0
VIA ALBERESE x VIA DI S. PANTALEO CAMPANO,2,0.0,1.0,41.84905,12.43975,7.0
VIA DELLE ISOLE CURZOLANE x VIA SCARPANTO,2,0.0,1.0,41.9488,12.532,7.0
VIA DI TORREVECCHIA x VIA DI VAL FAVARA,2,0.0,1.0,41.925650000000005,12.41475,7.0
VIA COLLEDIMACINE x VIA OSTERIA DELLE CAPANNACCE,2,0.0,1.0,41.9388,12.64805,7.0
VIA DI TORRENOVA x VIA LAERTE,2,0.0,1.0,41.87025,12.6168,7.0
VIA ALBERTO BURRI x VIA DEL CASALE FERRANTI,2,0.0,1.0,41.834149999999994,12.5836,7.0
VIA VALLE VERMIGLIO x VIALE VAL PADANA,2,0.0,1.0,41.94215,12.5239,7.0
VIA ANTONIO ROITI x VIALE GUGLIELMO MARCONI,2,0.0,1.0,41.8573,12.4713,7.0
VIA DI TOR VERGATA x VIA TUSCOLANA,2,0.0,1.0,41.8351,12.6064,7.0
VIA CERNAIA x VIA GOITO,2,0.0,1.0,41.9064,12.50005,7.0
VIA ALBERTO EINSTEIN x VIALE GUGLIELMO MARCONI,2,0.0,1.0,41.8573,12.4713,7.0
VIA CERNAIA x VIA PASTRENGO,2,0.0,1.0,41.90455,12.49735,7.0
VIA ALBERTO MARIO x VIA ALESSANDRO POERIO,2,0.0,1.0,41.8793,12.4631,7.0
VIA DI TOR TRE TESTE x VIA PIETRO FUMAROLI,2,0.0,1.0,41.8915,12.591,7.0
VIA ANTONIO NIBBY x VIA NOMENTANA,2,0.0,1.0,41.9181,12.515450000000001,7.0
VIA DI TOR SAPIENZA x VIA PRENESTINA,2,0.0,1.0,41.894149999999996,12.5923,7.0
VIA VICENZA x VIALE CASTRO PRETORIO,2,0.0,1.0,41.9054,12.5058,7.0
VIA ALDO SANDULLI x VIA DONATO MENICHELLA,2,0.0,1.0,41.9479,12.58595,7.0
VIA CESARE BARONIO x VIA GIUSEPPE MANNO,2,0.0,1.0,41.873149999999995,12.51985,7.0
VIA ALESSANDRO ALGARDI x VIA BASILIO BRICCI,2,0.0,1.0,41.8852,12.4575,7.0
VIA AOSTA x VIA TARANTO,2,0.0,1.0,41.8835,12.5147,7.0
VIA DI TORREVECCHIA x VIA MONTEBRUNO,2,0.0,1.0,41.9311,12.4193,7.0
VIA DI SELVA CANDIDA x VIA PONDERANO,2,0.0,1.0,41.9359,12.3776,7.0
VIA AGOSTINO DEPRETIS x VIA NAZIONALE,2,0.0,1.0,41.9009,12.4914,7.0
VIA CASTELPETROSO x VIA CIVITACAMPOMARANO,2,0.0,1.0,41.93425,12.64285,7.0
VIA ACQUARONI x VIA DEL FUOCO SACRO,2,0.0,1.0,41.8658,12.644300000000001,7.0
VIA DELLA SCROFA x VIA DELLA STELLETTA,2,0.0,1.0,41.9017,12.475,7.0
VIA CORNELIA x VIA SUOR MARIA AGOSTINA,2,0.0,1.0,41.90235,12.3884,7.0
VIA ACQUARONI x VIALE PAOLO FERDINANDO QUAGLIA,2,0.0,1.0,41.86695,12.643,7.0
VIA CORLEONE x VIA DI ROCCA CENCIA,2,0.0,1.0,41.8646,12.6876,7.0
VIA TUSCOLANA x VIALE AMELIA,2,0.0,1.0,41.877449999999996,12.52495,7.0
VIA ULISSE ALDROVANDI x VIALE GIOACCHINO ROSSINI,2,0.0,1.0,41.91985,12.49095,7.0
VIA CORI x VIA TEANO,2,0.0,1.0,41.88935,12.5493,7.0
VIA DELLA STAZIONE VATICANA x VIA DI PORTA CAVALLEGGERI,2,0.0,1.0,41.9002,12.4571,7.0
VIA ADALBERTO x VIA MATILDE DI CANOSSA,2,0.0,1.0,41.91025,12.52505,7.0
VIA UMBERTO GIORDANO x VIA VINCENZO DAVICO,2,0.0,1.0,41.7412,12.3613,7.0
VIA ADIGE x VIA AGRI,2,0.0,1.0,41.9215,12.5033,7.0
VIA DI VILLA CHIGI x VIA MORICONE,2,0.0,1.0,41.93315,12.514050000000001,7.0
CORSO VITTORIO EMANUELE II x PIAZZA DELLA CANCELLERIA,2,0.0,1.0,41.8972,12.4712,7.0
VIA DI VILLA BETANIA x VIA NICOLO' PICCOLOMINI,2,0.0,1.0,41.890950000000004,12.4429,7.0
VIA DELLA VASCA NAVALE x VIALE GUGLIELMO MARCONI,2,0.0,1.0,41.8586,12.4708,7.0
VIA ADOLFO GANDIGLIO x VIA LORENZO ROCCI,2,0.0,1.0,41.8645,12.4408,7.0
VIA CONTE ROSSO x VIA UMBERTO BIANCAMANO,2,0.0,1.0,41.8875,12.51015,7.0
VIA DELLE ACACIE x VIALE PALMIRO TOGLIATTI,2,0.0,1.0,41.889250000000004,12.573550000000001,7.0
VIA APPIA NUOVA x VIA CARLO CIPOLLA,2,0.0,1.0,41.8664,12.5307,7.0
CORSO TRIESTE x VIA DALMAZIA,2,0.0,1.0,41.9204,12.5094,7.0
VIA DELLE ANTILLE x VIA DELLE BALEARI,2,0.0,1.0,41.7382,12.2808,7.0
VIA FLAMINIA x VIA GUIDO RENI,2,0.0,1.0,41.92815,12.4672,7.0
CORSO TRIESTE x PIAZZA TRENTO,2,0.0,1.0,41.9172,12.5056,7.0
VIA DELLE VIGNE NUOVE x VIA MONTE MASSICO,2,0.0,1.0,41.9554,12.5358,7.0
VIA ALESSANDRO FARNESE x VIA DEGLI SCIPIONI,2,0.0,1.0,41.9109,12.4677,7.0
VIA DELLA RISERVA NUOVA x VIA DON PRIMO MAZZOLARI,2,0.0,1.0,41.89305,12.67695,7.0
VIA COL DI REZIA x VIALE ADRIATICO,2,0.0,1.0,41.942350000000005,12.53695,7.0
VIA ANGELO POLIZIANO x VIA CARLO BOTTA,2,0.0,1.0,41.8916,12.5005,7.0
VIA ANGELO MARABINI x VIA BENEDETTO TORTI,2,0.0,1.0,41.8643,12.6493,7.0
VIA ANGELO EMO x VIA GIUSEPPE DI BARTOLO,2,0.0,1.0,41.9039,12.44515,7.0
VIA DI CASAL BIANCO x VIA MANLIO VOPISCO,2,0.0,1.0,41.9513,12.64715,7.0
VIA ANGELO EMO x VIA DOMENICO MILLELIRE,2,0.0,1.0,41.904650000000004,12.4466,7.0
VIA DI MARCO SIMONE x VIA TIBURTINA,2,0.0,1.0,41.9417,12.645150000000001,7.0
VIA DI CASAL BRUCIATO x VIA GIUSEPPE DONATI,2,0.0,1.0,41.90695,12.5485,7.0
CIRCONVALLAZIONE GIANICOLENSE x VIA QUIRINO MAJORANA,2,0.0,1.0,41.8725,12.4496,7.0
VIA DI MACCHIA SAPONARA x VIA GIUSEPPE MOLTENI,2,0.0,1.0,41.7747,12.3531,7.0
VIALE DEI PRIMATI SPORTIVI x VIALE DELL'OCEANO PACIFICO,2,0.0,1.0,41.8269,12.4548,7.0
CIRCONVALLAZIONE GIANICOLENSE x VIA DEL CASALETTO,2,0.0,1.0,41.869550000000004,12.4438,7.0
CIRCONVALLAZIONE CLODIA x VIA FASANA,2,0.0,1.0,41.9196,12.4572,7.0
VIALE DELLA MOSCHEA x VIALE PARIOLI,2,0.0,1.0,41.927800000000005,12.4861,7.0
VIA DI LUNGHEZZINA x VIA POLENSE,2,0.0,1.0,41.9162,12.70835,7.0
CIRCONVALLAZIONE CASILINA x VIA PRENESTINA,2,0.0,1.0,41.891149999999996,12.528,7.0
VIA DI CASAL PALOCCO x VIALE ALESSANDRO MAGNO,2,0.0,1.0,41.74905,12.3528,7.0
VIALE DELLA VITTORIA x VIALE PAOLO ORLANDO,2,0.0,1.0,41.731,12.2858,7.0
VIALE DELLE REPUBBLICHE MARINARE x VIALE VASCO DE GAMA,2,0.0,1.0,41.735,12.2682,7.0
VIA DI GROTTA PERFETTA x VIA PRIMO CARNERA,2,0.0,1.0,41.8346,12.5129,7.0
VIA DI CASALOTTI x VIA DI POLLETRARA,2,0.0,1.0,41.915949999999995,12.36955,7.0
VIA DI CASALOTTI x VIA MARETTO,2,0.0,1.0,41.9161,12.3716,7.0
VIA DI GIARDINETTI x VIA EMILIANO DEGLI ORFINI,2,0.0,1.0,41.86005,12.603100000000001,7.0
VIA ANAPO x VIA FOGLIANO,2,0.0,1.0,41.92615,12.50685,7.0
VIA ANAPO x VIA SALARIA,2,0.0,1.0,41.956999999999994,12.50865,7.0
VIA ANDREA DI BONAIUTO x VIA ANTONIO PISANO,2,0.0,1.0,41.8278,12.4909,7.0
VIA DI PONTE LADRONE x VIA OSTIENSE,2,0.0,1.0,41.799949999999995,12.3994,7.0
VIA ANGELO ZOTTOLI x VIA DI ACILIA,2,0.0,1.0,41.7839,12.3633,7.0
VIA DELLE VIGNE NUOVE x VIADOTTO GIOVANNI GRONCHI,2,0.0,1.0,41.95895,12.5347,7.0
VIALE CAPITAN CASELLA x VIALE DELLA VITTORIA,2,0.0,1.0,41.7293,12.288,7.0
VIA DI SELVA CANDIDA x VIA NOSATE,2,0.0,1.0,41.9362,12.3778,7.0
VIA DI SAPONARA x VIA NAPOLEONE PARISANI,2,0.0,1.0,41.77265,12.341000000000001,7.0
CORSO D'ITALIA x VIA PO,2,0.0,1.0,41.9093,12.49485,7.0
VIA DEMETRIADE x VIA FRASCATI,2,0.0,1.0,41.86515,12.542,7.0
VIA CESARE BECCARIA x VIA GIAMBATTISTA VICO,2,0.0,1.0,41.9127,12.4746,7.0
VIA DI SAPONARA x VIA EUGENIO CECCONI,2,0.0,1.0,41.7729,12.3418,7.0
VIA ALESSANDRO SOLIVETTI x VIA ANDREA VERGA,2,0.0,1.0,41.9364,12.4191,7.0
VIA DI ACQUA ACETOSA OSTIENSE x VIA PONTINA,2,0.0,1.0,41.8067,12.4571,7.0
VIALE AURELIO SAFFI x VIALE DELLE MURA GIANICOLENSI,2,0.0,1.0,41.8839,12.46425,7.0
VIA DI ACQUA BULLICANTE x VIA POLICASTRO,2,0.0,1.0,41.8828,12.5433,7.0
VIA DI ACQUA BULLICANTE x VIA TEANO,2,0.0,1.0,41.8906,12.5421,7.0
VIA DI S. COSTANZA x VIA SPALATO,2,0.0,1.0,41.9223,12.5151,7.0
VIALE BRUNO PELIZZI x VIALE ROLANDO VIGNALI,2,0.0,1.0,41.85809999999999,12.58155,7.0
VIA ANTONAZZO ROMANO x VIALE PINTURICCHIO,2,0.0,1.0,41.9303,12.4646,7.0
VIA DI AFFOGALASINO x VIA PORTUENSE,2,0.0,1.0,41.8469,12.414,7.0
VIA ALFIERI x VIA MERULANA,2,0.0,1.0,41.89145,12.50225,7.0
VIA ALFONSO ANTONINI x VIA GIUSEPPE DALLA VEDOVA,2,0.0,1.0,41.8864,12.5423,7.0
VIA DI BOCCEA x VIA DI S. GEMMA,2,0.0,1.0,41.9149,12.3847,7.0
VIA COLLATINA VECCHIA x VIA DI GROTTA DI GREGNA,2,0.0,1.0,41.90135,12.5673,7.0
VIA ALFONSO TORELLI x VIA IGNAZIO PETTINENGO,2,0.0,1.0,41.9,12.539,7.0
CIRCONVALLAZIONE OSTIENSE x VIA CRISTOFORO COLOMBO,2,0.0,1.0,41.86735,12.493400000000001,7.0
VIA ALFREDO BLASI x VIA DEL TORRACCIO DI TORRENOVA,2,0.0,1.0,41.8681,12.62445,7.0
VIA CESARE MACCARI x VIA DOMENICO PURIFICATO,2,0.0,1.0,41.7718,12.3623,7.0
VIA DI BOCCEA x VIA PIO IX,2,0.0,1.0,41.9091,12.4028,7.0
CIRCONVALLAZIONE OSTIENSE x VIA CARLO CITERNI,2,0.0,1.0,41.86735,12.49315,7.0
LARGO APPIO CLAUDIO x VIA QUINTILIO VARO,2,0.0,1.0,41.8545,12.5637,7.0
VIA DELLE BETULLE x VIA DELLE PALME,2,0.0,1.0,41.88945,12.56565,7.0
VIA EZIO x VIALE GIULIO CESARE,2,0.0,1.0,41.910399999999996,12.46545,7.0
VIA SCRIBONIO CURIONE x VIA TUSCOLANA,2,0.0,1.0,41.8622,12.5528,7.0
VIA COSTANZO CASANA x VIA TAGASTE,2,0.0,1.0,41.73805,12.2699,7.0
PIAZZALE LABICANO x VIA ELENIANA,2,0.0,1.0,41.8905,12.51475,7.0
ROTATORIA ROBERT KOCH x VIA CARLO URBANI,2,0.0,1.0,41.90735,12.3866,7.0
VIA ARDEATINA x VIA DEGLI ASTRINI,2,0.0,1.0,41.7572,12.55545,7.0
PIAZZALE HEGEL x VIALE MARX,2,0.0,1.0,41.9376,12.56005,7.0
VIA DELLA PINETA SACCHETTI x VIA FRANCESCO MARCONI,2,0.0,1.0,41.9238,12.42475,7.0
VIA FILIPPO TURATI x VIA MAMIANI,2,0.0,1.0,41.8966,12.5055,7.0
PONTE SALARIO x VIA SALARIA,2,0.0,1.0,41.9329,12.5091,7.0
VIA ETTORE ROLLI x VIA PANFILO CASTALDI,2,0.0,1.0,41.8743,12.4676,7.0
VIA ARDUINO FORGIARINI x VIA MARCELLO PUCCI BONCAMBI,2,0.0,1.0,41.7371,12.26625,7.0
VIA ARDEATINA x VIA DI CASTEL DI LEVA,2,0.0,1.0,41.777550000000005,12.54115,7.0
PIAZZALE FERRUCCIO PARRI x VIALE DI VAL FIORITA,2,0.0,1.0,41.8373,12.46335,7.0
VIA FALERIA x VIA MAGNAGRECIA,2,0.0,1.0,41.882549999999995,12.5093,7.0
VIA ARNO x VIA TANARO,2,0.0,1.0,41.91805,12.50165,7.0
LARGO CARDINALE AGOSTINO GALAMINI x VIA GREGORIO VII,2,0.0,1.0,41.8959,12.4401,7.0
SOTTOPASSO TURBIGO x VIA GIOVANNI GIOLITTI,2,0.0,1.0,41.8971,12.5061,7.0
VIA DELLA MAGLIANA x VIA PORTUENSE,2,0.0,1.0,41.8228,12.383500000000002,7.0
VIA DELLA MAGLIANA x VIA LUIGI DASTI,2,0.0,1.0,41.83015,12.4183,7.0
VIA ARRIGO DAVILA x VIA MARIO MENGHINI,2,0.0,1.0,41.8688,12.5275,7.0
VIA SPINOZA x VIALE KANT,2,0.0,1.0,41.9366,12.55345,7.0
VIA EMILIO LEPIDO x VIALE MARCO FULVIO NOBILIORE,2,0.0,1.0,41.8573,12.5631,7.0
LARGO DI BOCCEA x VIA DEI MONTI DI CRETA,2,0.0,1.0,41.9014,12.428249999999998,7.0
LARGO DELLA CECCHIGNOLA x VIALE DELL'ESERCITO,2,0.0,1.0,41.813500000000005,12.4864,7.0
VIA SANTI ROMANO x VIALE MARCO FULVIO NOBILIORE,2,0.0,1.0,41.8624,12.5672,7.0
VIA DELLA MAGLIANA x VIA DI VILLA BONELLI,2,0.0,1.0,41.841300000000004,12.43855,7.0
PIAZZALE LUIGI STURZO x VIA CHOPIN,2,0.0,1.0,41.83475,12.46735,7.0
VIA ARONA x VIA DI CASALOTTI,2,0.0,1.0,41.9176,12.371,7.0
LARGO DI S. SUSANNA x VIA VENTI SETTEMBRE,2,0.0,1.0,41.904650000000004,12.493749999999999,7.0
VIA ABRUZZI x VIA SARDEGNA,2,0.0,1.0,41.9096,12.4921,7.0
VIA DELLA CESARINA x VIA NOMENTANA,2,0.0,1.0,41.959,12.5737,7.0
VIA DELLA BUFALOTTA x VIA RENATO FUCINI,2,0.0,1.0,41.9516,12.546949999999999,7.0
PIAZZALE NUMA POMPILIO x VIA ANTONINIANA,2,0.0,1.0,41.8785,12.49485,7.0
VIA ACHILLE BARILATTI x VIA DOMENICO JACHINO,2,0.0,1.0,41.8087,12.450050000000001,7.0
VIA COURMAYEUR x VIALE CORTINA D'AMPEZZO,2,0.0,1.0,41.9449,12.4429,7.0
VIA DELLA MAGLIANELLA x VIA SUOR MARIA AGOSTINA,2,0.0,1.0,41.9018,12.3791,7.0
VIA DELLA MERCEDE x VIA MARIO DE FIORI,2,0.0,1.0,41.904250000000005,12.481850000000001,7.0
VIA DELLA BUFALOTTA x VIA LUCE D'ERAMO,2,0.0,1.0,41.96035,12.546,7.0
VIA SILVESTRO GHERARDI x VIALE GUGLIELMO MARCONI,2,0.0,1.0,41.8573,12.4713,7.0
VIA FLAMINIA x VIA GUGLIELMO CALDERINI,2,0.0,1.0,41.9364,12.469249999999999,7.0
VIA FLAMINIA x VIA FRANCESCO SAVERIO NITTI,2,0.0,1.0,41.9419,12.4718,7.0
VIA FLAMINIA x VIA FORNACE VIGNOLO,2,0.0,1.0,41.98805,12.4966,7.0
VIA CASSIA x VIA RIDOLFO LIVI,2,0.0,1.0,41.98565,12.408249999999999,7.0
VIA CRESCENZIO x VIA FRANCESCO CANCELLIERI,2,0.0,1.0,41.9058,12.4622,7.0
VIA ETTORE STAMPINI x VIA UMBERTO MORICCA,2,0.0,1.0,41.9042,12.4353,7.0
VIA FLAMINIA NUOVA x VIA GIOVANNI FABBRONI,2,0.0,1.0,41.9609,12.4792,7.0
LARGO ENEA BORTOLOTTI x VIALE GUGLIELMO MARCONI,2,0.0,1.0,41.854749999999996,12.4723,7.0
LARGO DI VILLA PERETTI x PIAZZA DEI CINQUECENTO,2,0.0,1.0,41.9019,12.49915,7.0
VIA DELLA MAGLIANA x VICOLO DI S. PASSERA,2,0.0,1.0,41.8317,12.4196,7.0
VIA FILOMUSI GUELFI x VIALE PALMIRO TOGLIATTI,2,0.0,1.0,41.8626,12.5691,7.0
PIAZZALE SISTO V x VIALE PRETORIANO,2,0.0,1.0,41.8985,12.5091,7.0
VIA ARCHIANO x VIA SALARIA,2,0.0,1.0,41.956649999999996,12.50835,7.0
VIA DELLA PISANA x VIA MARCELLO PIACENTINI,2,0.0,1.0,41.8577,12.389,7.0
VIA FEDERICO TORRE x VIA FELICE CAVALLOTTI,2,0.0,1.0,41.8792,12.4621,7.0
VIA SALORNO x VIA TORCEGNO,2,0.0,1.0,41.7315,12.3721,7.0
VIA SESTIO CALVINO x VIALE ANICIO GALLO,2,0.0,1.0,41.8526,12.56395,7.0
VIA SAVERIO MERCADANTE x VIALE GIOACCHINO ROSSINI,2,0.0,1.0,41.919399999999996,12.49175,7.0
VIA SARSINA x VIA TORRIANA,1,0.0,1.0,41.7914,12.4076,6.0
VIA MUZIO SCEVOLA x VIALE FURIO CAMILLO,1,0.0,1.0,41.8757,12.5245,6.0
VIA MUGELLO x VIA VAL DI LANZO,1,0.0,1.0,41.9432,12.5249,6.0
VIA DEI CICLAMINI x VIA DELLE ACACIE,1,0.0,1.0,41.888,12.5675,6.0
VIA ROCCELLA IONICA x VIA VILLA SAN GIOVANNI,1,0.0,1.0,41.8404,12.5839,6.0
VIA ROCCABRUNA x VIA TROFARELLO,1,0.0,1.0,41.9138,12.3667,6.0
VIA NEDO NADI x VIA PIETRO DE COUBERTIN,1,0.0,1.0,41.9293,12.4719,6.0
VIA ROBERTO BRACCO x VIA UMBERTO FRACCHIA,1,0.0,1.0,41.9515,12.5495,6.0
VIA NOMENTANA x VIA PALOMBARENSE,1,0.0,1.0,41.959,12.5736,6.0
VIA DEI CASTANI x VIA DEI GLICINI,1,0.0,1.0,41.8796,12.5665,6.0
VIALE AFRICA x VIALE CRISTOFORO COLOMBO,1,0.0,1.0,41.8262,12.4689,6.0
VIA COLLATINA x VIA LUCIO FONTANA,1,0.0,1.0,41.905,12.5976,6.0
VIALE ANTONIO CIAMARRA x VIALE DI TORRE MAURA,1,0.0,1.0,41.8587,12.5916,6.0
VIALE BATTISTA BARDANZELLU x VIALE PALMIRO TOGLIATTI,1,0.0,1.0,41.9141,12.5707,6.0
VIALE BRUNO BUOZZI x VIALE DELLE BELLE ARTI,1,0.0,1.0,41.9192,12.4749,6.0
VIA DEI CASTELLI ROMANI x VIA LAURENTINA,1,0.0,1.0,41.8103,12.4856,6.0
VIA COLLATINA x VIA DELLA STAZIONE DI TOR SAPIENZA,1,0.0,1.0,41.9058,12.6108,6.0
VIA DEI CENTAURI x VIA IPERIONE,1,0.0,1.0,41.8786,12.6199,6.0
VIA NIZZA x VIALE REGINA MARGHERITA,1,0.0,1.0,41.9147,12.5046,6.0
VIA MORRO D'ORO x VIA TURRIVALIGNANI,1,0.0,1.0,41.9321,12.6511,6.0
VIA NINO OXILIA x VIALE ROMANIA,1,0.0,1.0,41.9249,12.493,6.0
VIA COLLATINA x VIA DI SALONE,1,0.0,1.0,41.9113,12.6397,6.0
VIA SEBASTIANO GRANDIS x VIA SESSORIANA,1,0.0,1.0,41.8891,12.5141,6.0
VIA ROCCALUMERA x VIA ROCCAMENA,1,0.0,1.0,41.8829,12.6636,6.0
VIA COLA DI RIENZO x VIA VARRONE,1,0.0,1.0,41.9068,12.4603,6.0
VIA TRIONFALE x VIA VINCENZO TROYA,1,0.0,1.0,41.9409,12.4229,6.0
VIA CRISTOFORO COLOMBO x VIA FLAVIO DOMIZIANO,1,0.0,1.0,41.8089,12.4536,6.0
VIA MICHELE DI LANDO x VIA STAMIRA,1,0.0,1.0,41.913,12.5232,6.0
VIA MODESTO PANETTI x VIA SALARIA,1,0.0,1.0,42.046,12.5686,6.0
VIA SALARIA x VIA SAMBUCA PISTOIESE,1,0.0,1.0,41.9873,12.5115,6.0
VIA SAN GIOVANNI LA PUNTA x VIA SICULIANA,1,0.0,1.0,41.8716,12.6537,6.0
VIA DEI FAGGI x VIA DEI NOCI,1,0.0,1.0,41.8841,12.5668,6.0
VIALE DELL'ESPERANTO x VIALE DELL'UMANESIMO,1,0.0,1.0,41.8231,12.4699,6.0
VIA DEI FIENAROLI x VIA DELLA CISTERNA,1,0.0,1.0,41.8886,12.4719,6.0
VIALE DELL'UNIVERSITA' x VIALE PRETORIANO,1,0.0,1.0,41.9007,12.5082,6.0
VIA CRISTOFORO COLOMBO x VIA MARIA DRAGO MAZZINI,1,0.0,1.0,41.8587,12.4941,6.0
VIA SALVATORE SCOCA x VIA UGO DELLA SETA,1,0.0,1.0,41.9616,12.5254,6.0
VIA CITTA' DI PRATO x VIA MAGLIANO IN TOSCANA,1,0.0,1.0,41.8457,12.4582,6.0
VIA CIRENAICA x VIA TRIPOLI,1,0.0,1.0,41.9282,12.5204,6.0
VIA COLA DI RIENZO x VIA PAOLO EMILIO,1,0.0,1.0,41.9076,12.4639,6.0
VIALE DI S. PAOLO x VIALE FERDINANDO BALDELLI,1,0.0,1.0,41.8573,12.474,6.0
VIALE EGIDIO GALBANI x VIALE KANT,1,0.0,1.0,41.9329,12.5563,6.0
VIA MENANDRO x VIA SOFOCLE,1,0.0,1.0,41.7707,12.3721,6.0
VIA MECENATE x VIA RUGGERO BONGHI,1,0.0,1.0,41.892,12.4995,6.0
VIALE KANT x VIALE MARX,1,0.0,1.0,41.9355,12.554,6.0
VIA MASSA MARITTIMA x VIA SARZANA,1,0.0,1.0,41.8417,12.4382,6.0
VIA DEI GENIERI x VIA LAURENTINA,1,0.0,1.0,41.8103,12.4856,6.0
VIA DEI GENIERI x VIA MATTEO BARTOLI,1,0.0,1.0,41.8125,12.4935,6.0
VIA DEI GENOVESI x VIA DELLA LUCE,1,0.0,1.0,41.8883,12.4749,6.0
VIALE SS. PIETRO E PAOLO x VIALE UMBERTO TUPINI,1,0.0,1.0,41.8329,12.4598,6.0
VIA MOLISE x VIA VITTORIO VENETO,1,0.0,1.0,41.9061,12.4896,6.0
VIA MONTE CERVIALTO x VIA MONTE MASSICO,1,0.0,1.0,41.9505,12.5268,6.0
VIA SAN QUINTINO x VIA STATILIA,1,0.0,1.0,41.8901,12.5109,6.0
VIA DEI DUE MACELLI x VIA DI CAPO LE CASE,1,0.0,1.0,41.9039,12.4844,6.0
VIA MORBEGNO x VIA REZZATO,1,0.0,1.0,41.9521,12.3792,6.0
VIALE CARLO TOMMASO ODESCALCHI x VIALE DI TOR MARANCIA,1,0.0,1.0,41.8536,12.4978,6.0
VIA ROMEO ROMEI x VIALE GIOVANNI FALCONE E PAOLO BORSELLINO,1,0.0,1.0,41.9183,12.4527,6.0
VIA MONTEGIORGIO x VIA RECANATI,1,0.0,1.0,41.9412,12.587,6.0
VIA COLA DI RIENZO x VIA OVIDIO,1,0.0,1.0,41.9077,12.4639,6.0
VIA MASSA DI SAN GIULIANO x VIA TUFILLO,1,0.0,1.0,41.9117,12.6876,6.0
VIA COL DI NAVA x VIALE CARNARO,1,0.0,1.0,41.9392,12.5327,6.0
VIA MONTE GIBERTO x VIADOTTO GIUSEPPE SARAGAT,1,0.0,1.0,41.9788,12.5162,6.0
VIA NOMENTANA x VIA PRATO LAURO,1,0.0,1.0,41.959,12.5737,6.0
VIA DEI COLLI DELLA FARNESINA x VIA DELLA CAMILLUCCIA,1,0.0,1.0,41.943,12.4489,6.0
VIA COGOLETO x VIA STELLANELLO,1,0.0,1.0,41.929,12.4232,6.0
VIA COGOLETO x VIA DIANO MARINA,1,0.0,1.0,41.927,12.4232,6.0
VIA MONTE DELLE GIOIE x VIA POGGIO MOIANO,1,0.0,1.0,41.9325,12.5111,6.0
VIALE DAVID LUBIN x VIALE GIORGIO WASHINGTON,1,0.0,1.0,41.9122,12.477,6.0
VIA RUBICONE x VIA TAGLIAMENTO,1,0.0,1.0,41.9201,12.5031,6.0
VIA CLITUNNO x VIA SALARIA,1,0.0,1.0,41.9873,12.5115,6.0
VIA MONTE CROCCO x VIA MONTE MASSICO,1,0.0,1.0,41.9509,12.5303,6.0
VIA DEI CORNELI x VIA DEI PISONI,1,0.0,1.0,41.8661,12.5453,6.0
VIALE DEI BASTIONI DI MICHELANGELO x VIALE VATICANO,1,0.0,1.0,41.9065,12.4558,6.0
VIA CLISIO x VIA PANARO,1,0.0,1.0,41.9244,12.5108,6.0
VIA DEI CROCIFERI x VIA DI S. MARIA IN VIA,1,0.0,1.0,41.9009,12.4824,6.0
VIALE CRISTOFORO COLOMBO x VIALE DI PORTA ARDEATINA,1,0.0,1.0,41.8734,12.4966,6.0
VIA DEI BASALDELLA x VIA MINO MACCARI,1,0.0,1.0,41.7734,12.3494,6.0
VIA NOMENTANA x VIA TEMBIEN,1,0.0,1.0,41.959,12.5737,6.0
VIA POPILIA x VIA S. GETULLO,1,0.0,1.0,41.9398,12.6382,6.0
VIA DEGLI ALDOBRANDESCHI x VIA DEIVA MARINA,1,0.0,1.0,,,6.0
VIA CORCHIANO x VIA VIBIO MARIANO,1,0.0,1.0,41.9668,12.446,6.0
VIA PIETRO CARTONI x VIA RAFFAELE BALESTRA,1,0.0,1.0,41.8739,12.4498,6.0
VIA CORVARA x VIA MASSA DI SAN GIULIANO,1,0.0,1.0,41.9062,12.6918,6.0
VIA TIGRE' x VIA TRIPOLITANIA,1,0.0,1.0,41.9308,12.5203,6.0
VIA THAILANDIA x VIALE OCEANO ATLANTICO,1,0.0,1.0,41.8239,12.4576,6.0
VIA CONTROGUERRA x VIA MASSA DI SAN GIULIANO,1,0.0,1.0,41.9157,12.685,6.0
VIA UMBERTO GRANI x VIALE DEI CADUTI NELLA GUERRA DI LIBERAZIONE,1,0.0,1.0,41.7875,12.4456,6.0
VIA PIERO CORTI x VIA VINCENZO GORGA,1,0.0,1.0,41.9018,12.6717,6.0
VIA CONFLENTI x VIA GASPERINA,1,0.0,1.0,41.8309,12.598,6.0
VIA VAL CHISONE x VIA VAL DI FIEMME,1,0.0,1.0,41.9334,12.5278,6.0
VIA CONEGLIANO x VIA TARANTO,1,0.0,1.0,41.8843,12.516,6.0
VIA POLVERIGI x VIA SANT'ELPIDIO A MARE,1,0.0,1.0,41.9186,12.7259,6.0
VIA VAL DI LANZO x VIA VALLE VERMIGLIO,1,0.0,1.0,41.9426,12.5258,6.0
VIA CONCA D'ORO x VIALE TIRRENO,1,0.0,1.0,41.9406,12.5293,6.0
VIA PORTOGALLO x VIALE XVII OLIMPIADE,1,0.0,1.0,41.9324,12.4712,6.0
VIA PIAN DI SCO x VIA VIRGILIO TALLI,1,0.0,1.0,41.9646,12.5231,6.0
VIA PESCARA x VIA TARANTO,1,0.0,1.0,41.884,12.5173,6.0
VIA DEGLI OLEANDRI x VIALE ALESSANDRINO,1,0.0,1.0,41.8755,12.5793,6.0
VIA POZZOBONELLI x VIA SERVILIO IV,1,0.0,1.0,41.843,12.5493,6.0
VIA PRENESTINA x VIA RENZO DA CERI,1,0.0,1.0,41.8923,12.5382,6.0
VIA DEGLI OLIMPIONICI x VIA STATI UNITI D'AMERICA,1,0.0,1.0,41.9342,12.469,6.0
VIA PELLEGRINO MATTEUCCI x VIA VITO BERING,1,0.0,1.0,41.8719,12.4823,6.0
VIA PEDICA DI TOR ANGELA x VIA PRENESTINA,1,0.0,1.0,41.8925,12.6289,6.0
VIA UMBERTO GIORDANO x VIALE CRISTOFORO COLOMBO,1,0.0,1.0,41.8089,12.4536,6.0
VIA CORI x VIA NORMA,1,0.0,1.0,41.8867,12.5495,6.0
VIA DEI CAMPI FLEGREI x VIA VAL DI FIEMME,1,0.0,1.0,41.9331,12.5263,6.0
VIA CORNELIA x VIA GIOVANNI SENZATERRA,1,0.0,1.0,41.9079,12.3958,6.0
VIA PIETRO RUGA x VIA ZENODOSSIO,1,0.0,1.0,41.8841,12.5378,6.0
VIA CORRADO DEL GRECO x VIA TAGASTE,1,0.0,1.0,,,6.0
VIA DAMASO CERQUETTI x VIA PASQUALE REVOLTELLA,1,0.0,1.0,41.8738,12.4529,6.0
VIA PINEROLO x VIA TUSCOLANA,1,0.0,1.0,41.8826,12.516,6.0
VIA CORNELIO SISENNA x VIA MARCO EMILIO SCAURO,1,0.0,1.0,41.8702,12.575,6.0
VIA PISTOIA x VIA TERNI,1,0.0,1.0,41.8848,12.5194,6.0
VIA CORSAGLIA x VIA LAMPEDUSA,1,0.0,1.0,41.9433,12.5367,6.0
VIA TUSCOLANA x VIA VETURIA,1,0.0,1.0,,,6.0
VIA DANIELE MANIN x VIA PRINCIPE AMEDEO,1,0.0,1.0,41.8993,12.4996,6.0
VIA POLENSE x VIA PRENESTINA NUOVA,1,0.0,1.0,41.8894,12.6918,6.0
VIA CORTALE x VIA DI CASAL MORENA,1,0.0,1.0,41.8269,12.6177,6.0
VIA PIETRO DAVANZO x VIA TIBERINA,1,0.0,1.0,42.0046,12.4959,6.0
VIA UMBERTO BOCCIONI x VIALE PARIOLI,1,0.0,1.0,41.9258,12.4874,6.0
VIA CORNELIA x VIA DI MONTESPACCATO,1,0.0,1.0,41.9007,12.3899,6.0
VIA DARDANELLI x VIALE ANGELICO,1,0.0,1.0,41.9174,12.4583,6.0
VIA PIETRO CASTRUCCI x VIA UMBERTO GIORDANO,1,0.0,1.0,41.7412,12.3613,6.0
VIA TUSCOLANA x VIA VINCENZO GIUDICE,1,0.0,1.0,41.8419,12.586,6.0
VIA POLENSE x VIA PRETORO,1,0.0,1.0,41.8963,12.7037,6.0
VIA DAVIDE GIORDANO x VIA PIETRO UBALDO ANGELETTI,1,0.0,1.0,41.9096,12.3876,6.0
VIA CORTONA x VIA SALARIA,1,0.0,1.0,42.4174,13.0816,6.0
VIA POLIZZI GENEROSA x VIA ROCCALUMERA,1,0.0,1.0,41.8829,12.664,6.0
VIA DECIO FILIPPONI x VIA TRIONFALE,1,0.0,1.0,41.9286,12.4459,6.0
VIA DEDALO x VIA DI TORRENOVA,1,0.0,1.0,41.8782,12.6183,6.0
VIA TITO SCHIPA x VIALE GINO CERVI,1,0.0,1.0,41.9629,12.5326,6.0
VIA CONCA D'ORO x VIA VAL SENIO,1,0.0,1.0,41.945,12.5168,6.0
VIA CONCA D'ORO x VIA VAL SANTERNO,1,0.0,1.0,41.9445,12.5181,6.0
VIA VALCO DI S. PAOLO x VIALE DI S. PAOLO,1,0.0,1.0,41.8595,12.475,6.0
VIA VICENZA x VIA VITTORIO BACHELET,1,0.0,1.0,41.9039,12.5041,6.0
VIA COLLE DI TORA x VIA TIBERINA,1,0.0,1.0,42.0265,12.5051,6.0
VIA RAFFAELLO MATARAZZO x VIA UMBERTO BARBARO,1,0.0,1.0,41.9588,12.537,6.0
VIA CROGNALETO x VIA DEL FOSSO DELL'OSA,1,0.0,1.0,41.9124,12.6793,6.0
VIA COLLAZIA x VIA SATRICO,1,0.0,1.0,41.8771,12.5075,6.0
VIA ORVIETO x VIA TARANTO,1,0.0,1.0,41.884,12.5172,6.0
VIA SORIANO NEL CIMINO x VIA TIBERINA,1,0.0,1.0,42.0265,12.5051,6.0
VIA VENANZIO FORTUNATO x VIALE TITO LIVIO,1,0.0,1.0,41.9193,12.4444,6.0
VIA VERSILIA x VIA VITTORIO VENETO,1,0.0,1.0,41.9061,12.4895,6.0
VIA OMBRONE x VIALE REGINA MARGHERITA,1,0.0,1.0,41.917,12.5018,6.0
VIA OLETTA x VIALE DELLA VITTORIA,1,0.0,1.0,41.7293,12.288,6.0
VIA RAOUL CHIODELLI x VIA VALENTINO CERRUTI,1,0.0,1.0,41.9064,12.6622,6.0
VIA SOLFERINO x VIALE ENRICO DE NICOLA,1,0.0,1.0,41.9027,12.4995,6.0
VIA THAILANDIA x VIALE DELL'OCEANO PACIFICO,1,0.0,1.0,41.8239,12.4574,6.0
VIA RAVANUSA x VIA VILLABATE,1,0.0,1.0,41.8688,12.6507,6.0
VIA NORVEGIA x VIA PIETRO DE COUBERTIN,1,0.0,1.0,41.93,12.4725,6.0
VIA DEI BARBIERI x VIA GIUSEPPE ROMITA,1,0.0,1.0,41.8953,12.4755,6.0
VIA COLLATINA x VIA PIETRO SBARBARO,1,0.0,1.0,41.897,12.5628,6.0
VIA REGGIO CALABRIA x VIALE DELLE PROVINCIE,1,0.0,1.0,41.9096,12.5212,6.0
VIA CORRADO GOVONI x VIALE CESARE PAVESE,1,0.0,1.0,41.8175,12.4746,6.0
VIA DEI BICHI x VIA DEI CARRARESI,1,0.0,1.0,41.8823,12.4235,6.0
VIA CRISTOFORO SABBADINO x VIALE DI PESCINA GAGLIARDA,1,0.0,1.0,41.8211,12.31,6.0
VIA RHODESIA x VIALE OCEANO ATLANTICO,1,0.0,1.0,41.82,12.4706,6.0
VIA SICULIANA x VIA TERMINI IMERESE,1,0.0,1.0,41.8701,12.6554,6.0
VIA RIFIANO x VIA SALORNO,1,0.0,1.0,41.7333,12.367,6.0
VIA CROTONE x VIA ORISTANO,1,0.0,1.0,41.8861,12.5231,6.0
VIA OTTAVIANO x VIALE GIULIO CESARE,1,0.0,1.0,41.9094,12.458,6.0
VIA OTTAVIO ASSAROTTI x VIA VINCENZO TROYA,1,0.0,1.0,41.941,12.4238,6.0
VIA PROSPERO INTORCETTA x VIA TIMOTEO BOTTIGLI,1,0.0,1.0,41.7889,12.3332,6.0
VIA PASUBIO x VIALE GIUSEPPE MAZZINI,1,0.0,1.0,41.9158,12.4626,6.0
VIA CONCA D'ORO x VIA VAL DI CHIENTI,1,0.0,1.0,41.945,12.5168,6.0
VIA PASSO DI FALZAREGO x VIA VILLA DI FAONTE,1,0.0,1.0,41.9518,12.5411,6.0
VIA DEGLI ONTANI x VIA DEI PLATANI,1,0.0,1.0,41.8809,12.5714,6.0
VIA PRENESTINA x VIA ROCCA D'EVANDRO,1,0.0,1.0,41.8933,12.6155,6.0
VIA COLUMBIA x VIA DEL POLITECNICO,1,0.0,1.0,41.8549,12.6173,6.0
VIA DEGLI OPIMIANI x VIALE OPITA OPPIO,1,0.0,1.0,41.861,12.5498,6.0
VIA COLOSSI x VIA TULLIO LEVI CIVITA,1,0.0,1.0,41.8565,12.4738,6.0
VIA COSTANZO GUGLIELMI x VIA DI BOCCEA,1,0.0,1.0,41.9149,12.3847,6.0
VIA VALGUARNERA CAROPEPE x VIA VILLABATE,1,0.0,1.0,41.8687,12.6505,6.0
VIA PAOLO VALENTI x VIA VITTORIO RAGUSA,1,0.0,1.0,41.8423,12.6261,6.0
VIA PAOLO ORSI x VIA RANUCCIO BIANCHI BANDINELLI,1,0.0,1.0,41.8211,12.5825,6.0
VIA PAOLO LUIGI GUERRA x VIALE BRUNO PELIZZI,1,0.0,1.0,41.8575,12.5825,6.0
VIA CREMERA x VIA TEVERE,1,0.0,1.0,41.9123,12.4968,6.0
VIA TARO x VIA VOLSINIO,1,0.0,1.0,41.9231,12.5079,6.0
VIA DEGLI SCIALOJA x VIA GIUSEPPE PISANELLI,1,0.0,1.0,41.9134,12.4736,6.0
VIA PAOLO EMILIO x VIALE GIULIO CESARE,1,0.0,1.0,41.9104,12.4628,6.0
VIA PRENESTINA x VIA ROVIGNO D'ISTRIA,1,0.0,1.0,41.8946,12.5568,6.0
VIA CREMONA x VIA REGGIO CALABRIA,1,0.0,1.0,41.9119,12.5198,6.0
VIA STRESA x VIA TRIONFALE,1,0.0,1.0,41.9361,12.4366,6.0
VIA STATILIO TAURO x VIA TUSCOLANA,1,0.0,1.0,41.8577,12.5608,6.0
VIA PRIZZI x VIA ROCCALUMERA,1,0.0,1.0,41.8829,12.6636,6.0
VIA PALESTRO x VIA SAN MARTINO DELLA BATTAGLIA,1,0.0,1.0,41.9057,12.5033,6.0
VIA DI CASTEL ROMANO x VIA DI PRATICA,1,0.0,1.0,41.7071,12.427,6.0
VIA GUALTIERO SERAFINO x VIALE DELLE MEDAGLIE D'ORO,1,0.0,1.0,41.9109,12.4456,6.0
VIA MASSA DI SAN GIULIANO x VIA S. MARIA DI LORETO,1,0.0,1.0,41.9056,12.6906,6.0
VIA DELLA PISANA x VIA PIO PIACENTINI,1,0.0,1.0,41.8805,12.4182,6.0
VIA DELLA PINETA SACCHETTI x VIA LUIGI ARBIB PASCUCCI,1,0.0,1.0,41.924,12.425,6.0
VIA DELLA PINETA SACCHETTI x VIA LA NEBBIA,1,0.0,1.0,41.9269,12.4264,6.0
VIA EMANUELE FILIBERTO x VIA FOSCOLO,1,0.0,1.0,41.8899,12.507,6.0
VIA EMANUELE FILIBERTO x VIA LUDOVICO DI SAVOIA,1,0.0,1.0,41.8882,12.508,6.0
VIA EMANUELE FILIBERTO x VIA SAN QUINTINO,1,0.0,1.0,41.8899,12.507,6.0
VIA EMILIO MOROSINI x VIA GOFFREDO MAMELI,1,0.0,1.0,41.8861,12.4686,6.0
VIA ENRICO BONDI x VIA SUOR MARIA AGOSTINA,1,0.0,1.0,41.9052,12.3894,6.0
VIA ENRICO DELL'ACQUA x VIA RAFFAELE DE FERRARI,1,0.0,1.0,41.8639,12.6504,6.0
VIA ENRICO GISMONDI x VIALE DELL'ARCHIGINNASIO,1,0.0,1.0,41.8529,12.6331,6.0
VIA DELLA PINETA SACCHETTI x VIA DI VILLA MAGGIORANI,1,0.0,1.0,41.9314,12.4264,6.0
VIA ENZO BENEDETTO x VIA MARIO BROGLIO,1,0.0,1.0,41.8334,12.5812,6.0
VIA DELLA PARANZELLA x VIA DELLE SIRENE,1,0.0,1.0,41.7346,12.2716,6.0
VIA DELLA PALMAROLA x VIA SEGRATE,1,0.0,1.0,41.9415,12.3856,6.0
VIA ERMANNO PONTI x VIALE DEI ROMANISTI,1,0.0,1.0,,,6.0
VIA ERMENEGILDO FRANCESCONI x VIA LEONARDO GREPPI,1,0.0,1.0,41.8621,12.4561,6.0
VIA ERMINIA FREZZOLINI x VIALE LINA CAVALIERI,1,0.0,1.0,41.9651,12.5158,6.0
VIA ETRURIA x VIA SUSA,1,0.0,1.0,41.8786,12.5146,6.0
VIA ETTORE ROTA x VIALE DELL'ACQUEDOTTO ALESSANDRINO,1,0.0,1.0,41.876,12.5459,6.0
VIA DELLA MISERICORDIA x VIA LUIGI PETROSELLI,1,0.0,1.0,,,6.0
VIA ELISEA SAVELLI x VIA MASSIMILIANO DI PALOMBARA,1,0.0,1.0,41.9455,12.5976,6.0
VIA ELEONORA D'ARBOREA x VIA GIOVANNI DA PROCIDA,1,0.0,1.0,41.9124,12.5251,6.0
VIA EUCLIDE TURBA x VIALE ANGELICO,1,0.0,1.0,41.9209,12.4587,6.0
VIA DUILIO x VIALE GIULIO CESARE,1,0.0,1.0,41.9105,12.4627,6.0
VIA DIEGO FABBRI x VIA NOMENTANA,1,0.0,1.0,41.9455,12.5633,6.0
VIA DELLA TENUTA DEL CAVALIERE x VIA DI LUNGHEZZA,1,0.0,1.0,41.9238,12.6689,6.0
VIA DOMENICO BACCARINI x VIA FRANCESCO DI BENEDETTO,1,0.0,1.0,41.8404,12.5953,6.0
VIA DELLA STAZIONE DI TOR DI QUINTO x VIALE DI TOR DI QUINTO,1,0.0,1.0,41.9507,12.4857,6.0
VIA DELLA STAZIONE DI S. PIETRO x VIA DELLE FORNACI,1,0.0,1.0,41.8939,12.4576,6.0
VIA DELLA STAZIONE DI OTTAVIA x VIA IPOGEO DEGLI OTTAVI,1,0.0,1.0,41.9658,12.4017,6.0
VIA DELLA STAZIONE DI MONTE MARIO x VIA TRIONFALE,1,0.0,1.0,41.9399,12.4235,6.0
VIA DOMENICO BAFFIGO x VIA MARIO MASTRANGELO,1,0.0,1.0,41.7384,12.2576,6.0
VIA DOMENICO BARONE x VIA INNOCENZO XI,1,0.0,1.0,41.895,12.4397,6.0
VIA DELLA STAZIONE DI CIAMPINO x VIA DELLE VIGNE DI MORENA,1,0.0,1.0,41.8085,12.6105,6.0
VIA DOMENICO CHELINI x VIA GIOVANNI ANTONIO PLANA,1,0.0,1.0,41.926,12.4826,6.0
VIA DOMENICO CHELINI x VIA GIUSEPPE TUCCIMEI,1,0.0,1.0,41.926,12.4826,6.0
VIA DELLA SIERRA NEVADA x VIA LAURENTINA,1,0.0,1.0,41.8237,12.4793,6.0
VIA DOMENICO MORICHINI x VIALE IPPOCRATE,1,0.0,1.0,41.909,12.5195,6.0
VIA DOMIZIO CAVAZZA x VIA FEDERICO CASSITTO,1,0.0,1.0,41.7867,12.5133,6.0
VIA DON GIOVANNI CALABRIA x VIA GIUSEPPE MOLTENI,1,0.0,1.0,41.771,12.3466,6.0
VIA DELLA RUSTICA x VIA DORINDA,1,0.0,1.0,41.9115,12.6031,6.0
VIA DONATELLO x VIALE DEL VIGNOLA,1,0.0,1.0,41.9254,12.4665,6.0
VIA DELLA RISERVA GRANDE x VIA TALEGGIO,1,0.0,1.0,41.9481,12.3807,6.0
VIA ETTORE STAMPINI x VIALE DI VALLE AURELIA,1,0.0,1.0,41.9036,12.4371,6.0
VIA EUGENIO BARSANTI x VIA GIOVANNI VOLPATO,1,0.0,1.0,41.8717,12.4683,6.0
VIA FRANCO SACCHETTI x VIA MATTEO BANDELLO,1,0.0,1.0,41.9485,12.545,6.0
VIA FLAMINIA x VIA RAFFAELE CAPPELLI,1,0.0,1.0,,,6.0
VIA FLAVIA DEMETRIA x VIA LATTARICO,1,0.0,1.0,41.8231,12.6134,6.0
VIA DELLA BUFALOTTA x VIA DELLA CECCHINA,1,0.0,1.0,41.9676,12.5499,6.0
VIA FOLIGNANO x VIA SANT'ELPIDIO A MARE,1,0.0,1.0,41.9166,12.7277,6.0
VIA FOLIGNO x VIA TARANTO,1,0.0,1.0,41.8837,12.5186,6.0
VIA FONTEIANA x VIA INNOCENZO X,1,0.0,1.0,41.8806,12.4544,6.0
VIA DELLA BALDUINA x VIA GIANCARLO BITOSSI,1,0.0,1.0,41.9262,12.4405,6.0
VIA DELL'USIGNOLO x VIA WALTER TOBAGI,1,0.0,1.0,41.8732,12.5984,6.0
VIA FORNOVO x VIALE DELLE MILIZIE,1,0.0,1.0,41.9137,12.4685,6.0
VIA FOSSANO x VIA S. SECONDA,1,0.0,1.0,41.9186,12.367,6.0
VIA FRANCESCO AZZURRI x VIA TEMISTOCLE CALISTI,1,0.0,1.0,41.9074,12.3916,6.0
VIA FRANCESCO D'OVIDIO x VIA JACOPONE DA TODI,1,0.0,1.0,41.9437,12.5537,6.0
VIA FRANCESCO DE SUPPE' x VIA LAURENTINA,1,0.0,1.0,41.8256,12.4792,6.0
VIA FRANCESCO GAI x VIALE PINTURICCHIO,1,0.0,1.0,41.9315,12.4656,6.0
VIA DELL'IDROSCALO x VIALE DEL SOMMERGIBILE,1,0.0,1.0,41.7387,12.2514,6.0
VIA FRANCESCO GIOVANNI COMMENDONE x VIA MARZIO GINETTI,1,0.0,1.0,41.9167,12.4063,6.0
VIA FRANCESCO GRIMALDI x VIA GIOVANNI ALDINI,1,0.0,1.0,41.8649,12.4674,6.0
VIA FRANCESCO MARIA GALLUZZI x VIA OTTAVIO GASPARRI,1,0.0,1.0,41.8782,12.4419,6.0
VIA DELL'ARCHEOLOGIA x VIA GIOVAN BATTISTA GALESTRUZZI,1,0.0,1.0,41.8803,12.6266,6.0
VIA DELL'ANNUNZIATELLA x VIA GIUSEPPE CERBARA,1,0.0,1.0,41.8551,12.5056,6.0
VIA DELLA BUFALOTTA x VIA ELIAS CANETTI,1,0.0,1.0,41.9676,12.5499,6.0
VIA DELLA BUFALOTTA x VIA JACOPO PASSAVANTI,1,0.0,1.0,41.9676,12.5499,6.0
VIA DELLA MASSIMILLA x VIA RICCARDO DALLA VEDOVA,1,0.0,1.0,41.8786,12.3505,6.0
VIA DELLA BUFALOTTA x VIA PIETRO MIGNOSI,1,0.0,1.0,41.9676,12.5499,6.0
VIA FABIOLA x VIA FEDERICO OZANAM,1,0.0,1.0,41.8768,12.4492,6.0
VIA FABRIANO x VIA LORETO,1,0.0,1.0,41.94,12.5835,6.0
VIA FANFULLA DA LODI x VIA FORTEBRACCIO,1,0.0,1.0,41.8898,12.5303,6.0
VIA DELLA MAGLIANA x VIA LUIGI CROCCO,1,0.0,1.0,41.8317,12.4196,6.0
VIA FEDERICO BORROMEO x VIA NICOLO' ALBERGATI,1,0.0,1.0,41.9201,12.4155,6.0
VIA DELLA LUCCHINA x VIA GIULIO COGGIOLA,1,0.0,1.0,41.9526,12.3924,6.0
VIA DELLA GIULIANA x VIA PREMUDA,1,0.0,1.0,41.9133,12.4542,6.0
VIA FELICE LAZZARINO x VIA FRATEL GIUSEPPE LAZZARO,1,0.0,1.0,41.9139,12.403,6.0
VIA DELLA FOTOGRAFIA x VIA DI GROTTA PERFETTA,1,0.0,1.0,41.8314,12.516,6.0
VIA FERDINANDO CASTAGNOLI x VIA GABRIELE TORREMUZZA,1,0.0,1.0,41.7657,12.3056,6.0
VIA FERNANDO CONTI x VIA MICHELE BUONORI,1,0.0,1.0,41.8682,12.6324,6.0
VIA FILIPPO VASSALLI x VIA FULVIO MAROI,1,0.0,1.0,41.8997,12.4173,6.0
VIA DELLA CHIMICA x VIALE BEETHOVEN,1,0.0,1.0,41.8325,12.4665,6.0
VIA FILOGASO x VIA TUSCOLANA,1,0.0,1.0,41.8373,12.5987,6.0
VIA FILOMUSI GUELFI x VIA GIUSEPPE SAREDO,1,0.0,1.0,41.8628,12.5723,6.0
VIA FILOMUSI GUELFI x VIALE BRUNO PELIZZI,1,0.0,1.0,41.8629,12.5738,6.0
VIA FIRENZE x VIA VENTI SETTEMBRE,1,0.0,1.0,41.9056,12.496,6.0
VIA DELLA CAMILLUCCIA x VIA SALSOMAGGIORE,1,0.0,1.0,41.9432,12.4493,6.0
VIA FIUMINATA x VIA MORROVALLE,1,0.0,1.0,41.94,12.5857,6.0
VIA DELLA TORRETTA x VICOLO DELLA TORRETTA,1,0.0,1.0,41.9033,12.4772,6.0
VIA DI VILLA CHIGI x VIA NICOLO' PICCINNI,1,0.0,1.0,41.9341,12.5142,6.0
VIA DELLA VANGA x VIA DI GROTTA DI GREGNA,1,0.0,1.0,41.909,12.5652,6.0
VIA DI CASAL BIANCO x VIA FORNO CASALE,1,0.0,1.0,41.944,12.6367,6.0
VIA DI PIETRALATA x VIA PAN,1,0.0,1.0,41.9213,12.5469,6.0
VIA DI CASA CALDA x VIA PIETRO BELON,1,0.0,1.0,,,6.0
VIA DI CAPO LE CASE x VIA FRANCESCO CRISPI,1,0.0,1.0,41.9047,12.4859,6.0
VIA DI PORTA LABICANA x VIALE DELLO SCALO S. LORENZO,1,0.0,1.0,41.8952,12.518,6.0
VIA DI PORTA MAGGIORE x VIA PIETRO MICCA,1,0.0,1.0,41.8923,12.5127,6.0
VIA DI PORTA MEDAGLIA x VIA GIOVANNI CANESTRINI,1,0.0,1.0,41.7568,12.5284,6.0
VIA DI BRAVETTA x VIA FRANCESCO DE FICORONI,1,0.0,1.0,41.8762,12.4257,6.0
VIA DI PORTA S. LORENZO x VIALE DI PORTA TIBURTINA,1,0.0,1.0,41.8975,12.5099,6.0
VIA DI BOCCEA x VIA VERNANTE,1,0.0,1.0,41.9149,12.3847,6.0
VIA DI PORTONACCIO x VIA GIOVANNI PITTALUGA,1,0.0,1.0,41.8998,12.537,6.0
VIA DI BOCCEA x VIA TEODOLFO MERTEL,1,0.0,1.0,41.9023,12.4202,6.0
VIA DI PORTONACCIO x VIA UMBERTO PARTINI,1,0.0,1.0,41.9044,12.536,6.0
VIA DI PRISCILLA x VIA FOGLIANO,1,0.0,1.0,41.9284,12.5091,6.0
VIA DI BOCCEA x VIA EMILIO ALBERTARIO,1,0.0,1.0,41.9149,12.3847,6.0
VIA DI S. AGATA DEI GOTI x VIA PANISPERNA,1,0.0,1.0,,,6.0
VIA DI BACCANELLO x VIA MARIO VISINTINI,1,0.0,1.0,42.0628,12.3493,6.0
VIA DI S. BASILIO x VIA LEONIDA BISSOLATI,1,0.0,1.0,41.9059,12.4909,6.0
VIA DI S. BASILIO x VIA NOMENTANA,1,0.0,1.0,41.9376,12.5768,6.0
VIA DI ACQUA BULLICANTE x VIA SAN VITO ROMANO,1,0.0,1.0,41.8891,12.5424,6.0
VIA DI PIETRALATA x VIA MATTEO TONDI,1,0.0,1.0,41.9178,12.555,6.0
VIA DI MONTE VERDE x VIALE DEI COLLI PORTUENSI,1,0.0,1.0,41.8712,12.4492,6.0
VIA DI VIGNA PIA x VIA PORTUENSE,1,0.0,1.0,41.8469,12.414,6.0
VIA DI MALAFEDE x VIALE CRISTOFORO COLOMBO,1,0.0,1.0,41.7758,12.3968,6.0
VIA DI CASTEL FUSANO x VIA DI PIANA BELLA,1,0.0,1.0,41.7494,12.3013,6.0
VIA DI FONTANA CANDIDA x VIA VIGNE DI COLLE MATTIA,1,0.0,1.0,,,6.0
VIA DI GIARDINETTI x VIA EMILIO GALLORI,1,0.0,1.0,41.8596,12.6029,6.0
VIA DI CASALOTTI x VIA S. SECONDA,1,0.0,1.0,41.9159,12.3685,6.0
VIA DI GROTTA DI GREGNA x VIA IGINO GIORDANI,1,0.0,1.0,41.9074,12.5651,6.0
VIA DI GROTTA PERFETTA x VIA GIUSEPPE CASALINUOVO,1,0.0,1.0,41.8438,12.492,6.0
VIA DI GROTTA PERFETTA x VIALE MOLIERE,1,0.0,1.0,41.8398,12.5046,6.0
VIA DI GROTTAROSSA x VIA MONTEFIASCONE,1,0.0,1.0,41.9744,12.4629,6.0
VIA DI LUNGHEZZA x VIA ENRICO BERNARDI,1,0.0,1.0,41.9231,12.6715,6.0
VIA DI LUNGHEZZINA x VIA GUGLIELMO CAPPA,1,0.0,1.0,41.928,12.6804,6.0
VIA DI MACCHIA PALOCCO x VIA MONSIGNOR ARDUINO TERZI,1,0.0,1.0,41.7656,12.3416,6.0
VIA DI MACCHIA PALOCCO x VIA PIETRO AUDISIO,1,0.0,1.0,41.7656,12.3416,6.0
VIA DI CASAL DEL MARMO x VIA MOTTA VISCONTI,1,0.0,1.0,41.9449,12.391,6.0
VIA DI CASAL DEL MARMO x VIA MAGNAGO,1,0.0,1.0,41.9455,12.3912,6.0
VIA DI CASAL DEL MARMO x VIA LIMBIATE,1,0.0,1.0,41.946,12.3915,6.0
VIA DI MACCHIA SAPONARA x VIA GIUSEPPE LOMBARDO RADICE,1,0.0,1.0,41.7702,12.3551,6.0
VIA DI CASAL DEI PAZZI x VIA VITTORIO VALLETTA,1,0.0,1.0,41.9286,12.5684,6.0
VIA DI CASAL BRUCIATO x VIA TIBURTINA,1,0.0,1.0,41.9087,12.5455,6.0
VIA DI MALAFEDE x VIA ERMINIO MACARIO,1,0.0,1.0,41.7689,12.4031,6.0
VIA DI S. CROCE IN GERUSALEMME x VIA ETTORE PERRONE,1,0.0,1.0,41.8904,12.5118,6.0
VIA DI S. DOMENICO x VIA RAIMONDO DA CAPUA,1,0.0,1.0,41.8839,12.4804,6.0
VIA DI ACQUA BULLICANTE x VIA GRAZIOSO BENINCASA,1,0.0,1.0,41.8857,12.5434,6.0
VIA DI S. FRANCESCO A RIPA x VIALE DI TRASTEVERE,1,0.0,1.0,41.8857,12.4712,6.0
VIA DELLE CERQUETE x VIA SANT'ELENA SANNITA,1,0.0,1.0,41.9136,12.6699,6.0
VIA DELLE CERQUETE x VIA RIPALIMOSANO,1,0.0,1.0,41.9136,12.6699,6.0
VIA DI TORREVECCHIA x VIA LEONARDO BIANCHI,1,0.0,1.0,41.9363,12.4224,6.0
VIA DI TORREVECCHIA x VIA MONEGLIA,1,0.0,1.0,41.9322,12.4201,6.0
VIA DELLE CAVE x VIA NUMITORE,1,0.0,1.0,41.8717,12.5297,6.0
VIA DELLE CAROLINE x VIA ISOLE SALOMONE,1,0.0,1.0,41.7399,12.2753,6.0
VIA DI TORREVECCHIA x VIA TOMMASO BERNETTI,1,0.0,1.0,41.9234,12.4123,6.0
VIA DI TRIGORIA x VIA PONTINA,1,0.0,1.0,41.7369,12.4613,6.0
VIA DI VAL FAVARA x VIA PIETRO BOETTO,1,0.0,1.0,41.9249,12.4166,6.0
VIA DELLE AZZORRE x VIA OSTIENSE,1,0.0,1.0,41.8109,12.4229,6.0
VIA DI VALLE AURELIA x VIA MONTIGLIO,1,0.0,1.0,41.9078,12.4368,6.0
VIA DI VALLE PORCINA x VIA LUDOVICO ANTOMELLI,1,0.0,1.0,,,6.0
VIA DELLE AMADRIADI x VIA DI TORRENOVA,1,0.0,1.0,41.8787,12.6181,6.0
VIA DI VALLERANELLO x VIA PONTINA,1,0.0,1.0,41.7944,12.4614,6.0
VIA DI VALLERANO x VIA LUIGI CHIARINI,1,0.0,1.0,41.7857,12.4755,6.0
VIA DELLE ACACIE x VIA TOR DE' SCHIAVI,1,0.0,1.0,41.888,12.5675,6.0
VIA DI VIGNA MURATA x VIA LAURENTINA,1,0.0,1.0,41.828,12.4796,6.0
VIA DI VIGNA MURATA x VIA SPIRO VALLES,1,0.0,1.0,41.8263,12.4987,6.0
VIA DELLA VERNA x VIA MONTE BERICO,1,0.0,1.0,41.9414,12.5375,6.0
VIA DELLE FORNACI x VIA DI VALLE RICCA,1,0.0,1.0,42.0399,12.5917,6.0
VIA DI TORREVECCHIA x VIA GABRIELE PALEOTTI,1,0.0,1.0,41.9234,12.4123,6.0
VIA DI TORREVECCHIA x VIA FINALE LIGURE,1,0.0,1.0,41.935,12.421,6.0
VIA DI TOR PIGNATTARA x VIA FRANCESCO BARACCA,1,0.0,1.0,41.8792,12.542,6.0
VIA DI S. MARIA GORETTI x VIA TIGRE',1,0.0,1.0,41.9303,12.5204,6.0
VIA DI S. MARIA MAGGIORE x VIA LIBERIANA,1,0.0,1.0,41.8969,12.4985,6.0
VIA DI SACCO PASTORE x VIA VALSUGANA,1,0.0,1.0,41.9325,12.5262,6.0
VIA DEMONTE x VIA EUGENIO VILLORESI,1,0.0,1.0,41.8218,12.3137,6.0
VIA DEMETRIADE x VIA GROTTAFERRATA,1,0.0,1.0,41.8625,12.5396,6.0
VIA DI SAPONARA x VIA GIUSEPPE BONITO,1,0.0,1.0,41.7744,12.3459,6.0
VIA DI TOR PAGNOTTA x VIA DI TORRE ARCHETTA,1,0.0,1.0,41.8038,12.5061,6.0
VIA DELLE TRE MADONNE x VIALE BRUNO BUOZZI,1,0.0,1.0,41.9215,12.4895,6.0
VIA DI TOR PIGNATTARA x VIALE GIACOMO AICARDI,1,0.0,1.0,41.8755,12.5414,6.0
VIA DI TORRENOVA x VIA MAGLIE,1,0.0,1.0,41.8839,12.6187,6.0
VIA DI TOR S. GIOVANNI x VIA NATALINO SAPEGNO,1,0.0,1.0,41.9866,12.5718,6.0
VIA DI TOR TRE TESTE x VIA PIETRO SANGUINETTI,1,0.0,1.0,41.8768,12.5888,6.0
VIA DELLE SUSINE x VIALE ALESSANDRINO,1,0.0,1.0,41.8796,12.5778,6.0
VIA DI TOR TRE TESTE x VIA VINCENZO TINEO,1,0.0,1.0,41.8744,12.587,6.0
VIA DI TOR VERGATA x VIA FELICE BISLERI,1,0.0,1.0,41.8608,12.6215,6.0
VIA DELLE ROSE x VIA TOR DE' SCHIAVI,1,0.0,1.0,41.8894,12.5611,6.0
VIA DI TOR VERGATA x VIA SANDRO PENNA,1,0.0,1.0,41.8417,12.6229,6.0
VIA DI TORRE SPACCATA x VIA WALTER PROCACCINI,1,0.0,1.0,41.8519,12.5826,6.0
VIA FRANCESCO SAVERIO SPROVIERI x VIALE DEI QUATTRO VENTI,1,0.0,1.0,41.8796,12.4585,6.0
VIA FRASSINETO x VIA GIOVANNI SIMONET,1,0.0,1.0,42.0,12.4865,6.0
VIA MARSALA x VIALE ENRICO DE NICOLA,1,0.0,1.0,41.9034,12.5009,6.0
VIA DEL CANALE DELLA LINGUA x VICOLO DEL CANALE DELLA LINGUA,1,0.0,1.0,41.7412,12.3403,6.0
VIA DEL BADILE x VIA DEL FRANTOIO,1,0.0,1.0,41.9149,12.5615,6.0
VIA INNOCENZO X x VIA VITELLIA,1,0.0,1.0,41.8801,12.4484,6.0
VIA DEI VELIERI x VIALE VASCO DE GAMA,1,0.0,1.0,41.7346,12.2745,6.0
VIA ISOLE DEL CAPO VERDE x VIALE DELLE REPUBBLICHE MARINARE,1,0.0,1.0,41.737,12.2692,6.0
VIA ISPICA x VIA PALAGONIA,1,0.0,1.0,41.876,12.6538,6.0
VIA DEI TRE PUPAZZI x VIA GIOVANNI VITELLESCHI,1,0.0,1.0,41.9045,12.4621,6.0
VIA JACOPONE DA TODI x VIA NOMENTANA,1,0.0,1.0,41.959,12.5737,6.0
VIA JASPERS x VIALE MARX,1,0.0,1.0,41.9371,12.5567,6.0
VIA JOHN LENNON x VIA LUIGI CHIARINI,1,0.0,1.0,41.7943,12.4622,6.0
VIA LA SPEZIA x VIA ORVIETO,1,0.0,1.0,,,6.0
VIA LAGO DI LESINA x VIA NEMORENSE,1,0.0,1.0,41.9268,12.5098,6.0
VIA LATINA x VIA TOMMASO DA CELANO,1,0.0,1.0,41.8732,12.5143,6.0
VIA DEI SAVORELLI x VIA MARCELLO II,1,0.0,1.0,41.8964,12.4371,6.0
VIA LATINA x VIALE DELLE MURA LATINE,1,0.0,1.0,41.8764,12.5026,6.0
VIA LATINA x VIALE METRONIO,1,0.0,1.0,41.879,12.5012,6.0
VIA DEI SABELLI x VIA DEI SARDI,1,0.0,1.0,41.8974,12.5162,6.0
VIA LAURENTINA x VIA LUIGI PERNA,1,0.0,1.0,41.8449,12.4798,6.0
VIA LAURENTINA x VIALE CRISTOFORO COLOMBO,1,0.0,1.0,41.845,12.4779,6.0
VIA LAURENTINA x VIALE LEONARDO DA VINCI,1,0.0,1.0,41.849,12.4785,6.0
VIA ILDEBRANDO DELLA GIOVANNA x VIA PASQUALE PASQUINI,1,0.0,1.0,41.876,12.3438,6.0
VIA IBERIA x VIA PANDOSIA,1,0.0,1.0,41.8796,12.5043,6.0
VIA DEI RETI x VIALE DELLO SCALO S. LORENZO,1,0.0,1.0,41.8974,12.5196,6.0
VIA GUIDO VINCON x VIA UMBERTO CAGNI,1,0.0,1.0,41.7363,12.2597,6.0
VIA GIUSEPPE VASI x VIA NOMENTANA,1,0.0,1.0,41.959,12.5737,6.0
VIA GOFFREDO MAMELI x VIA LUCIANO MANARA,1,0.0,1.0,41.888,12.4676,6.0
VIA GOITO x VIA MONTEBELLO,1,0.0,1.0,41.906,12.5005,6.0
VIA GREGORIO ALLEGRI x VIA PO,1,0.0,1.0,41.9147,12.4955,6.0
VIA GREGORIO VII x VIA INNOCENZO XI,1,0.0,1.0,41.8958,12.44,6.0
VIA DI DONNA OLIMPIA x VIA EDOARDO PANTANO,1,0.0,1.0,41.8766,12.4536,6.0
VIA GUAZZORA x VIA VOLPEGLINO,1,0.0,1.0,41.8254,12.2999,6.0
VIA GUBBIO x VIA NOCERA UMBRA,1,0.0,1.0,41.8785,12.5289,6.0
VIA DEL CASALETTO DI GIANO x VIA OSTIENSE,1,0.0,1.0,41.8109,12.4229,6.0
VIA DEL CASALE ZOLA x VIA DELLA CECCHIGNOLA,1,0.0,1.0,41.8077,12.5116,6.0
VIA DEL CASALE LUMBROSO x VICOLO DEL CASALE LUMBROSO,1,0.0,1.0,41.8671,12.3601,6.0
VIA DEL CASALE DI SETTEBAGNI x VIA SALARIA,1,0.0,1.0,41.9978,12.5175,6.0
VIA DEL CASALE DI S. MARIA x VIA DELLA LITE,1,0.0,1.0,41.8631,12.7072,6.0
VIA DEL CASALE DI S. BASILIO x VIA SARNANO,1,0.0,1.0,41.9391,12.5777,6.0
VIA GUGLIELMO MASSAIA x VIA S. LORENZO DA BRINDISI,1,0.0,1.0,41.862,12.4933,6.0
VIA GUICCIARDINI x VIA MERULANA,1,0.0,1.0,41.8918,12.5021,6.0
VIA GUIDO CORBELLINI x VIA RAOUL CHIODELLI,1,0.0,1.0,,,6.0
VIA GUIDO D'AREZZO x VIALE GIOACCHINO ROSSINI,1,0.0,1.0,41.9216,12.4923,6.0
VIA DEL CAPPELLACCIO x VIA OSTIENSE,1,0.0,1.0,41.8109,12.4229,6.0
VIA LAZZARO SPALLANZANI x VIA SIRACUSA,1,0.0,1.0,41.9118,12.5136,6.0
VIA DEI RETI x VIA TIBURTINA,1,0.0,1.0,41.8999,12.5172,6.0
VIA DELL'AMBA ARADAM x VIA DRUSIANA,1,0.0,1.0,41.8847,12.5016,6.0
VIA DEI MONTI DI PIETRALATA x VIA GIUSEPPE CARACI,1,0.0,1.0,41.9223,12.5295,6.0
VIA LUISA SPAGNOLI x VIA VIVI GIOI,1,0.0,1.0,41.9618,12.4006,6.0
VIA LUNANO x VIA POLENSE,1,0.0,1.0,41.9031,12.7087,6.0
VIA LUSITANIA x VIA VETULONIA,1,0.0,1.0,41.8767,12.5041,6.0
VIA MADDALONI x VIA PRENESTINA,1,0.0,1.0,41.8926,12.5426,6.0
VIA MAIERATO x VIA SARACENA,1,0.0,1.0,41.7935,12.377,6.0
VIA MAR DEI CARAIBI x VIA MAR DEI CORALLI,1,0.0,1.0,41.7299,12.3017,6.0
VIA MAR DEI CORALLI x VIA MAR DEI SARGASSI,1,0.0,1.0,41.7287,12.3028,6.0
VIA MARCO PAPIO x VIA SESTIO MENAS,1,0.0,1.0,41.8665,12.5519,6.0
VIA DEI MAGAZZINI GENERALI x VIA DEL GAZOMETRO,1,0.0,1.0,41.8719,12.4789,6.0
VIA MARCO STAZIO PRISCO x VIALE DEI ROMANISTI,1,0.0,1.0,41.8697,12.5688,6.0
VIA DEI LENTULI x VIA DEI PISONI,1,0.0,1.0,41.8655,12.5438,6.0
VIA MARIA LORENZA LONGO x VIA PIETRO D'ASSISI,1,0.0,1.0,41.8692,12.4506,6.0
VIA MARIANO RAMPOLLA x VIA PIETRO BEMBO,1,0.0,1.0,41.9175,12.4114,6.0
VIA MARIO AMATO x VIA RAFFAELE ROSSETTI,1,0.0,1.0,41.9154,12.4507,6.0
VIA MARIO BONNARD x VIA ROBERTO ROSSELLINI,1,0.0,1.0,41.9492,12.566,6.0
VIA MARIO FANI x VIA SANGEMINI,1,0.0,1.0,41.9377,12.4413,6.0
VIA MARIO FANI x VIA TRIONFALE,1,0.0,1.0,41.935,12.4386,6.0
VIA DEI GIORDANI x VIA DI PRISCILLA,1,0.0,1.0,41.9307,12.5105,6.0
VIA MARIO LIZZANI x VIALE DEI ROMANISTI,1,0.0,1.0,41.8695,12.5693,6.0
VIA LUIGI SETTEMBRINI x VIA RUFFINI,1,0.0,1.0,41.9153,12.4657,6.0
VIA LUIGI RONCINOTTO x VIALE MARCO POLO,1,0.0,1.0,41.8728,12.4893,6.0
VIA LEONE IV x VIA OSTIA,1,0.0,1.0,41.9096,12.4551,6.0
VIA LUIGI RONCINOTTO x VIA ODOARDO BECCARI,1,0.0,1.0,41.8723,12.492,6.0
VIA LEONE IV x VIALE DELLE MILIZIE,1,0.0,1.0,41.9103,12.455,6.0
VIA LEONIDA BISSOLATI x VIA SALLUSTIANA,1,0.0,1.0,41.9059,12.4911,6.0
VIA DEI PLUMBAGHI x VIA DEI VERBASCHI,1,0.0,1.0,41.71,12.5853,6.0
VIA LEONIDA BISSOLATI x VIA VITTORIO VENETO,1,0.0,1.0,41.9064,12.4903,6.0
VIA LEOPOLDO NOBILI x VIA TULLIO LEVI CIVITA,1,0.0,1.0,41.8566,12.4736,6.0
VIA LEPANTO x VIALE GIULIO CESARE,1,0.0,1.0,41.9115,12.4661,6.0
VIA LICINIO MURENA x VIA SCRIBONIO CURIONE,1,0.0,1.0,41.8628,12.5535,6.0
VIA DEI PIOPPI x VIALE PALMIRO TOGLIATTI,1,0.0,1.0,41.8872,12.5733,6.0
VIA LIVILLA x VIA SCRIBONIO CURIONE,1,0.0,1.0,41.8629,12.5533,6.0
VIA LODOVICO JACOBINI x VIA PIETRO GASPARRI,1,0.0,1.0,41.9202,12.4145,6.0
VIA LUCIO ELIO SEIANO x VIALE SPARTACO,1,0.0,1.0,41.8553,12.5596,6.0
VIA LUCIO PAPIRIO x VIALE ANICIO GALLO,1,0.0,1.0,41.8542,12.5614,6.0
VIA DEI PANFILI x VIA ISOLE DEL CAPO VERDE,1,0.0,1.0,41.7379,12.2744,6.0
VIA LUCREZIA ROMANA x VIA PAUL CEZANNE,1,0.0,1.0,41.8323,12.5784,6.0
VIA DEI NORMANNI x VIA LABICANA,1,0.0,1.0,41.8898,12.4989,6.0
VIA DEI MONTI TIBURTINI x VIA GUGLIELMO STEFANI,1,0.0,1.0,41.9153,12.5483,6.0
VIA DEI MONTI PARIOLI x VIA FRANCESCO JACOVACCI,1,0.0,1.0,41.9217,12.4788,6.0
VIA LUIGI RIZZO x VIALE DELLE MEDAGLIE D'ORO,1,0.0,1.0,41.9101,12.4474,6.0
VIA DEI MONTI DI S. PAOLO x VIA DELLA SALVIA,1,0.0,1.0,41.7848,12.3602,6.0
VIA GIUSEPPE TOMASSETTI x VIA NOMENTANA,1,0.0,1.0,41.959,12.5736,6.0
VIA DEL CASTRO PRETORIO x VIALE CASTRO PRETORIO,1,0.0,1.0,41.9029,12.5071,6.0
VIA GIUSEPPE SACCONI x VIA GUGLIELMO CALDERINI,1,0.0,1.0,41.9309,12.4667,6.0
VIA DEL TORRACCIO DI TORRENOVA x VIA NICOLA MOSCARDELLI,1,0.0,1.0,41.8654,12.6294,6.0
VIA GASPARE PACCHIAROTTI x VIA NICOLA MALDACEA,1,0.0,1.0,41.9624,12.5135,6.0
VIA GEROLAMO ADORNO x VIA IGNAZIO PERSICO,1,0.0,1.0,41.8658,12.4881,6.0
VIA GEROLAMO CARDANO x VIA GIUSEPPE BAGNERA,1,0.0,1.0,41.8631,12.467,6.0
VIA GHEDI x VIA LUMEZZANE,1,0.0,1.0,42.0251,12.463,6.0
VIA DEL QUADRARO x VIA MARCO VALERIO CORVO,1,0.0,1.0,41.8599,12.5541,6.0
VIA GIACINTO GIGANTE x VIA GIULIO ARISTIDE SARTORIO,1,0.0,1.0,41.8533,12.5061,6.0
VIA GIACOMO DELITALA x VIA TUSCOLANA,1,0.0,1.0,41.8406,12.5878,6.0
VIA DEL PONTE DELLE SETTE MIGLIA x VIA SALVATORE BARZILAI,1,0.0,1.0,41.8399,12.602,6.0
VIA GIANNA PEDERZINI x VIADOTTO GIUSEPPE SARAGAT,1,0.0,1.0,41.9737,12.5208,6.0
VIA GIARABUB x VIA MIGIURTINIA,1,0.0,1.0,41.9303,12.5218,6.0
VIA DEL PIGNETO x VIA MARIANO DA SARNO,1,0.0,1.0,41.8879,12.5307,6.0
VIA DEL PIGNETO x VIA L'AQUILA,1,0.0,1.0,41.8898,12.5236,6.0
VIA GIARRATANA x VIA PARTANNA,1,0.0,1.0,41.8683,12.6558,6.0
VIA DEL PARCO OPPIO x VIA LABICANA,1,0.0,1.0,,,6.0
VIA GIARRATANA x VIA VILLABATE,1,0.0,1.0,41.8688,12.6507,6.0
VIA DEL MONTE DI MASSA x VIA DI VALLE RICCA,1,0.0,1.0,42.0399,12.5917,6.0
VIA DEL MONTE DELLE CAPRE x VICOLO DEL MONTE DELLE CAPRE,1,0.0,1.0,41.845,12.4317,6.0
VIA DEL MONTE DELLE CAPRE x VIA DI VIGNA CECCARELLI,1,0.0,1.0,41.845,12.4317,6.0
VIA DEL MONTE DELLE CAPRE x VIA DEL TRULLO,1,0.0,1.0,41.843,12.4368,6.0
VIA GALLIA x VIA METAPONTO,1,0.0,1.0,41.8811,12.5035,6.0
VIA DEL TRAFORO x VIA DEL TRITONE,1,0.0,1.0,41.9027,12.4852,6.0
VIA DEL CIRCO MASSIMO x VIA DELLE TERME DECIANE,1,0.0,1.0,41.8853,12.485,6.0
VIA DEL TRIFOGLIO x VIALE DELLA PRIMAVERA,1,0.0,1.0,41.885,12.5612,6.0
VIA DELL'AMBA ARADAM x VIA DELLA FERRATELLA IN LATERANO,1,0.0,1.0,41.8827,12.4989,6.0
VIA DELL'ALBARETO x VIA DELLA SALVIA,1,0.0,1.0,41.7863,12.3648,6.0
VIA DELL'AEROPORTO x VIA PAPIRIA,1,0.0,1.0,41.8645,12.5576,6.0
VIA DELL'AEROPORTO x VIA LICINIO MURENA,1,0.0,1.0,41.8618,12.5555,6.0
VIA FRATELLI ARCHIBUGI x VIALE TIZIANO,1,0.0,1.0,41.9266,12.4705,6.0
VIA FRATELLI MARISTI x VIA NOMENTANA,1,0.0,1.0,41.959,12.5737,6.0
VIA DELL'ACQUEDOTTO DEL PESCHIERA x VIA DELL'ACQUEDOTTO PAOLO,1,0.0,1.0,41.9365,12.4255,6.0
VIA FRATELLI ROSSELLI x VIA GIUNIO BAZZONI,1,0.0,1.0,41.9145,12.4589,6.0
VIA FRATTINA x VIA MARIO DE FIORI,1,0.0,1.0,41.9044,12.4821,6.0
VIA FURIO CICOGNA x VIALE EGIDIO GALBANI,1,0.0,1.0,41.9279,12.5642,6.0
VIA DELL'ACCADEMIA AMBROSIANA x VIA DI GROTTA PERFETTA,1,0.0,1.0,41.8458,12.4901,6.0
VIA DEL VIMINALE x VIA PRINCIPE AMEDEO,1,0.0,1.0,41.8976,12.5024,6.0
VIA DEL TUFO x VIA GIUSEPPE SEGUENZA,1,0.0,1.0,41.9209,12.5368,6.0
VIA GAETA x VIA SOMMACAMPAGNA,1,0.0,1.0,41.9064,12.5036,6.0
VIA GAETANO ASTOLFI x VIA PORTUENSE,1,0.0,1.0,41.8469,12.414,6.0
VIA DEL TRULLO x VIA LAMPORECCHIO,1,0.0,1.0,41.843,12.4368,6.0
VIA GAIO MELISSO x VIA QUINTO NOVIO,1,0.0,1.0,41.8662,12.5506,6.0
VIA DEL TRULLO x VIA DI MONTE CUCCO,1,0.0,1.0,41.843,12.4368,6.0
VIA DEL TROTTO x VIA OSTIENSE,1,0.0,1.0,41.8109,12.4229,6.0
VIA GIORGIO FOSSATI x VIA GIUSEPPE MARIA MORETTI,1,0.0,1.0,41.8689,12.628,6.0
VIA DEL MARE x VIALE CARDINAL GINNASI,1,0.0,1.0,41.7326,12.2808,6.0
VIA GIORGIO HINNA x VIALE ENRICO ORTOLANI,1,0.0,1.0,41.7719,12.334,6.0
VIA GIOVAN BATTISTA GANDINO x VIA UMBERTO MORICCA,1,0.0,1.0,41.902,12.4359,6.0
VIA DEL FOSSO DELL'OSA x VIA MONTAZZOLI,1,0.0,1.0,41.9021,12.6855,6.0
VIA GIULIO ALBERONI x VIALE GORIZIA,1,0.0,1.0,41.9193,12.5129,6.0
VIA DEL FOSSO DELL'OSA x VIA MASSA D'ALBE,1,0.0,1.0,41.8909,12.6921,6.0
VIA GIULIO BERTONI x VIA MARIO SANSONE,1,0.0,1.0,41.7356,12.3507,6.0
VIA GIULIO DE PETRA x VIA RODOLFO LANCIANI,1,0.0,1.0,41.9212,12.5223,6.0
VIA GIULIO GAUDINI x VIALE PIETRO DE COUBERTIN,1,0.0,1.0,41.9302,12.4765,6.0
VIA GIUSEPPE AVEZZANA x VIALE GIUSEPPE MAZZINI,1,0.0,1.0,41.9158,12.4626,6.0
VIA DEL FORTE TRIONFALE x VIA MARIA PEZZE' PASCOLATO,1,0.0,1.0,41.9384,12.4327,6.0
VIA GIUSEPPE BALDRIGHI x VIA VILLABATE,1,0.0,1.0,41.8688,12.6507,6.0
VIA GIUSEPPE CHIOVENDA x VIA GUIDO ZANOBINI,1,0.0,1.0,41.859,12.5694,6.0
VIA GIUSEPPE DONATI x VIA SILVIO NEGRO,1,0.0,1.0,41.9074,12.5502,6.0
VIA DEL FORTE BOCCEA x VIA DELLA PINETA SACCHETTI,1,0.0,1.0,41.924,12.425,6.0
VIA GIUSEPPE GINANNI x VIA WALTER TOBAGI,1,0.0,1.0,41.8753,12.5973,6.0
VIA GIUSEPPE GIOACHINO BELLI x VIA LUCREZIO CARO,1,0.0,1.0,41.907,12.4701,6.0
VIA GIUSEPPE GIOACHINO BELLI x VIA TACITO,1,0.0,1.0,41.9063,12.4679,6.0
VIA DEL CORSO x VIA VITTORIA,1,0.0,1.0,,,6.0
VIA DEL COMMERCIO x VIA DEL PORTO FLUVIALE,1,0.0,1.0,41.8724,12.4766,6.0
VIA DEL COLLE DI S. AGATA x VIA TRIONFALE,1,0.0,1.0,41.9477,12.4309,6.0
VIA GIUSEPPE NICOLINI x VIALE DI CASTEL PORZIANO,1,0.0,1.0,41.7321,12.3509,6.0
VIA GIROLAMO INDUNO x VIALE DI TRASTEVERE,1,0.0,1.0,41.8817,12.4679,6.0
VIA DEL FOSSO DELL'OSA x VIA PESCOLANCIANO,1,0.0,1.0,41.9012,12.6863,6.0
VIA DEL FOSSO DELL'OSA x VIA PRENESTINA,1,0.0,1.0,41.8897,12.6932,6.0
VIA DEL GAMBERO x VIA DELLA VITE,1,0.0,1.0,41.9037,12.4812,6.0
VIA GIOVAN BATTISTA GANDINO x VIALE DI VALLE AURELIA,1,0.0,1.0,41.9036,12.4371,6.0
VIA GIOVANNI ANTONELLI x VIA GIUSEPPE MERCALLI,1,0.0,1.0,41.9236,12.4851,6.0
VIA GIOVANNI CASELLI x VIA GIUSEPPE RAVIZZA,1,0.0,1.0,41.8691,12.4626,6.0
VIA GIOVANNI CENSORI x VIA SANDRO PENNA,1,0.0,1.0,41.8418,12.6236,6.0
VIA GIOVANNI CICALI x VIA GUSTAVO COLONNETTI,1,0.0,1.0,41.9115,12.6503,6.0
VIA GIOVANNI DE' MARIGNOLLI x VIA GUGLIELMO MASSAIA,1,0.0,1.0,41.8636,12.4926,6.0
VIA DEL LIDO DI CASTELPORZIANO x VIA FRANCESCO CILEA,1,0.0,1.0,41.7448,12.3752,6.0
VIA DEL GIORDANO x VIALE SS. PIETRO E PAOLO,1,0.0,1.0,41.8345,12.4615,6.0
VIA GIOVANNI FABBRONI x VIA MAFFEO PANTALEONI,1,0.0,1.0,41.951,12.4687,6.0
VIA GIROLAMO GRAVINA x VIA LAZZARO CATTANEO,1,0.0,1.0,41.7856,12.3326,6.0
VIA GIOVANNI PAISIELLO x VIA NICOLO' PORPORA,1,0.0,1.0,41.9185,12.4932,6.0
VIA GIOVANNI PAISIELLO x VIA PIETRO RAIMONDI,1,0.0,1.0,41.9155,12.4941,6.0
VIA DEL FOSSO DI FIORANELLO x VIA DI FIORANELLO,1,0.0,1.0,41.7915,12.5425,6.0
VIA GIOVANNI PAISIELLO x VIALE GIOACCHINO ROSSINI,1,0.0,1.0,41.9185,12.4932,6.0
VIA DEL FOSSO DI ACQUA ACETOSA OSTIENSE x VIA LAURENTINA,1,0.0,1.0,41.799,12.4808,6.0
VIA GIOVANNI PASSERINI x VIA TOR DE' SCHIAVI,1,0.0,1.0,41.8935,12.5597,6.0
VIA GIOVANNI PIERLUIGI DA PALESTRINA x VIA PIETRO COSSA,1,0.0,1.0,41.9068,12.4713,6.0
VIA GIOVANNI TORRECREMATA x VIALE DEI COLLI PORTUENSI,1,0.0,1.0,41.8666,12.4441,6.0
VIA CIPRIANO FACCHINETTI x VIA TIBURTINA,1,0.0,1.0,41.9091,12.5464,6.0
VICOLO DELLA TORRETTA x VICOLO DI S. BIAGIO,1,0.0,1.0,41.9032,12.4767,6.0
VIA AMICO ASPERTINI x VIA DEL FUOCO SACRO,1,0.0,1.0,41.8728,12.6299,6.0
VIA CANDIA x VIA MOCENIGO,1,0.0,1.0,41.9081,12.4527,6.0
VIA APPIA NUOVA x VIA SQUILLACE,1,0.0,1.0,41.8326,12.5543,6.0
VIA CAMPODIMELE x VIA CASSIA,1,0.0,1.0,41.9828,12.4137,6.0
PORTA S. SEBASTIANO x VIALE DI PORTA ARDEATINA,1,0.0,1.0,41.8733,12.5016,6.0
LARGO GIACOMO GUIDI x VIA DI BRAVETTA,1,0.0,1.0,41.8812,12.4264,6.0
VIA APPIA NUOVA x VIA TORTONA,1,0.0,1.0,41.8802,12.5159,6.0
VIA APPIA PIGNATELLI x VIA DEI CARVILII,1,0.0,1.0,41.8411,12.5437,6.0
VIA CAMPANIA x VIA MARCHE,1,0.0,1.0,41.9105,12.4924,6.0
VIA CAMPAGNATICO x VIALE VENTIMIGLIA,1,0.0,1.0,41.8409,12.4384,6.0
LARGO GIANNINA MILLI x VIA AUGUSTO CONTI,1,0.0,1.0,41.9436,12.4229,6.0
VIA CAMILLO SERAFINI x VIA SILVESTRI,1,0.0,1.0,41.8778,12.4324,6.0
VIA CAMILLO PILOTTO x VIA VIRGILIO TALLI,1,0.0,1.0,41.9646,12.5231,6.0
VIA ALESSANDRIA x VIA NOVARA,1,0.0,1.0,41.9145,12.5067,6.0
LARGO GIOVANNI ANSALDO x VIA GIOVANNI ANSALDO,1,0.0,1.0,41.8639,12.4857,6.0
VIA CAMILLO CACCIA DOMINIONI x VIA DELLA MADONNA DEL RIPOSO,1,0.0,1.0,41.8962,12.4308,6.0
VIA CAMILLA x VIA EURIALO,1,0.0,1.0,,,6.0
LARGO GAETANO LA LOGGIA x VIA PIETRO FRATTINI,1,0.0,1.0,41.8559,12.4464,6.0
VIA APPIA NUOVA x VIA MARIO MENGHINI,1,0.0,1.0,41.8257,12.5605,6.0
PIAZZA GONDAR x VIA DELLE VALLI,1,0.0,1.0,41.9333,12.5209,6.0
VIA CANDIDONI x VIA DI ROCCA CENCIA,1,0.0,1.0,41.8758,12.6919,6.0
PIAZZA CARLO FORLANINI x VIA ASCANIO RIVALDI,1,0.0,1.0,41.8679,12.4498,6.0
PIAZZA MATTEI x VIALE DELL'ARTE,1,0.0,1.0,41.8274,12.4732,6.0
VIA CAPO SPARTIVENTO x VIA LORENZO CUSANI VISCONTI,1,0.0,1.0,41.7368,12.2856,6.0
PIAZZA CARLO ALBERTO SCOTTI x VIA EDOARDO JENNER,1,0.0,1.0,41.8724,12.4447,6.0
PIAZZA CARLO ALBERTO SCOTTI x VIA DI MONTE VERDE,1,0.0,1.0,41.8697,12.4462,6.0
VIA CAPO DELL'ARGENTIERA x VIALE DEI PROMONTORI,1,0.0,1.0,41.7399,12.2846,6.0
PIAZZA MASTAI x VIALE DI TRASTEVERE,1,0.0,1.0,41.8873,12.4728,6.0
LARGO DOMENICO DELLE GRECHE x VIA CARLO RESTALLINO,1,0.0,1.0,41.8734,12.6273,6.0
PONTE TAZIO x VIALE TIRRENO,1,0.0,1.0,41.935,12.5331,6.0
LARGO FAUSTA LABIA x VIALE TITINA DE FILIPPO,1,0.0,1.0,41.9667,12.5165,6.0
VIA APPIA NUOVA x VIA FAENZA,1,0.0,1.0,41.8849,12.5108,6.0
VIA CANZONE DEL PIAVE x VIA DELLA DIVISIONE TORINO,1,0.0,1.0,41.8201,12.4851,6.0
LARGO FERRUCCIO MENGARONI x VIALE PAOLO FERDINANDO QUAGLIA,1,0.0,1.0,41.8683,12.6409,6.0
PIAZZA CAMILLO FINOCCHIARO APRILE x VIA FRANCESCO VALESIO,1,0.0,1.0,41.8766,12.5203,6.0
LARGO FRATELLI LUMIERE x VIA DELLE VIGNE NUOVE,1,0.0,1.0,,,6.0
LARGO GIOVANNI BERCHET x VIALE DELLE MURA GIANICOLENSI,1,0.0,1.0,41.8827,12.4636,6.0
LARGO GIOVANNI PITTALUGA x VIA DOMENICO CUCCHIARI,1,0.0,1.0,41.8997,12.5369,6.0
PIAZZA DI S. MARCO x PIAZZA VENEZIA,1,0.0,1.0,41.8953,12.4819,6.0
VIA CAMIGLIATELLO SILANO x VIA DI ROCCA CENCIA,1,0.0,1.0,41.8758,12.6919,6.0
LARGO MILLESIMO x VIA DI TORREVECCHIA,1,0.0,1.0,41.9319,12.4204,6.0
PIAZZA ASTI x VIA MATERA,1,0.0,1.0,41.8817,12.5198,6.0
RAMPA GRA CARREGGIATA ESTERNA x VIA CASSIA,1,0.0,1.0,41.9828,12.4137,6.0
LARGO MOLA DI BARI x VIA MANFREDONIA,1,0.0,1.0,41.8931,12.5768,6.0
VIA CAGLI x VIA CORINALDO,1,0.0,1.0,41.937,12.5846,6.0
VIA ARDEA x VIA FREGENE,1,0.0,1.0,41.8826,12.5109,6.0
LARGO MUSTAFA KEMAL ATATURK x VIALE DELLA TECNICA,1,0.0,1.0,41.8294,12.4604,6.0
VIA CABOTO x VIA DEL GAZOMETRO,1,0.0,1.0,41.8719,12.4789,6.0
LARGO NICOLA SPINELLI x VIA ARCANGELO CORELLI,1,0.0,1.0,41.9171,12.4936,6.0
PIAZZA APOLLODORO x VIA FLAMINIA,1,0.0,1.0,41.9294,12.4703,6.0
VIA ARDEATINA x VIA DEI CASALI DI PORTA MEDAGLIA,1,0.0,1.0,41.8131,12.5255,6.0
VIA ARDEATINA x VIA DI PORTA MEDAGLIA,1,0.0,1.0,41.7568,12.5284,6.0
VIA BUGGIANO x VIA DEL MONTE DELLE CAPRE,1,0.0,1.0,41.845,12.4317,6.0
VIA ARDEATINA x VIA DI S. SEBASTIANO,1,0.0,1.0,41.8131,12.5255,6.0
VIA ARDEATINA x VIA MEROPIA,1,0.0,1.0,41.8131,12.5255,6.0
LARGO MARTIRI DELLE FOSSE ARDEATINE x VIA DI GROTTA PERFETTA,1,0.0,1.0,41.8456,12.4898,6.0
VIA CAIROLI x VIA CONTE VERDE,1,0.0,1.0,41.8929,12.5073,6.0
VIA CAIROLI x VIA GIOVANNI GIOLITTI,1,0.0,1.0,41.8954,12.5089,6.0
VIA ALDO MANUZIO x VIA NICOLA ZABAGLIA,1,0.0,1.0,41.8771,12.4762,6.0
RAMPA AURELIA x VIA DI CASAL SELCE,1,0.0,1.0,41.9119,12.3511,6.0
VIA CAMESENA x VIA TIBURTINA,6,0.0,0.0,41.9083,12.5343,6.0
VIA APPIA PIGNATELLI x VIA DI CECILIA METELLA,1,0.0,1.0,41.8524,12.527,6.0
VIA APPIA PIGNATELLI x VIA DI S. TARCISIO,1,0.0,1.0,41.8462,12.5357,6.0
LARGO GIUSEPPE VERATTI x VIALE GUGLIELMO MARCONI,1,0.0,1.0,41.8573,12.4713,6.0
VIA CALTAGIRONE x VIA D'ASCANIO,1,0.0,1.0,41.8876,12.5184,6.0
VIA CALOPEZZATI x VIA SERSALE,1,0.0,1.0,41.7421,12.4664,6.0
VIA CAIROLI x VIA PRINCIPE UMBERTO,1,0.0,1.0,41.8949,12.5084,6.0
PIAZZA LECCE x VIA CATANIA,1,0.0,1.0,41.9101,12.5186,6.0
PIAZZA LAURO DE BOSIS x VIALE PAOLO BOSELLI,1,0.0,1.0,41.9345,12.4585,6.0
VIA AQUILONIA x VIA MARCIANISE,1,0.0,1.0,41.8911,12.5498,6.0
LARGO LEOPARDI x VIA MERULANA,1,0.0,1.0,41.8933,12.5014,6.0
VIA CALCINAIA x VIA SUVERETO,1,0.0,1.0,41.9557,12.5197,6.0
LARGO LUCIANO TAVAZZA x VIA ODOARDO GIOVE,1,0.0,1.0,41.9028,12.4964,6.0
PIAZZA CASTROREALE x VIA IGLESIAS,1,0.0,1.0,41.8858,12.5218,6.0
VIA CAPRACOTTA x VIA GUIDO DONEGANI,1,0.0,1.0,41.9212,12.6848,6.0
VIA CAPRAIA x VIA MONTE RUGGERO,1,0.0,1.0,41.9487,12.5348,6.0
VIA ANTONIO VALLARDI x VIA BRACCIANENSE,1,0.0,1.0,42.0132,12.3653,6.0
VIA CARLO DELLA ROCCA x VIALE DELL'ACQUEDOTTO ALESSANDRINO,1,0.0,1.0,41.8752,12.5421,6.0
VIA ANTONIO PUCCINELLI x VIA CALAMONACI,1,0.0,1.0,41.8619,12.6652,6.0
PIAZZA MONTECASTRILLI x VIA DELLA MARRANA,1,0.0,1.0,41.8773,12.5324,6.0
PIAZZALE MANILA x VIALE TIZIANO,1,0.0,1.0,41.9266,12.4705,6.0
PIAZZALE MARESCIALLO DIAZ x VIALE PAOLO BOSELLI,1,0.0,1.0,41.9331,12.4597,6.0
PIAZZALE MARESCIALLO GIARDINO x VIALE ANGELICO,1,0.0,1.0,41.9237,12.4579,6.0
VIA ANTONIO SALA x VIA DI BOCCEA,1,0.0,1.0,41.9149,12.3847,6.0
LARGO DEI CHIAVARI x PIAZZA DI S. ANDREA DELLA VALLE,1,0.0,1.0,41.8965,12.4744,6.0
LARGO DEI CONDOR x VIA DI CASA CALDA,1,0.0,1.0,41.8733,12.5915,6.0
VIA ANTONIO TARAMELLI x VIA GIUSEPPE LUGLI,1,0.0,1.0,41.7703,12.3102,6.0
PIAZZA CIVITELLA PAGANICO x VIA FILIPPO ANTONIO GUALTERIO,1,0.0,1.0,41.9517,12.5159,6.0
PIAZZALE OSTIENSE x VIALE DI PORTA ARDEATINA,1,0.0,1.0,41.8763,12.4819,6.0
VIA CARLO CASINI x VIA SERAFINO SOLDANO,1,0.0,1.0,41.7818,12.3378,6.0
LARGO DEI FIORENTINI x PIAZZA PASQUALE PAOLI,1,0.0,1.0,41.8993,12.4649,6.0
LARGO DEI GLICINI x VIA TOR DE' SCHIAVI,1,0.0,1.0,41.8796,12.5703,6.0
VIA CARLO EMANUELE I x VIA STATILIA,1,0.0,1.0,,,6.0
VIA ALESSANDRO SOLIVETTI x VIA EZIO SCIAMANNA,1,0.0,1.0,41.9357,12.4201,6.0
PIAZZA COLA DI RIENZO x VIA MARCANTONIO COLONNA,1,0.0,1.0,41.91,12.467,6.0
LARGO CARLO LAZZERINI x VIALE GIOTTO,1,0.0,1.0,41.8767,12.4863,6.0
VIA CARLO MAVIGLIA x VIA DI CASTEL FUSANO,1,0.0,1.0,41.7537,12.3081,6.0
VIA CARLO MARIA ROSINI x VIA GAVIO MASSIMO,1,0.0,1.0,41.7677,12.3073,6.0
LARGO BERNARDINO DA FELTRE x VIALE DELLE MURA PORTUENSI,1,0.0,1.0,41.8838,12.4698,6.0
LARGO BRINDISI x PIAZZALE APPIO,1,0.0,1.0,41.8855,12.5099,6.0
LARGO CARLO GOLDONI x VIA TOMACELLI,1,0.0,1.0,41.9046,12.4789,6.0
VIA ANTONIO PETITO x VIA BRACCIANENSE,1,0.0,1.0,42.0132,12.3653,6.0
VIA ANTONIO PIGNATELLI x VIA MARCANTONIO ODESCALCHI,1,0.0,1.0,41.8728,12.4527,6.0
VIA ALESSANDRO STRADELLA x VIA ANDREA DELLA CORTE,1,0.0,1.0,41.7385,12.3577,6.0
VIA CARLO LIVI x VIA EZIO SCIAMANNA,1,0.0,1.0,41.9335,12.4173,6.0
VIA CARLO LINATI x VIA LAURENTINA,1,0.0,1.0,41.8093,12.4835,6.0
VIA CARLO LABRUZZI x VIA DELL'ARCHEOLOGIA,1,0.0,1.0,41.8794,12.6295,6.0
VIA CARLO GHERARDINI x VIA CASSIA,1,0.0,1.0,41.9828,12.4137,6.0
VIA CARLO FRANCESCO BELLINGERI x VIA DI TORREVECCHIA,1,0.0,1.0,41.936,12.4221,6.0
PIAZZA CONCA D'ORO x VIA CONCA D'ORO,1,0.0,1.0,41.9405,12.5244,6.0
VIA CARLO CANEVA x VIA TIBURTINA,1,0.0,1.0,41.9257,12.5739,6.0
PIAZZA CIMONE x VIA CIMONE,1,0.0,1.0,41.9332,12.5372,6.0
LARGO DI S. SUSANNA x VIA VITTORIO EMANUELE ORLANDO,1,0.0,1.0,,,6.0
VIA ALESSANDRO PERRONE x VIA GUSTAVO D'ARPE,1,0.0,1.0,41.7653,12.4758,6.0
PIAZZA DI S. CLEMENTE x VIA LABICANA,1,0.0,1.0,41.8897,12.4984,6.0
VIA CARDINALE SILJ x VIA GREGORIO VII,1,0.0,1.0,41.8959,12.4401,6.0
PIAZZA FABIO SABATINI x VIALE ANTONIO CIAMARRA,1,0.0,1.0,41.8471,12.5908,6.0
VIA CARDINALE OREGLIA x VIA DI BOCCEA,1,0.0,1.0,41.9027,12.4236,6.0
PIAZZA DI S. COSTANZA x VIA DI S. COSTANZA,1,0.0,1.0,41.922,12.5159,6.0
LARGO DELLE TERME GORDIANE x VIALE DELLA VENEZIA GIULIA,1,0.0,1.0,41.8962,12.552,6.0
LARGO DELLE VITTIME DEL TERRORISMO x PIAZZA DI PORTA CAPENA,1,0.0,1.0,41.8842,12.4895,6.0
VIA ALESSANDRO FARNESE x VIA COLA DI RIENZO,1,0.0,1.0,41.908,12.4652,6.0
LARGO DI PORTA S. PANCRAZIO x VIA ANGELO MASINA,1,0.0,1.0,41.8885,12.4616,6.0
LARGO DI PORTA S. PANCRAZIO x VIA GARIBALDI,1,0.0,1.0,41.8884,12.4617,6.0
PIAZZA MELOZZO DA FORLI' x VIA PIER DELLA FRANCESCA,1,0.0,1.0,41.9253,12.4646,6.0
VIA CARDINAL DOMENICO CAPRANICA x VIA PIETRO BEMBO,1,0.0,1.0,41.9142,12.41,6.0
LARGO DI S. SILVIA x PIAZZA AUGUSTO LORENZINI,1,0.0,1.0,41.8553,12.4505,6.0
PONTE DELL'INDUSTRIA x VIA ANTONIO PACINOTTI,1,0.0,1.0,41.871,12.4675,6.0
VIA APPIA NUOVA x VIA CESARE BARONIO,1,0.0,1.0,41.8723,12.5196,6.0
LARGO DELLE PLEIADI x VIA DI MEZZOCAMMINO,6,0.0,0.0,41.7864,12.432549999999999,6.0
VIA ALESSANDRO MALLADRA x VIA DEI DURANTINI,1,0.0,1.0,41.9193,12.547,6.0
VIA APPIA ANTICA x VIA DI S. SEBASTIANO,1,0.0,1.0,41.8546,12.5177,6.0
VIA CARLO ALBERTO RACCHIA x VIALE GIUSEPPE MAZZINI,1,0.0,1.0,41.9158,12.4626,6.0
VIA CARLO BETOCCHI x VIA DI TOR VERGATA,1,0.0,1.0,41.8368,12.6218,6.0
PIAZZALE PINO PASCALI x VIA MASSIMO CAMPIGLI,1,0.0,1.0,41.8973,12.5806,6.0
VIA CARLO BERNARI x VIA DELLA BUFALOTTA,1,0.0,1.0,41.9672,12.5498,6.0
LARGO DEL TRITONE x VIA DEL TRAFORO,1,0.0,1.0,41.9025,12.4853,6.0
PIAZZALE PORTUENSE x VIA PORTUENSE,1,0.0,1.0,41.8838,12.4742,6.0
VIA CARLO ALBERTO x VIA CARLO CATTANEO,1,0.0,1.0,41.8967,12.5007,6.0
PIAZZA CESARE CANTU' x VIA DELLE CAVE,1,0.0,1.0,41.8714,12.5273,6.0
PIAZZALE XXV MARZO 1957 x VIALE DELL'OCEANO ATLANTICO,1,0.0,1.0,41.8182,12.4629,6.0
VIA CARLENTINI x VIA PARTANNA,1,0.0,1.0,41.8663,12.6536,6.0
PIAZZALE TIBURTINO x VIA TIBURTINA,1,0.0,1.0,41.8969,12.5114,6.0
PIAZZA CESARE BARONIO x VIA GIUSEPPE LA FARINA,1,0.0,1.0,41.8732,12.5208,6.0
PIAZZALE UGO LA MALFA x VIA DELLE TERME DECIANE,1,0.0,1.0,41.8852,12.4847,6.0
PIAZZALE UGO LA MALFA x VIALE AVENTINO,1,0.0,1.0,,,6.0
VIA APPIA ANTICA x VIA DI PORTA S. SEBASTIANO,1,0.0,1.0,41.8733,12.5016,6.0
VIA ARDEATINA x VIA NESAZIO,1,0.0,1.0,41.8563,12.5109,6.0
VIA BRUXELLES x VIA SALARIA,1,0.0,1.0,41.9223,12.5015,6.0
PIAZZA DEI CALCARARI x VIA FLORIDA,1,0.0,1.0,,,6.0
VIA ATTILIO ODERO x VIA CASILINA,1,0.0,1.0,41.8626,12.6212,6.0
VIA BELGIO x VIALE XVII OLIMPIADE,1,0.0,1.0,41.9326,12.4727,6.0
LUNGOTEVERE DEGLI ALTOVITI x PONTE VITTORIO EMANUELE II,1,0.0,1.0,41.9012,12.4641,6.0
VIA ACQUARONI x VIA FRATELLI MAZZOCCHI,1,0.0,1.0,41.8655,12.6446,6.0
LUNGOTEVERE DEGLI ALTOVITI x VIA PAOLA,1,0.0,1.0,41.9012,12.4663,6.0
LUNGOTEVERE IN SASSIA x VIA S. PIO X,1,0.0,1.0,41.9008,12.463,6.0
VIA BEATRICE CENCI x VIA DI S. BARTOLOMEO DE' VACCINARI,1,0.0,1.0,41.8921,12.4767,6.0
VIA ACQUAVIVA D'ISERNIA x VIA CASTEL DEL GIUDICE,1,0.0,1.0,41.9185,12.6709,6.0
VIA AUGUSTO DIAMANTI x VIA DEL ROSMARINO,1,0.0,1.0,41.7851,12.3601,6.0
VIA BASICO' x VIA DI FONTANA CANDIDA,1,0.0,1.0,41.8434,12.7007,6.0
VIA AUGUSTO DULCERI x VIA MARIN SANUDO,1,0.0,1.0,41.8845,12.5358,6.0
VIA BASENTO x VIALE REGINA MARGHERITA,1,0.0,1.0,41.9142,12.5052,6.0
VIA ADA NEGRI x VIA DI CASAL BOCCONE,1,0.0,1.0,41.9577,12.5572,6.0
LUNGOTEVERE IN SASSIA x PONTE PRINCIPE AMEDEO SAVOIA AOSTA,1,0.0,1.0,41.9008,12.463,6.0
VIA BASENTO x VIA SIMETO,1,0.0,1.0,41.9165,12.4991,6.0
VIA BARZANO' x VIA CERMENATE,1,0.0,1.0,41.7786,12.3316,6.0
LUNGOTEVERE DEGLI ALBERTESCHI x PONTE CESTIO,1,0.0,1.0,41.89,12.4773,6.0
VIA BELLUNO x VIA CATANZARO,1,0.0,1.0,41.9116,12.5169,6.0
VIA BRUNONE BIANCHI x VIA UMBERTO COROMALDI,1,0.0,1.0,41.7862,12.3829,6.0
VIA ATTILIO BRUNIALTI x VIA DI BRAVA,1,0.0,1.0,41.8762,12.3807,6.0
VIA ACHILLE TEDESCHI x VIA EUGENIO TORELLI VIOLLIER,1,0.0,1.0,41.9128,12.538,6.0
VIA BERNARDINO PASSERI x VIA GIOVANNI DA CASTEL BOLOGNESE,1,0.0,1.0,41.8755,12.4687,6.0
VIA ASCOLI PICENO x VIA PERUGIA,1,0.0,1.0,41.889,12.5257,6.0
VIA ASCOLI SATRIANO x VIALE PALMIRO TOGLIATTI,1,0.0,1.0,41.894,12.5749,6.0
LUNGOMARE LUTAZIO CATULO x PIAZZALE CRISTOFORO COLOMBO,1,0.0,1.0,41.715,12.3176,6.0
VIA BERNARDINO DA MONTICASTRO x VIA LEOPOLDO ORI,1,0.0,1.0,41.7165,12.3152,6.0
VIA BERNARDINO ALIMENA x VIA TANCREDI CANONICO,1,0.0,1.0,41.8481,12.6016,6.0
LUNGOTEVERE MARZIO x PIAZZA DI PONTE UMBERTO I,1,0.0,1.0,,,6.0
PIAZZA GALENO x VIA CORNELIO CELSO,1,0.0,1.0,41.9113,12.5091,6.0
VIA ASINARI DI S. MARZANO x VIA GIUSEPPE PIANELL,1,0.0,1.0,41.8978,12.5373,6.0
LUNGOMARE PAOLO TOSCANELLI x VIA DEGLI ACILII,1,0.0,1.0,41.7301,12.2749,6.0
VIA ASSISI x VIA MONTEFALCO,1,0.0,1.0,41.8805,12.5272,6.0
PIAZZA ENRICO MILLO x VIA CARLO DEL GRECO,1,0.0,1.0,41.7324,12.2896,6.0
VIA BENEDETTO ALOISI MASELLA x VIA DI TORREVECCHIA,1,0.0,1.0,41.9154,12.4077,6.0
LUNGOTEVERE DE' CENCI x VIA BEATRICE CENCI,1,0.0,1.0,41.8919,12.4759,6.0
VIA AUGUSTO TEBALDI x VIA CLODOMIRO BONFIGLI,1,0.0,1.0,41.9286,12.4146,6.0
LUNGOTEVERE GUGLIELMO OBERDAN x PIAZZA MONTE GRAPPA,1,0.0,1.0,41.9187,12.4693,6.0
LUNGOTEVERE DEGLI INVENTORI x VIA VINCENZO BRUNACCI,1,0.0,1.0,41.8611,12.4671,6.0
VIA ADELAIDE BONO CAIROLI x VIA ELEONORA CURLO RUFFINI,1,0.0,1.0,41.8592,12.49,6.0
VIA AURELIA x VIA PIETRO DE FRANCISCI,1,0.0,1.0,41.8861,12.4012,6.0
LUNGOTEVERE DELLA FARNESINA x PIAZZA TRILUSSA,1,0.0,1.0,41.892,12.47,6.0
VIA ADOLFO VENTURI x VIA GIOVANNI MARANGONI,1,0.0,1.0,41.9187,12.5248,6.0
VIA ADOLFO ALBERTAZZI x VIA FRANCO SACCHETTI,1,0.0,1.0,41.9496,12.5435,6.0
LUNGOTEVERE DELLA VITTORIA x PIAZZA DEL FANTE,1,0.0,1.0,41.9213,12.4667,6.0
VIA AURELIA x VIA VITTORINO CANNAVINA,1,0.0,1.0,41.8861,12.4012,6.0
VIA BALANGERO x VIA DI TRAGLIATELLA,1,0.0,1.0,42.0181,12.2564,6.0
VIA BAGNO A RIPOLI x VIA CUTIGLIANO,1,0.0,1.0,41.8497,12.4602,6.0
LUNGOTEVERE DELLE ARMI x PONTE DEL RISORGIMENTO,1,0.0,1.0,41.9158,12.4695,6.0
VIA BAGNAIA x VIA CASSIA,1,0.0,1.0,41.9691,12.4372,6.0
VIA BAGHERIA x VIA VIZZINI,1,0.0,1.0,41.8613,12.683,6.0
VIA BADESI x VIA BORUTTA,1,0.0,1.0,41.8767,12.6748,6.0
LUNGOTEVERE DELLE ARMI x VIA GIUSEPPE MONTANELLI,1,0.0,1.0,41.9158,12.4695,6.0
VIA ADOLFO CONSOLINI x VIA FAUSTO COPPI,1,0.0,1.0,41.8329,12.5111,6.0
VIA ADOLFO GIAQUINTO x VIA PIETRO SOMMARIVA,1,0.0,1.0,41.8667,12.5751,6.0
PIAZZA FIUME x VIA SALARIA,1,0.0,1.0,41.911,12.4982,6.0
LUNGOTEVERE DELL'ACQUA ACETOSA x VIA CILE,1,0.0,1.0,41.9355,12.4757,6.0
LUNGOTEVERE FLAMINIO x VIA DEI TADOLINI,1,0.0,1.0,41.9238,12.4661,6.0
VIA BARLETTA x VIA FAMAGOSTA,1,0.0,1.0,41.9102,12.4579,6.0
VIA AURELIA ANTICA x VIA LEONE XIII,1,0.0,1.0,41.8902,12.435,6.0
LUNGOTEVERE DEI MELLINI x VIA VITTORIA COLONNA,1,0.0,1.0,41.9075,12.4729,6.0
VIA BARTOLOMEO EUSTACHIO x VIA LAZZARO SPALLANZANI,1,0.0,1.0,41.9123,12.5094,6.0
VIA BARTOLOMEO CRISTOFORI x VIA PORTUENSE,1,0.0,1.0,41.8675,12.4653,6.0
VIA AURELIA x VIA DELLA MADONNA DEL RIPOSO,1,0.0,1.0,41.8972,12.4353,6.0
VIA BARLETTA x VIALE GIULIO CESARE,1,0.0,1.0,41.9095,12.458,6.0
VIA BARI x VIA ROVIGO,1,0.0,1.0,41.9109,12.5142,6.0
LUNGOTEVERE DEI VALLATI x VIA ARENULA,1,0.0,1.0,41.8918,12.4746,6.0
VIA BARI x VIA COMO,1,0.0,1.0,41.9108,12.5141,6.0
VIA BARBARANO ROMANO x VIA CASSIA,1,0.0,1.0,41.9779,12.4231,6.0
VIA BARBANA x VIA CASTELMONTE,1,0.0,1.0,41.8469,12.4837,6.0
VIA ADEODATO MATRICARDI x VIA LUIGI KOSSUTH,1,0.0,1.0,41.8541,12.4447,6.0
VIA BALDO DEGLI UBALDI x VIA GIROLAMO VITELLI,1,0.0,1.0,41.8999,12.4363,6.0
LUNGOTEVERE FLAMINIO x VIA FRANCESCO MILIZIA,1,0.0,1.0,41.9238,12.4661,6.0
VIA BERNARDINO TELESIO x VIA GIROLAMO SAVONAROLA,1,0.0,1.0,41.9113,12.4512,6.0
VIA BERNARDINO TELESIO x VIA TRIONFALE,1,0.0,1.0,41.9109,12.4495,6.0
LUNGOTEVERE PRATI x VIA ULPIANO,1,0.0,1.0,41.9037,12.472,6.0
LARGO TOGO x VIALE AFRICA,1,0.0,1.0,41.825,12.4737,6.0
VIA ALBERTO ARALDI x VIA DI SELVA CANDIDA,1,0.0,1.0,41.9426,12.3802,6.0
LARGO S. GERARDO MAIELLA x VIA FRANCESCO FERRAIRONI,1,0.0,1.0,41.8809,12.5573,6.0
VIA ACCADEMIA DEGLI AGIATI x VIA VITTORE CARPACCIO,1,0.0,1.0,41.8494,12.4924,6.0
VIA BOVALINO x VIA DOMANICO,1,0.0,1.0,41.8695,12.6891,6.0
VIA ARISTIDE STADERINI x VIA GIORGIO ENRICO FALCK,1,0.0,1.0,41.8909,12.5872,6.0
PASSEGGIATA DI RIPETTA x VIA DEL VANTAGGIO,1,0.0,1.0,41.9086,12.4746,6.0
PASSEGGIATA DI RIPETTA x VIA DEL FIUME,1,0.0,1.0,41.9083,12.4746,6.0
PASSEGGIATA DI RIPETTA x VIA ANGELO BRUNETTI,1,0.0,1.0,41.9093,12.4751,6.0
LARGO SERGIO PUGLIESE x VIA CORRADO ALVARO,1,0.0,1.0,41.947,12.5535,6.0
PASSEGGIATA DEL GIANICOLO x VIA GARIBALDI,1,0.0,1.0,41.8889,12.4636,6.0
VIA ACERENZA x VIA APPIA NUOVA,1,0.0,1.0,41.8417,12.5515,6.0
VIA BORGO VELINO x VIA CASTRO DEI VOLSCI,1,0.0,1.0,41.8657,12.5326,6.0
PARCO DEGLI SCIPIONI x VIA OTTAVIANO,1,0.0,1.0,41.9078,12.4579,6.0
LARGO SPARTACO x VIA DEL QUADRARO,1,0.0,1.0,41.8588,12.5539,6.0
LARGO TELESE x VIA PRENESTINA,1,0.0,1.0,41.8932,12.5468,6.0
VIA ARISTIDE CARABELLI x VIA ISOLE DEL CAPO VERDE,1,0.0,1.0,41.7379,12.2744,6.0
VIA ALBERTO BURRI x VIA LUCREZIA ROMANA,1,0.0,1.0,41.8306,12.5799,6.0
VIA ARISTEO x VIA VERTUMNO,1,0.0,1.0,41.9122,12.5504,6.0
PIAZZA GIUSEPPE MAZZINI x VIA GIUSEPPE FERRARI,1,0.0,1.0,41.9155,12.4639,6.0
VIA ARDEATINA x VIA POMARICO,1,0.0,1.0,41.8297,12.5181,6.0
VIA ARDEATINA x VIA STANISLAO SOLARI,1,0.0,1.0,41.8131,12.5255,6.0
PIAZZA ANTONIO FRADELETTO x VIA DI S. MARIA DELLA SPERANZA,1,0.0,1.0,41.9586,12.5214,6.0
VIA ARDEATINA x VIA UBALDO MONTELATICI,1,0.0,1.0,41.7955,12.5347,6.0
VIA ARDEATINA x VICOLO DELLE SETTE CHIESE,1,0.0,1.0,41.8577,12.5102,6.0
SOTTOVIA IGNAZIO GUIDI x VIALE CASTRO PRETORIO,1,0.0,1.0,41.9096,12.5014,6.0
VIA BRUMANO x VIA LUZZANA,1,0.0,1.0,41.9435,12.3832,6.0
VIA BRACCIO DA MONTONE x VIA GIOVANNI BRANCALEONE,1,0.0,1.0,41.8893,12.5311,6.0
VIA BRESCIA x VIA SAVOIA,1,0.0,1.0,41.9133,12.4998,6.0
VIA BRENTA x VIA TAGLIAMENTO,1,0.0,1.0,41.9193,12.5019,6.0
TANGENZIALE EST x VIALE DI TOR DI QUINTO,1,0.0,1.0,41.9447,12.4785,6.0
LARGO PRENESTE x VIA DI ACQUA BULLICANTE,1,0.0,1.0,41.8918,12.5418,6.0
PIAZZA GIUSEPPE GIOACHINO BELLI x VIA CICERONE,1,0.0,1.0,41.9066,12.469,6.0
VIA ARETUSA x VIA RENATO GUTTUSO,1,0.0,1.0,41.9101,12.6044,6.0
PIAZZA GIROLAMO FABRIZIO x VIA ANDREA CESALPINO,1,0.0,1.0,41.9107,12.5091,6.0
PIAZZA GIOVINE ITALIA x VIALE ANGELICO,1,0.0,1.0,41.9172,12.4586,6.0
LUNGOMARE DUILIO x VIA DEI TIMONI,1,0.0,1.0,41.721,12.2988,6.0
VIA ARMANDO ARMUZZI x VIA DELLA STAZIONE VECCHIA,1,0.0,1.0,41.7313,12.2794,6.0
VIA BIXIO x VIA GIOVANNI GIOLITTI,1,0.0,1.0,41.8965,12.507,6.0
LARGO VIRGILIO BROCCHI x VIA GIUSEPPE CASALINUOVO,1,0.0,1.0,41.8435,12.4899,6.0
VIA AGRIGENTO x VIA COMO,1,0.0,1.0,41.9094,12.516,6.0
PIAZZA ELIO CALLISTIO x VIA HOMS,1,0.0,1.0,41.9296,12.5226,6.0
LUNGOTEVERE SALVO D'ACQUISTO x PIAZZALE CARDINAL CONSALVI,1,0.0,1.0,41.9346,12.4674,6.0
VIA BIORDO MICHELOTTI x VIA PRENESTINA,1,0.0,1.0,41.8925,12.5379,6.0
LUNGOMARE AMERIGO VESPUCCI x VIA GUIDO BOGGIANI,1,0.0,1.0,41.7084,12.3317,6.0
VIA BIANCAVILLA x VIA REALMONTE,1,0.0,1.0,41.8647,12.6694,6.0
VIA BIAGIO PETROCELLI x VIA GIUSEPPE MARANINI,1,0.0,1.0,41.8391,12.6088,6.0
LUNGOTEVERE RIPA x VIA DEI VASCELLARI,1,0.0,1.0,41.888,12.4788,6.0
VIA AGOSTINO DEPRETIS x VIA URBANA,1,0.0,1.0,41.8972,12.4949,6.0
VIA BERNARDO DA BIBBIENA x VIA PIERO BASADONNA,1,0.0,1.0,41.9165,12.4116,6.0
VIA ARTURO MALIGNANI x VIA CALTAGIRONE,1,0.0,1.0,41.9108,12.6533,6.0
LUNGOMARE DUILIO x PIAZZALE MEDITERRANEO,1,0.0,1.0,41.721,12.2988,6.0
VIA BERNARDINO ZENDRINI x VIA CRISTOFORO SABBADINO,1,0.0,1.0,41.8201,12.3156,6.0
VIA BIXIO x VIA PRINCIPE EUGENIO,1,0.0,1.0,41.8937,12.508,6.0
VIA ARNO x VIA TAGLIAMENTO,1,0.0,1.0,41.9181,12.5016,6.0
LARGO VERCELLI x PIAZZA DEI RE DI ROMA,1,0.0,1.0,41.882,12.5149,6.0
LARGO VALSABBIA x VIA VAL D'ALA,1,0.0,1.0,41.9438,12.5166,6.0
VIA BORGHESIANA x VIA IACURSO,1,0.0,1.0,41.8765,12.6724,6.0
VIA BORGHESIANA x VIA GIZZERIA,1,0.0,1.0,41.8723,12.6751,6.0
LUNGOTEVERE VITTORIO GASSMAN x VIA TIRONE,1,0.0,1.0,41.8692,12.4725,6.0
LARGO TRIONFALE x VIALE DELLE MEDAGLIE D'ORO,1,0.0,1.0,41.9103,12.4463,6.0
VIA AL QUARTO MIGLIO x VIA LAURENZANA,1,0.0,1.0,41.8449,12.5476,6.0
VIA ACHILLE CAMPANILE x VIA CORRADO GOVONI,1,0.0,1.0,41.8151,12.475,6.0
VIA BONCOMPAGNI x VIA QUINTINO SELLA,1,0.0,1.0,41.9086,12.4946,6.0
VIA BOEZIO x VIA TERENZIO,1,0.0,1.0,41.9066,12.4631,6.0
VIA BONAVENTURA TECCHI x VIA SALVATORE DI GIACOMO,1,0.0,1.0,41.8455,12.4869,6.0
LUNGOTEVERE TOR DI NONA x VIA DEL MASTRO,1,0.0,1.0,41.9013,12.4676,6.0
PIAZZA GIOVANNI DA VERRAZZANO x VIA DI SANTA GALLA,1,0.0,1.0,41.868,12.4887,6.0
LARGO VENTUNO APRILE x VIA CARLO FEA,1,0.0,1.0,41.9181,12.5194,6.0
VIA AL QUARTO MIGLIO x VIA APPIA NUOVA,1,0.0,1.0,41.8448,12.5514,6.0
VIA ACHILLE GRANDI x VIA GIOVANNI GIOLITTI,1,0.0,1.0,41.8965,12.507,6.0
PIAZZA DI PORTA PORTESE x VIA DI PORTA PORTESE,1,0.0,1.0,41.884,12.4742,6.0
LUNGOTEVERE DI PIETRA PAPA x VIA PIETRO BLASERNA,1,0.0,1.0,41.8629,12.4743,6.0
VIA CASSIA x VIA SANTI COSMA E DAMIANO,1,0.0,1.0,41.9661,12.4415,6.0
VIA CASILINA x VIA GALEAZZO ALESSI,1,0.0,1.0,41.883,12.5337,6.0
PIAZZALE DEL CARAVAGGIO x VIA GIORGIONE,1,0.0,1.0,41.8509,12.4928,6.0
VIA ANTONIETTA BISCARRA x VIA DELL'ARCHEOLOGIA,1,0.0,1.0,41.8773,12.6301,6.0
VIA CASILINA x VIA GIAN CRISTOFORO ROMANO,1,0.0,1.0,41.8641,12.6065,6.0
PIAZZA RAGUSA x VIA MIRANDOLA,1,0.0,1.0,41.8814,12.5234,6.0
CIRCONVALLAZIONE TRIONFALE x VIA MARSILIO FICINO,1,0.0,1.0,41.9116,12.4497,6.0
PIAZZA DI DONNA OLIMPIA x VIA FEDERICO OZANAM,1,0.0,1.0,41.8768,12.4492,6.0
VIA ANGELO MARABINI x VIA RAFFAELE DE FERRARI,1,0.0,1.0,41.8637,12.65,6.0
VIA ANTISTIO x VIALE ANICIO GALLO,1,0.0,1.0,41.8513,12.5661,6.0
CIRCONVALLAZIONE TRIONFALE x VIA TOMMASO CAMPANELLA,1,0.0,1.0,41.91,12.4493,6.0
CORSO TRIESTE x VIA CORSICA,1,0.0,1.0,41.9191,12.5093,6.0
PIAZZA DELLA REPUBBLICA x VIALE LUIGI EINAUDI,1,0.0,1.0,41.9026,12.4969,6.0
CIRCONVALLAZIONE CLODIA x VIA NAZARIO SAURO,1,0.0,1.0,41.9146,12.4522,6.0
C.NE OSTIENSE x VIA PROSPERO ALPINO,1,0.0,1.0,41.8674,12.4906,6.0
VIA ALFREDO NOBEL x VIA ANTONIO PACINOTTI,1,0.0,1.0,41.871,12.4675,6.0
VIA CESARE PASCUCCI x VIA UMBERTO GIORDANO,1,0.0,1.0,41.7412,12.3613,6.0
VIA ALFREDO BACCARINI x VIA MICHELE AMARI,1,0.0,1.0,41.8748,12.5152,6.0
VIA CHIANA x VIA TRONTO,1,0.0,1.0,41.9205,12.5049,6.0
PIAZZA S. GIOVANNI BATTISTA DE LA SALLE x VIA AURELIA,1,0.0,1.0,41.8986,12.4277,6.0
PIAZZA DEL PARLAMENTO x VIA DELLA MISSIONE,1,0.0,1.0,41.9024,12.4783,6.0
PIAZZA DELLA CONSOLAZIONE x VICO JUGARIO,1,0.0,1.0,41.891,12.4811,6.0
C.NE OSTIENSE x VIA CAFFARO,1,0.0,1.0,41.8672,12.4859,6.0
VIA CASILINA x VIA ZENODOSSIO,1,0.0,1.0,41.8841,12.5378,6.0
CIRCONVALLAZIONE TRIONFALE x VIA GIOVANNI BOVIO,1,0.0,1.0,41.9128,12.4503,6.0
VIA CASTRONOVO DI SICILIA x VIA UCRIA,1,0.0,1.0,41.8883,12.6598,6.0
VIA ANGELO BERARDI x VIA CASILINA,1,0.0,1.0,41.8777,12.5489,6.0
CIRCONVALLAZIONE CORNELIA x VIA ACCURSIO,1,0.0,1.0,41.902,12.4259,6.0
VIA ANGELO BRUNETTI x VIA DEL CORSO,1,0.0,1.0,41.9091,12.477,6.0
PIAZZALE ENNIO FLAIANO x VIA MARIO CASERINI,1,0.0,1.0,41.9616,12.5389,6.0
VIA CASILINA x VIA DEL PONTE DI PANTANO,1,0.0,1.0,41.8653,12.7011,6.0
VIA ANGELO BRUNETTI x VIA DI RIPETTA,1,0.0,1.0,41.9066,12.4758,6.0
VIA ALFONSO BORELLI x VIALE DELL'UNIVERSITA',1,0.0,1.0,41.9064,12.5166,6.0
VIA CASILINA x VIA DELLA MASSA CALCIANA,1,0.0,1.0,41.8626,12.6212,6.0
VIA CASTIGLION DE' PEPOLI x VIA MINERBIO,1,0.0,1.0,41.9028,12.4964,6.0
PIAZZALE DEI PARTIGIANI x VIA DEI VERBITI,1,0.0,1.0,41.874,12.4847,6.0
VIA CASTENEDOLO x VIA LOMAZZO,1,0.0,1.0,42.0286,12.4667,6.0
PIAZZA SASSARI x VIA CASERTA,1,0.0,1.0,41.909,12.5118,6.0
PIAZZA VEGA x PIAZZA VEGA,1,0.0,1.0,41.7269,12.2942,6.0
CIRCONVALLAZIONE TRIONFALE x VIA CARLO PASSAGLIA,1,0.0,1.0,41.9116,12.4497,6.0
VIA ANGELO EMO x VIA FRANCESCO DUODO,1,0.0,1.0,41.9038,12.4452,6.0
PIAZZALE DI VILLA GIULIA x VIA DI VILLA GIULIA,1,0.0,1.0,41.9183,12.4754,6.0
VIA CASTELVETRANO x VIA DI VERMICINO,1,0.0,1.0,41.8604,12.6714,6.0
PIAZZALE DEL CARAVAGGIO x VIA ATTILIO AMBROSINI,1,0.0,1.0,41.8511,12.4929,6.0
PIAZZA VITTORIO EMANUELE II x VIA LAMARMORA,1,0.0,1.0,,,6.0
PIAZZA DELLE STARNE x VIA DELLE RONDINI,1,0.0,1.0,41.8638,12.5943,6.0
VIA ANGELO BATTELLI x VIALE GUGLIELMO MARCONI,1,0.0,1.0,41.8566,12.4713,6.0
PIAZZA DELLA QUERCIA x VIA CAPO DI FERRO,1,0.0,1.0,41.8944,12.4718,6.0
PIAZZA DI CINECITTA' x VIA ORAZIO PULVILLO,1,0.0,1.0,41.8539,12.5679,6.0
VIA ANNIA REGILLA x VIA DI S. TARCISIO,1,0.0,1.0,41.8437,12.5487,6.0
PIAZZA DEL COLLEGIO ROMANO x VIA LATA,1,0.0,1.0,41.8982,12.4809,6.0
VIA CASSIA x VIA GIACOMO ANDREASSI,1,0.0,1.0,41.9981,12.391,6.0
PIAZZALE DELLA STAZIONE DEL LIDO x VIA DEI PALLOTTINI,1,0.0,1.0,41.7315,12.2826,6.0
VIA CASSIA x VIA GIOVANNI FABBRONI,1,0.0,1.0,41.9828,12.4137,6.0
PIAZZA ROSOLINO PILO x VIA MAURIZIO QUADRIO,1,0.0,1.0,41.8818,12.4623,6.0
PIAZZA ROSELLE x VIA LATINA,1,0.0,1.0,41.874,12.5106,6.0
PIAZZALE DELL'UMANESIMO x VIALE OCEANIA,1,0.0,1.0,41.8284,12.461,6.0
VIA CASSIA x VIA MASSAROSA,1,0.0,1.0,41.9599,12.4533,6.0
VIA CASSINELLE x VIALE DI PESCINA GAGLIARDA,1,0.0,1.0,41.8251,12.3107,6.0
PIAZZA DEL COLOSSEO x VIA DI S. GIOVANNI IN LATERANO,1,0.0,1.0,,,6.0
PIAZZALE DELL'INDUSTRIA x VIA DELLE TRE FONTANE,1,0.0,1.0,44.4972,11.4015,6.0
VIA CASSIA x VIA ORIOLO ROMANO,1,0.0,1.0,41.9573,12.4571,6.0
VIA CASSIA x VIA RICCARDO MORBELLI,1,0.0,1.0,41.9828,12.4137,6.0
VIA CHIANA x VIA OGLIO,1,0.0,1.0,41.9217,12.5055,6.0
PIAZZA SOR CAPANNA x VIA CASILINA,1,0.0,1.0,41.8626,12.6212,6.0
CORSO DI FRANCIA x VIA HONDURAS,1,0.0,1.0,41.6817,12.5152,6.0
VIA CASSIA x VIA RICCARDO MORETTI,1,0.0,1.0,41.9828,12.4137,6.0
PIAZZA ROBERTO MALATESTA x VIA ROBERTO MALATESTA,1,0.0,1.0,41.8875,12.5397,6.0
VIA ANNIO FELICE x VIALE DI TOR MARANCIA,1,0.0,1.0,41.8562,12.4973,6.0
VIA ANGELO POLIZIANO x VIA RUGGERO BONGHI,1,0.0,1.0,41.8906,12.4995,6.0
VIA ANNIA FAUSTINA x VIA DI S. SABA,1,0.0,1.0,41.8795,12.4849,6.0
CIRCONVALLAZIONE CLODIA x PIAZZALE CLODIO,1,0.0,1.0,41.9181,12.4561,6.0
VIA CASTELLEONE DI SUASA x VIA OFFAGNA,1,0.0,1.0,41.9209,12.723,6.0
VIA CASOLE D'ELSA x VIA PIAN DI SCO,1,0.0,1.0,41.9618,12.5185,6.0
VIA CASSIA NUOVA x VIA FLAMINIA NUOVA,1,0.0,1.0,41.9484,12.4702,6.0
CORSO D'ITALIA x VIA ALESSANDRIA,1,0.0,1.0,41.9127,12.5039,6.0
VIA ALFREDO DURANTE x VIA TRIONFALE,1,0.0,1.0,41.9303,12.4445,6.0
CORSO D'ITALIA x VIA LUCANIA,1,0.0,1.0,41.911,12.4968,6.0
PIAZZA DI DONNA OLIMPIA x VIA DI DONNA OLIMPIA,1,0.0,1.0,41.8766,12.4536,6.0
PIAZZA DI DONNA OLIMPIA x VIA ABATE UGONE,1,0.0,1.0,41.8781,12.4535,6.0
VIA ALFREDO COVELLI x VIA CAMILLO PRAMPOLINI,1,0.0,1.0,41.8961,12.5691,6.0
CORSO DI FRANCIA x LARGO GEROLAMO BELLONI,1,0.0,1.0,41.9367,12.4717,6.0
VIA AMBROGIO TRAVERSARI x VIALE DI TRASTEVERE,1,0.0,1.0,41.8817,12.4679,6.0
PIAZZALE DELLE MEDAGLIE D'ORO x VIA TRIONFALE,1,0.0,1.0,41.9239,12.4481,6.0
CORSO DUCA DI GENOVA x VIA STEFANO CANSACCHI,1,0.0,1.0,41.7328,12.2752,6.0
PIAZZA DEL FICO x VIA DELLA PACE,1,0.0,1.0,41.8996,12.4714,6.0
VIA ANNA FOA' x VIA DELLA GIUSTINIANA,1,0.0,1.0,41.9947,12.4552,6.0
VIA CHECCO DURANTE x VIA DEI GORDIANI,1,0.0,1.0,41.8814,12.5533,6.0
VIA CASTEL SAN PIETRO ROMANO x VIA DI SALONE,1,0.0,1.0,41.9305,12.6272,6.0
VIA CASTEL DI LAMA x VIA SANT'ELPIDIO A MARE,1,0.0,1.0,41.9181,12.7264,6.0
VIA CASSIA x VIA VAL GARDENA,1,0.0,1.0,41.9828,12.4137,6.0
VIA ANAGNI x VIA OLEVANO ROMANO,1,0.0,1.0,41.89,12.556,6.0
CIRCONVALLAZIONE OSTIENSE x VIALE CRISTOFORO COLOMBO,1,0.0,1.0,41.8672,12.4964,6.0
CIRCONVALLAZIONE GIANICOLENSE x VIA DEL FORTE BRAVETTA,1,0.0,1.0,41.8725,12.4496,6.0
LARGO BANGLADESH x VIA PANAMA,1,0.0,1.0,41.9249,12.4981,6.0
CIRCONVALLAZIONE CORNELIA x VIA DI BOCCEA,1,0.0,1.0,41.902,12.4259,6.0
VIA ALESSIO ASCALESI x VIA PIETRO GASPARRI,1,0.0,1.0,41.9201,12.4144,6.0
PIAZZA DEI CONDOTTIERI x VIA ROBERTO MALATESTA,1,0.0,1.0,41.8877,12.535,6.0
LARGO ASCIANGHI x VIA DI PORTA PORTESE,1,0.0,1.0,41.8848,12.4723,6.0
VIA CENEDA x VIA POMEZIA,1,0.0,1.0,41.8805,12.5117,6.0
VIA ANDERSEN x VIA THOMAS MANN,1,0.0,1.0,41.9233,12.4004,6.0
PIAZZA DELLA BOCCA DELLA VERITA' x VIA LUIGI PETROSELLI,1,0.0,1.0,,,6.0
PIAZZA DEI GIUOCHI DELFICI x VIA DELLA CAMILLUCCIA,1,0.0,1.0,41.9483,12.4628,6.0
PIAZZALE APPIO x VIALE CASTRENSE,1,0.0,1.0,41.8858,12.5096,6.0
PIAZZA DELL'ARA COELI x VIA DEL TEATRO DI MARCELLO,1,0.0,1.0,41.8941,12.4816,6.0
PIAZZA TUSCOLO x VIA BRITANNIA,1,0.0,1.0,41.8799,12.5083,6.0
PIAZZA S. VINCENZO PALLOTTI x PONTE SISTO,1,0.0,1.0,41.8927,12.4713,6.0
VIA ANDREA DORIA x VIA SANTAMAURA,1,0.0,1.0,41.9098,12.4522,6.0
CIRCONVALLAZIONE NOMENTANA x VIA DELLA STAZIONE TIBURTINA,1,0.0,1.0,41.9097,12.5304,6.0
PIAZZA TRENTO x VIA MALTA,1,0.0,1.0,41.9174,12.5058,6.0
VIA CARROCETO x VIA DELL'ARCO DI TRAVERTINO,1,0.0,1.0,41.8667,12.535,6.0
VIA CINA x VIA DEI BAMBU',1,0.0,1.0,41.8127,12.4342,6.0
PIAZZA S. SATURNINO x VIA TOPINO,1,0.0,1.0,41.9224,12.5088,6.0
VIA CENTURIPE x VIA MACEDONIA,1,0.0,1.0,41.8718,12.5128,6.0
VIA CERVETERI x VIA SIPONTO,1,0.0,1.0,41.8815,12.5125,6.0
VIA AMICO ASPERTINI x VIALE PIETRO ANDERLONI,1,0.0,1.0,41.8742,12.6288,6.0
CIRCONVALLAZIONE GIANICOLENSE x VIA BERNARDINO RAMAZZINI,1,0.0,1.0,41.8725,12.4496,6.0
PIAZZA ZAMA x VIA SIRIA,1,0.0,1.0,41.8759,12.5103,6.0
PIAZZA PALOMBARA SABINA x VIA TIGRE',1,0.0,1.0,41.9322,12.5187,6.0
VIA CARLO RIVA x VIA DEI DURANTINI,1,0.0,1.0,41.9173,12.5433,6.0
PIAZZA DEI CANOTTI x VIA DELLE QUINQUEREMI,1,0.0,1.0,41.7238,12.2967,6.0
PIAZZALE ADRIATICO x VIALE ADRIATICO,1,0.0,1.0,41.94,12.536,6.0
CIRCONVALLAZIONE GIANICOLENSE x PIAZZA FLAVIO BIONDO,1,0.0,1.0,41.8731,12.4659,6.0
CIRCONVALLAZIONE CORNELIA x VIA PIER DELLE VIGNE,1,0.0,1.0,41.9001,12.4269,6.0
VIA ANDREA BARBAZZA x VIA GIOVANNI NICOLETTI,1,0.0,1.0,41.9209,12.4109,6.0
LARGO BENEDETTO MARCELLO x VIA ALESSANDRO SCARLATTI,1,0.0,1.0,41.9186,12.4974,6.0
VIA ANTONIO LOTTI x VIA FRANCESCO MARIA VERACINI,1,0.0,1.0,41.754,12.3772,6.0
PIAZZA DELLE CROCIATE x VIA DELLA LEGA LOMBARDA,1,0.0,1.0,41.9089,12.5234,6.0
VIA CESARE BRANDI x VIA DI PASSOLOMBARDO,1,0.0,1.0,41.8364,12.6332,6.0
LARGO BENEDETTO BOMPIANI x VIALE CARLO TOMMASO ODESCALCHI,1,0.0,1.0,41.8591,12.502,6.0
VIA AMICO ASPERTINI x VIA FERNANDO CONTI,1,0.0,1.0,41.8728,12.6299,6.0
LARGO BENEDETTO BOMPIANI x VIA DELLE SETTE CHIESE,1,0.0,1.0,41.8594,12.502,6.0
PIAZZA DELL'OROLOGIO x VIA DEGLI ORSINI,1,0.0,1.0,41.8992,12.4685,6.0
PIAZZA DI PORTA METRONIA x VIA DELLA FERRATELLA IN LATERANO,1,0.0,1.0,41.8822,12.4981,6.0
PIAZZA DELL'EMPORIO x VIA AMERIGO VESPUCCI,1,0.0,1.0,41.8825,12.4766,6.0
PIAZZA DI PORTA METRONIA x PIAZZALE METRONIO,1,0.0,1.0,41.8824,12.4984,6.0
VIA ALFONSO BORELLI x VIA MICHELANGELO POGGIOLI,1,0.0,1.0,41.907,12.5158,6.0
PIAZZA DI PONTE LUNGO x VIA ADRIA,1,0.0,1.0,41.8773,12.5198,6.0
PIAZZALE CARDINAL CONSALVI x VIALE TIZIANO,1,0.0,1.0,41.9338,12.4674,6.0
VIA CATANZARO x VIA PADOVA,1,0.0,1.0,41.9111,12.5191,6.0
PIAZZA PITAGORA x VIA ANTONIO STOPPANI,1,0.0,1.0,41.9221,12.4903,6.0
VIA CATONE x VIA DEI GRACCHI,1,0.0,1.0,41.9072,12.4591,6.0
CIRCONVALLAZIONE ORIENTALE x VIA LUCREZIA ROMANA,1,0.0,1.0,41.8269,12.5837,6.0
PIAZZA DEI PINI x VIA DELLE ACACIE,1,0.0,1.0,41.8884,12.5694,6.0
VIA ALFREDO SAINATI x VIALE TITINA DE FILIPPO,1,0.0,1.0,41.9667,12.5165,6.0
VIA ANDREA VERGA x VIA CARLO FRANCESCO BELLINGERI,1,0.0,1.0,41.9374,12.4202,6.0
CIRCONVALLAZIONE OSTIENSE x VIA CAMPERIO,1,0.0,1.0,41.8681,12.4904,6.0
PIAZZA DELLE FINANZE x VIA VOLTURNO,1,0.0,1.0,41.9051,12.4991,6.0
CORSO VITTORIO EMANUELE II x VIA DELL'ARCO DELLA FONTANELLA,1,0.0,1.0,,,6.0
VIA ANTONIO CHINOTTO x VIA MONTE ZEBIO,1,0.0,1.0,41.9198,12.466,6.0
VIA ANTONIO BERTOLONI x VIA GIOVANNI ROSINI,1,0.0,1.0,41.8658,12.6212,6.0
PIAZZA TESTACCIO x VIA ALDO MANUZIO,1,0.0,1.0,41.8793,12.4768,6.0
CORSO VITTORIO EMANUELE II x PIAZZA DI S. PANTALEO,1,0.0,1.0,41.8972,12.4712,6.0
PIAZZA DEL QUADRARETTO x VIA DEI FURI,1,0.0,1.0,41.863,12.5477,6.0
VIA CASTROPIGNANO x VIA MOSCUFO,1,0.0,1.0,41.9344,12.6426,6.0
VIA CASASCO x VIA DI TRAGLIATELLA,1,0.0,1.0,42.0178,12.2469,6.0
VIA CASILINA x VIA DEI COLOMBI,1,0.0,1.0,41.8672,12.5927,6.0
CIRCONVALLAZIONE OSTIENSE x VIA PROSPERO ALPINO,1,0.0,1.0,41.8674,12.4906,6.0
VIA CATTARO x VIA DI S. COSTANZA,1,0.0,1.0,41.9223,12.5151,6.0
VIA ALGHERO x VIA ORISTANO,1,0.0,1.0,41.8869,12.5214,6.0
PIAZZA UMBERTO CARDANI x VIA ALBERICO CRESCITELLI,1,0.0,1.0,41.7638,12.3564,6.0
VIA AMILCARE CUCCHINI x VIA GIUSEPPE BELLUZZO,1,0.0,1.0,41.8626,12.4619,6.0
VIA CARUGATE x VIA DI CASAL DEL MARMO,1,0.0,1.0,41.9495,12.3925,6.0
VIA ALESSIO OLIVIERI x VIA GIOVANNI BATTISTA PESCETTI,1,0.0,1.0,41.7453,12.3705,6.0
PIAZZA DEI MARTIRI DI BELFIORE x VIA GIUSEPPE AVEZZANA,1,0.0,1.0,41.915,12.4664,6.0
VIA CAVOUR x VIA TORINO,1,0.0,1.0,41.8987,12.4975,6.0
VIA CESARE GIULIO VIOLA x VIALE CASTELLO DELLA MAGLIANA,1,0.0,1.0,41.8233,12.4134,6.0
PIAZZA DI PONTE LUNGO x VIA APPIA NUOVA,1,0.0,1.0,41.8776,12.519,6.0
VIA ALIMENA x VIA ORAZIO RAIMONDO,1,0.0,1.0,41.8485,12.5977,6.0
LARGO AMERIGO PETRUCCI x PIAZZA DELLA BOCCA DELLA VERITA',1,0.0,1.0,41.8887,12.4815,6.0
VIA CASALE CERRONCINO x VIA VINCENZO BONIFATI,1,0.0,1.0,41.9164,12.6604,6.0
PIAZZA SIRIO x PIAZZALE MAGELLANO,1,0.0,1.0,41.7259,12.2883,6.0
VIA CASAL TIDEI x VIA MONTECAROTTO,1,0.0,1.0,41.9409,12.5803,6.0
PIAZZA DEL RISORGIMENTO x VIA OTTAVIANO,1,0.0,1.0,41.9065,12.4578,6.0
PIAZZA PIER CARLO TALENTI x VIALE JONIO,1,0.0,1.0,41.9441,12.5474,6.0
LARGO ALESSANDRINA RAVIZZA x VIA DI MONTE VERDE,1,0.0,1.0,41.8719,12.451,6.0
VIA ANTONIO CALDERARA x VIA GIGI CHESSA,1,0.0,1.0,41.7742,12.3789,6.0
VIA CASAL TIDEI x VIA SARNANO,1,0.0,1.0,41.9409,12.5802,6.0
CIRCONVALLAZIONE NOMENTANA x VIA SALENTO,1,0.0,1.0,41.9196,12.527,6.0
VIA CATULLO x VIA OVIDIO,1,0.0,1.0,41.9071,12.4642,6.0
PIAZZALE DEGLI ARCHIVI x VIALE DELL'ARTE,1,0.0,1.0,41.8299,12.4751,6.0
PIAZZA DEL PIGNETO x VIA CASILINA,5,0.0,0.0,41.889,12.5229,5.0
LUNGOTEVERE DEI FIORENTINI x PIAZZA PASQUALE PAOLI,5,0.0,0.0,41.9007,12.4649,5.0
VIA COLLATINA x VIA GIOVANNI CICALI,5,0.0,0.0,41.9122,12.6496,5.0
PIAZZA DI CINECITTA' x VIALE PALMIRO TOGLIATTI,5,0.0,0.0,41.8526,12.5698,5.0
VIA GIUSEPPE ROMITA x VIA PIETRO BARBIERI,5,0.0,0.0,41.9036,12.496,5.0
CORSO SEMPIONE x VIA GARGANO,5,0.0,0.0,41.9354,12.5342,5.0
VIA CASILINA x VIA DEI RUDERI DI TORRENOVA,5,0.0,0.0,41.8626,12.6212,5.0
VIA DI VAL TELLINA x VIA LUIGI RONZONI,4,0.0,0.0,41.8676,12.4478,4.0
PIAZZA DELLA RADIO x VIA GIOVANNI VOLPATO,4,0.0,0.0,41.8707,12.46715,4.0
VIA DI DECIMA x VIALE DELL'OCEANO INDIANO,4,0.0,0.0,41.8234,12.446750000000002,4.0
VIA DI S. BIBIANA x VIA GIOVANNI GIOLITTI,4,0.0,0.0,41.8965,12.507,4.0
VIA PRENESTINA x VIALE ENZO FERRARI,4,0.0,0.0,41.89325,12.59755,4.0
LUNGOTEVERE MARESCIALLO DIAZ x VIALE ANTONINO DI SAN GIULIANO,4,0.0,0.0,41.9339,12.462,4.0
VIA AMERIGO VESPUCCI x VIA ROMOLO GESSI,4,0.0,0.0,41.8809,12.4743,4.0
VIA LA SPEZIA x VIA NOLA,4,0.0,0.0,41.8863,12.5153,4.0
VIA DELLA PALMAROLA x VIA DI CASAL DEL MARMO,4,0.0,0.0,41.94255,12.38545,4.0
VIA ARISTIDE STADERINI x VIA PRENESTINA,4,0.0,0.0,41.8939,12.5871,4.0
VIA ANAPO x VIA CERESIO,4,0.0,0.0,41.9259,12.5074,4.0
VIA ERMANNO WOLF FERRARI x VIA MANUEL DE FALLA,4,0.0,0.0,41.7482,12.3779,4.0
PIAZZALE DEL VERANO x VIA TIBURTINA,4,0.0,0.0,41.9021,12.519,4.0
LUNGOTEVERE GIANICOLENSE x PONTE GIUSEPPE MAZZINI,4,0.0,0.0,41.8957,12.4655,4.0
VIA TUSCOLANA x VIA VALERIO PUBLICOLA,4,0.0,0.0,41.8586,12.55905,4.0
VIA QUINTILIO VARO x VIA SESTIO CALVINO,4,0.0,0.0,41.8536,12.5651,4.0
VIA DELLE VIGNE NUOVE x VIALE FRANCESCO PASINETTI,4,0.0,0.0,41.9554,12.5358,4.0
PIAZZA DI VILLA CARPEGNA x VIA DI TORRE ROSSA,4,0.0,0.0,41.89515,12.4292,4.0
VIA PRENESTINA x VIALE DELLA SERENISSIMA,4,0.0,0.0,41.895,12.5591,4.0
PIAZZA DEI RE DI ROMA x VIA AOSTA,4,0.0,0.0,41.8824,12.5144,4.0
PIAZZALE LABICANO x VIA CASILINA,4,0.0,0.0,41.8912,12.5156,4.0
VIA CALVATONE x VIA CASTELLUCCHIO,4,0.0,0.0,41.781800000000004,12.329049999999999,4.0
VIA DEGLI OLIVI x VIA DEI PINI,4,0.0,0.0,41.88745,12.5698,4.0
VIA DEL CASALE DI S. BASILIO x VIA TIBURTINA,4,0.0,0.0,41.9326,12.5846,4.0
VIA CASILINA x VIA DI CENTOCELLE,4,0.0,0.0,41.87665,12.553,4.0
VIA DI TORREVECCHIA x VIA PIETRO GASPARRI,4,0.0,0.0,41.9249,12.41395,4.0
VIA CRISTOFORO COLOMBO x VIA DI ACILIA,4,0.0,0.0,41.776250000000005,12.3987,4.0
VIA ALESSANDRO PIOLA CASELLI x VIA CAPO SPARTIVENTO,4,0.0,0.0,41.7378,12.2862,4.0
VIA LICINIO STOLONE x VIA STATILIO OTTATO,4,0.0,0.0,41.8557,12.5674,4.0
VIA DELLA SALVIA x VIA DELLA VERBENA,4,0.0,0.0,41.7856,12.3622,4.0
PIAZZA DEI RE DI ROMA x VIA APPIA NUOVA,4,0.0,0.0,41.8814,12.5147,4.0
PIAZZALE PINO PASCALI x VIALE FRANCO ANGELI,3,0.0,0.0,41.8973,12.5806,3.0
VIA GIROLAMO COCCONI x VIA PRENESTINA,3,0.0,0.0,41.895,12.5631,3.0
VIA DEI DURANTINI x VIA DI PIETRALATA,3,0.0,0.0,41.9208,12.5469,3.0
VIA CONCESIO x VIA DELLA GIUSTINIANA,3,0.0,0.0,41.9947,12.4552,3.0
VIA POZZUOLI x VIA TARANTO,3,0.0,0.0,41.885,12.5129,3.0
LARGO AMERIGO PETRUCCI x LUNGOTEVERE AVENTINO,3,0.0,0.0,41.8885,12.4806,3.0
LARGO ALBERTO PEPERE x VIA DEL CASALETTO,3,0.0,0.0,41.8666,12.438,3.0
VIA DOMENICO CUCCHIARI x VIA GIOVANNI PITTALUGA,3,0.0,0.0,41.8997,12.536,3.0
VIA DEI CRISPOLTI x VIA DIEGO ANGELI,3,0.0,0.0,41.9096,12.5506,3.0
VIA PORTUENSE x VIA QUIRINO MAJORANA,3,0.0,0.0,41.8469,12.414,3.0
VIA DELL'AEROPORTO x VIA TUSCOLANA,3,0.0,0.0,41.8611,12.5549,3.0
LUNGOTEVERE DE' CENCI x VIA ARENULA,3,0.0,0.0,41.8918,12.4749,3.0
VIA ACHERUSIO x VIA NEMORENSE,3,0.0,0.0,41.9273,12.5109,3.0
VIA SARDEGNA x VIA TOSCANA,3,0.0,0.0,41.9094,12.4912,3.0
VIALE BEETHOVEN x VIALE EUROPA,3,0.0,0.0,41.833,12.4669,3.0
VIA LA SPEZIA x VIA MONZA,3,0.0,0.0,41.8863,12.5153,3.0
VIA CESARE LOMBROSO x VIA EZIO SCIAMANNA,3,0.0,0.0,41.9346,12.419,3.0
VIA DELLE CAPANNELLE x VIA LUCREZIA ROMANA,3,0.0,0.0,41.8366,12.5745,3.0
VIA CIRO IL GRANDE x VIALE DELLA CIVILTA' DEL LAVORO,3,0.0,0.0,41.8358,12.4689,3.0
VIA DI S. ALESSANDRO x VIA FONDI DI MONASTERO,3,0.0,0.0,41.9504,12.5979,3.0
PIAZZETTA DEL BEL RESPIRO x VIA DELLA NOCETTA,3,0.0,0.0,41.8795,12.4411,3.0
VIA DI BOCCEA x VIA MATTIA BATTISTINI,3,0.0,0.0,41.9139,12.4184,3.0
VIA CICERONE x VIA GIUSEPPE GIOACHINO BELLI,3,0.0,0.0,41.9072,12.4686,3.0
LUNGOTEVERE DELLE NAVI x VIA DOMENICO ALBERTO AZUNI,3,0.0,0.0,41.9146,12.4717,3.0
VIA CERNAIA x VIA GIUSEPPE ROMITA,3,0.0,0.0,41.9036,12.496,3.0
VIA ANTONIO DE VITI DE MARCO x VIA FLAMINIA NUOVA,3,0.0,0.0,41.9494,12.4718,3.0
VIA ALESSANDRO STRADELLA x VIA CESARE PASCUCCI,3,0.0,0.0,41.7401,12.3557,3.0
VIA MARINO GHETALDI x VIA MATTEO BARTOLI,3,0.0,0.0,41.8184,12.4889,3.0
VIA BERNARDO BARBIELLINI AMIDEI x VIA MONTIGLIO,3,0.0,0.0,41.9243,12.4267,3.0
VIA ANDREA BUSIRI VICI x VIALE DEI QUATTRO VENTI,3,0.0,0.0,41.8796,12.4585,3.0
VIA CARLO GRABAU x VIALE GIUSEPPE MAZZINI,3,0.0,0.0,41.9158,12.4626,3.0
VIA ARRIGO CAVAGLIERI x VIA FRANCESCO ANTOLISEI,3,0.0,0.0,41.8477,12.6061,3.0
PIAZZALE JONIO x VIA DEI PRATI FISCALI,3,0.0,0.0,41.9461,12.5254,3.0
VIA ISOLA BELLA x VIA MONTASIO,3,0.0,0.0,41.9382,12.5387,3.0
PIAZZA CRATI x VIA NEMORENSE,3,0.0,0.0,41.9268,12.51,3.0
VIA ISOLE DEL CAPO VERDE x VIA TAGASTE,3,0.0,0.0,41.7377,12.2711,3.0
VIA MARCIANISE x VIALE PARTENOPE,3,0.0,0.0,41.8913,12.551,3.0
VIA COLLATINA x VIA GIOVANNI CAPRANESI,3,0.0,0.0,41.9046,12.6111,3.0
VIALE DEI PROMONTORI x VIALE GIUSEPPE GENOESE ZERBI,3,0.0,0.0,41.7373,12.2927,3.0
VIA DEI BRAGOZZI x VIALE VASCO DE GAMA,3,0.0,0.0,41.7346,12.2745,3.0
VIA BONALDO STRINGHER x VIA FRANCESCO MENGOTTI,3,0.0,0.0,41.9438,12.4661,3.0
VIA CARPINONE x VIA DEL FOSSO DELL'OSA,3,0.0,0.0,41.8909,12.6921,3.0
VIA DELLA GRECA x VIA DI S. MARIA IN COSMEDIN,3,0.0,0.0,41.8878,12.4811,3.0
VIA ANTONIO TEMPESTA x VIA AUGUSTO DULCERI,3,0.0,0.0,41.8839,12.5405,3.0
VIA DI TRIGORIA x VIA LAURENTINA,3,0.0,0.0,41.776,12.4809,3.0
VIA BOLOGNETTA x VIA CASILINA,3,0.0,0.0,41.8627,12.684,3.0
LUNGOTEVERE AVENTINO x VIA DI S. MARIA IN COSMEDIN,3,0.0,0.0,41.8864,12.4798,3.0
VIA TRIONFALE x VIALE MONFORTANI,3,0.0,0.0,41.9379,12.4248,3.0
VIA AURORA x VIA LOMBARDIA,3,0.0,0.0,41.9077,12.4875,3.0
VIA DELLE PALME x VIALE DELLE ORCHIDEE,3,0.0,0.0,41.8902,12.569,3.0
LUNGOTEVERE DI S. PAOLO x VIA OSTIENSE,3,0.0,0.0,41.8629,12.4785,3.0
VIA DEI BUONVISI x VIA DELLA CASETTA MATTEI,3,0.0,0.0,41.8579,12.4196,3.0
LUNGOTEVERE ARNALDO DA BRESCIA x VIA DEGLI SCIALOJA,3,0.0,0.0,41.9123,12.4726,3.0
VIA DELLA GENTE SALINATORIA x VIALE DEI ROMAGNOLI,3,0.0,0.0,41.7603,12.3035,3.0
PIAZZALE AURELIO x VIA DI S. PANCRAZIO,3,0.0,0.0,41.8884,12.4612,3.0
VIA DI CASTEL DI LEVA x VIA LAURENTINA,3,0.0,0.0,41.7872,12.4856,3.0
VIA DEI CAMPI SPORTIVI x VIA DEL FORO ITALICO,3,0.0,0.0,41.9358,12.4903,3.0
VIALE DELL'OCEANO PACIFICO x VIALE DELLA TECNICA,3,0.0,0.0,41.8266,12.4589,3.0
VIA DELLE BALENIERE x VIA DELLE CANARIE,3,0.0,0.0,41.7395,12.2805,3.0
VIA FLAVIA x VIA QUINTINO SELLA,3,0.0,0.0,41.9068,12.4968,3.0
VIA S. QUIRIACO x VIALE DELLA PINETA DI OSTIA,3,0.0,0.0,41.7284,12.2833,3.0
VIA ODERISI DA GUBBIO x VIA QUIRINO MAJORANA,3,0.0,0.0,41.8685,12.4621,3.0
VIA DEL PETTIROSSO x VIA WALTER TOBAGI,3,0.0,0.0,41.8678,12.5971,3.0
VIA ALBERTO GALLI x VIA CESARE MACCARI,3,0.0,0.0,41.7765,12.3562,3.0
VIA DEL PERGOLATO x VIA DELLE CILIEGIE,3,0.0,0.0,41.8847,12.5751,3.0
VIA VITTORIO OCCORSIO x VIA WALTER PROCACCINI,3,0.0,0.0,41.8485,12.5834,3.0
VIA AURELIA x VIA DI VILLA TROILI,3,0.0,0.0,41.8836,12.4069,3.0
VIA DELLA TENUTA DEL CAVALIERE x VIA OSTERIA DELLE CAPANNACCE,3,0.0,0.0,41.937,12.6547,3.0
VIA DEL PADIGLIONE x VIA DI PRATAPORCI,3,0.0,0.0,41.8537,12.6806,3.0
VIA MILANO x VIA NAZIONALE,3,0.0,0.0,41.8988,12.4903,3.0
VIA DELLA VALLE DEI FONTANILI x VIA DI TORREVECCHIA,3,0.0,0.0,41.923,12.4119,3.0
VIA FLAVIA x VIA SERVIO TULLIO,3,0.0,0.0,41.9074,12.4975,3.0
VIA MACEDONIO MELLONI x VIALE GUGLIELMO MARCONI,3,0.0,0.0,41.8573,12.4713,3.0
PIAZZALE DELLE NAZIONI UNITE x VIA CRISTOFORO COLOMBO,3,0.0,0.0,41.8358,12.472,3.0
PIAZZA AUGUSTO RIGHI x VIALE GUGLIELMO MARCONI,3,0.0,0.0,41.8573,12.4713,3.0
VIA S S AUDIFACE ED ABACUC x VIA SAN BASILIDE,3,0.0,0.0,41.9512,12.3758,3.0
VIA CASIMIRO MONDINO x VIA DI TORREVECCHIA,3,0.0,0.0,41.9256,12.4146,3.0
VIA CRISTOFORO COLOMBO x VIA DI MEZZOCAMMINO,3,0.0,0.0,41.79,12.4375,3.0
PIAZZA FRANCESCO CONTEDUCA x VIA CAPO SOPRANO,3,0.0,0.0,41.7357,12.2881,3.0
VIA CASSIA x VIA VINCENZO TIERI,3,0.0,0.0,42.0198,12.377,3.0
VIA AURELIA ANTICA x VIA DI S. PANCRAZIO,3,0.0,0.0,41.8902,12.435,3.0
VIA ALENDA x VIA JACOMO MAGNOLINO,3,0.0,0.0,41.8603,12.6097,3.0
VIA MONSELICE x VIA TUSCOLANA,3,0.0,0.0,41.8396,12.5923,3.0
VIA FLAMINIA x VIA LUIGI CANINA,3,0.0,0.0,41.9209,12.4721,3.0
VIA DI TOR TRE TESTE x VIA ROLANDO LANARI,3,0.0,0.0,41.8816,12.5919,3.0
VIA DI TOR CERVARA x VIA TIBURTINA,3,0.0,0.0,41.9325,12.5857,3.0
LARGO GIORGIO MACCAGNO x VIA ROMEO RODRIGUEZ PEREIRA,3,0.0,0.0,41.9163,12.4386,3.0
VIA ERASMO GATTAMELATA x VIA PRENESTINA,3,0.0,0.0,41.8924,12.5361,3.0
VIA DELL'IDROSCALO x VIA DELLA MARTINICA,3,0.0,0.0,41.7377,12.2623,3.0
PIAZZALE DELLE GARDENIE x VIALE DELLA PRIMAVERA,3,0.0,0.0,41.8864,12.5613,3.0
VIA VINCENZO VANNUTELLI x VIALE CARDINAL GINNASI,3,0.0,0.0,41.7325,12.2808,3.0
VIALE DELLA STAZIONE PRENESTINA x VIALE DELLA VENEZIA GIULIA,3,0.0,0.0,41.8955,12.5464,3.0
LARGO FERRARIS IV x VIA DEL FORO ITALICO,3,0.0,0.0,41.9402,12.4813,3.0
VIA DEI SETTE METRI x VIA DI TORRE MORENA,3,0.0,0.0,41.8154,12.6069,3.0
LARGO EDUARDO TALAMO x VIALE DELLO SCALO S. LORENZO,3,0.0,0.0,41.8945,12.5168,3.0
VIA APPIA ANTICA x VICOLO DELLE SETTE CHIESE,3,0.0,0.0,41.8563,12.516,3.0
VIA DEL CANALE DELLA LINGUA x VIALE DI CASTEL PORZIANO,3,0.0,0.0,41.7321,12.3491,3.0
VIA DELL'ARA MASSIMA DI ERCOLE x VIA DELLA GRECA,3,0.0,0.0,41.88735,12.48225,3.0
VIA CROPANI x VIA GASPERINA,3,0.0,0.0,41.8326,12.5995,3.0
VIA ANGELO EMO x VIALE DEGLI AMMIRAGLI,3,0.0,0.0,41.9044,12.4459,3.0
VIA FRANCESCO MERLINI x VIALE S. RITA DA CASCIA,3,0.0,0.0,41.869,12.6446,3.0
VIA DEI FULVI x VIA TUSCOLANA,3,0.0,0.0,41.8638,12.5481,3.0
VIA GIUSEPPE CHIOVENDA x VIALE PALMIRO TOGLIATTI,3,0.0,0.0,41.8591,12.5705,3.0
VIA LORENZO VIDASCHI x VIA RAFFAELE BALESTRA,3,0.0,0.0,41.8739,12.4498,3.0
VIA CAPO SOPRANO x VIA CESARE LAURENTI,3,0.0,0.0,41.7338,12.2863,3.0
VIA CASILINA x VIA DI PRATAPORCI,3,0.0,0.0,41.8628,12.6854,3.0
LUNGOTEVERE MARESCIALLO CADORNA x PIAZZALE MARESCIALLO GIARDINO,3,0.0,0.0,41.9237,12.4579,3.0
VIA APPIA NUOVA x VIA DELLE CAVE,3,0.0,0.0,41.8715,12.5272,3.0
VIA CAPO DELL'ARGENTIERA x VIA CAPO DELLE ARMI,3,0.0,0.0,41.741,12.2863,3.0
VIA DEI GINEPRI x VIA DELLE ACACIE,3,0.0,0.0,41.8887,12.5709,3.0
VIA SANDRO SANDRI x VIA SEBASTIANO SATTA,3,0.0,0.0,41.9043,12.551,3.0
VIA DEL CANALE DELLA LINGUA x VIALE CRISTOFORO COLOMBO,3,0.0,0.0,41.7727,12.39955,3.0
VIA PRINCIPE UMBERTO x VIALE MANZONI,3,0.0,0.0,41.8944,12.5098,3.0
VIA ATTILIO HORTIS x VIA SILVIO BENCO,2,0.0,0.0,41.8948,12.5483,2.0
VIA DI GROTTA PERFETTA x VIA POGGIO AMENO,2,0.0,0.0,41.84365,12.495249999999999,2.0
VIA ADRIANO BANCHIERI x VIA GIOVANNI BATTISTA PESCETTI,2,0.0,0.0,41.743,12.367999999999999,2.0
VIA DI LUNGHEZZINA x VIA GUIDO DONEGANI,2,0.0,0.0,41.92855,12.6937,2.0
VIA ASCONIO PEDIANO x VIA COLUMELLA,2,0.0,0.0,41.8661,12.5495,2.0
VIA DELLA BUFALOTTA x VIA FRANCO SIMONGINI,2,0.0,0.0,41.964150000000004,12.548449999999999,2.0
VIA DI GROTTA PERFETTA x VIA VITTORE CARPACCIO,2,0.0,0.0,41.842150000000004,12.49685,2.0
VIA ADONE FINARDI x VIALE DEI ROMANISTI,2,0.0,0.0,41.8667,12.5783,2.0
VIA ANAGNINA x VIA DELLA MOLA CAVONA,2,0.0,0.0,41.8036,12.6368,2.0
VIA NOMENTANA x VIA POGGIO BRACCIOLINI,2,0.0,0.0,41.959,12.5737,2.0
VIA LEONARDO MELLANO x VIA POLINAGO,2,0.0,0.0,41.7776,12.37325,2.0
VIA DI MONTE STALLONARA x VIA NUXIS,2,0.0,0.0,41.8363,12.3446,2.0
VIA AMALIA BETTINI x VIA ROSINA ANSELMI,2,0.0,0.0,41.9658,12.5319,2.0
VIA DELLA CACCIUTA x VIALE DI CASTEL PORZIANO,2,0.0,0.0,41.7308,12.3491,2.0
LUNGOTEVERE IN AUGUSTA x VIA DELL'ARA PACIS,2,0.0,0.0,41.90715,12.47495,2.0
VIA AVERSA x VIA MADDALONI,2,0.0,0.0,41.8913,12.5437,2.0
VIA AURELIA x VIA DEI CASALI SANTOVETTI,2,0.0,0.0,41.88915,12.4052,2.0
PIAZZA ENRICO MILLO x VIA ERMANNO CARLOTTO,2,0.0,0.0,41.7324,12.2898,2.0
VIA DELL'AGONISTICA x VIALE DELLA MOSCHEA,2,0.0,0.0,41.9339,12.4932,2.0
PIAZZA ETTORE VIOLA x VIA WALTER PROCACCINI,2,0.0,0.0,41.8458,12.5854,2.0
VIA LAURENTINA x VIALE IGNAZIO SILONE,2,0.0,0.0,41.81335,12.48095,2.0
LUNGOTEVERE FLAMINIO x VIA CESARE FRACASSINI,2,0.0,0.0,41.92315,12.46865,2.0
VIA DI VALLERANO x VIA PONTINA,2,0.0,0.0,41.78745,12.458300000000001,2.0
VIA GIUSEPPE PRINA x VIA SUVERETO,2,0.0,0.0,41.9564,12.52085,2.0
VIA DI MARCO SIMONE x VIA LUDOVICO MURATORI,2,0.0,0.0,41.9444,12.6449,2.0
VIA LEPANTO x VIALE DELLE MILIZIE,2,0.0,0.0,41.9122,12.463799999999999,2.0
VIA ASSISI x VIA TUSCOLANA,2,0.0,0.0,41.8781,12.52395,2.0
VIA LAURENTINA x VIALE OCEANO ATLANTICO,2,0.0,0.0,41.82115,12.47565,2.0
VIA AUGUSTO GENINA x VIALE FRANCESCO PASINETTI,2,0.0,0.0,41.96185,12.5367,2.0
VIA DELL'ARCADIA x VIALE DELLE ACCADEMIE,2,0.0,0.0,41.852450000000005,12.49115,2.0
VIA LAUREGNO x VIA TORCEGNO,2,0.0,0.0,41.7333,12.3759,2.0
VIA AUGUSTO GRAZIANI x VIA DI CASAL SELCE,2,0.0,0.0,41.91515,12.352250000000002,2.0
VIA AFFILE x VIA MONTE FLAVIO,2,0.0,0.0,41.9328,12.6157,2.0
VIA ADRANO x VIA CAMPO BRUNO,2,0.0,0.0,41.85995,12.6834,2.0
VIA LIDIA x VIA SEGESTA,2,0.0,0.0,41.8729,12.5105,2.0
PIAZZA EUCLIDE x VIA FILIPPO CIVININI,2,0.0,0.0,41.9269,12.4811,2.0
VIA ISONZO x VIA PO,2,0.0,0.0,41.9151,12.4959,2.0
PIAZZA ANTONIO MEUCCI x VIA GEROLAMO CARDANO,2,0.0,0.0,41.8618,12.4631,2.0
VIA AGOSTINO CHIGI x VIA FEDERICO BAZZINI,2,0.0,0.0,41.758449999999996,12.3154,2.0
VIA ARZANA x VIA PORTUENSE,2,0.0,0.0,41.8469,12.414,2.0
VIA MATTEO BANDELLO x VIALE JONIO,2,0.0,0.0,41.9442,12.53605,2.0
PIAZZA CAVOUR x VIA CICERONE,2,0.0,0.0,41.905,12.47,2.0
VIA ANTONINO GIUFFRE' x VIA DI TRIGORIA,2,0.0,0.0,41.7708,12.4795,2.0
VIA DI SELVA NERA x VIA IRMA BANDIERA,2,0.0,0.0,41.9393,12.3667,2.0
VIA ALFONSO SPLENDORE x VIA PIO BASTAI,2,0.0,0.0,41.9089,12.388300000000001,2.0
VIA ANTONINO DI GIORGIO x VIA DEGLI ORTI DELLA FARNESINA,2,0.0,0.0,41.941,12.46355,2.0
VIA DELLE ACACIE x VIA DELLE RESEDE,2,0.0,0.0,41.8871,12.563,2.0
VIA ANTON GIULIO BRAGAGLIA x VIA CASSIA,2,0.0,0.0,41.98865,12.41705,2.0
VIA ANTIFILO x VIA DEL CANALE DELLA LINGUA,2,0.0,0.0,41.74725,12.33345,2.0
VIA LACEDONIA x VIA PRENESTINA,2,0.0,0.0,41.8934,12.6223,2.0
PIAZZA DI S. EMERENZIANA x VIALE ERITREA,2,0.0,0.0,41.9291,12.5161,2.0
VIA DI ROCCA CENCIA x VIA POLENSE,2,0.0,0.0,41.882949999999994,12.6935,2.0
VIA APPIA NUOVA x VIA DI TORRE DEL FISCALE,2,0.0,0.0,41.85535,12.5396,2.0
PIAZZA DEI TRIBUNI x VIALE DEI CONSOLI,2,0.0,0.0,41.8648,12.550699999999999,2.0
VIA DI BOCCEA x VIA DI TORREVECCHIA,2,0.0,0.0,41.91915,12.3985,2.0
VIA APPIA NUOVA x VIA MONTE ALBINO,2,0.0,0.0,41.85725,12.5368,2.0
PIAZZA CAMILLO FINOCCHIARO APRILE x VIA APPIA NUOVA,2,0.0,0.0,41.8766,12.52025,2.0
VIA DI TOR CERVARA x VIA RAFFAELE COSTI,2,0.0,0.0,41.9087,12.58855,2.0
VIA DI TOR CERVARA x VIA SALVIATI,2,0.0,0.0,41.9077,12.58885,2.0
VIA DI ROCCA CENCIA x VIA GUASILA,2,0.0,0.0,41.88135,12.693950000000001,2.0
VIA LUZZANA x VIA SEDRINA,2,0.0,0.0,41.9432,12.3823,2.0
PIAZZA BUENOS AIRES x VIA TAGLIAMENTO,2,0.0,0.0,41.9182,12.5002,2.0
VIA DELLA STAZIONE DI S. PIETRO x VIA DI PORTA CAVALLEGGERI,2,0.0,0.0,41.9002,12.45705,2.0
PIAZZA DI PORTA CAPENA x VIA DI S. GREGORIO,2,0.0,0.0,41.8848,12.4893,2.0
VIA DI BOCCEA x VIA MOMBARUZZO,2,0.0,0.0,41.91865,12.377749999999999,2.0
VIA ALESSANDRO D'ASTE x VIALE CAPITAN CASELLA,2,0.0,0.0,41.7291,12.291,2.0
VIA DELLE AZZORRE x VIA DELLE BALEARI,2,0.0,0.0,41.7395,12.277149999999999,2.0
VIA APPIA ANTICA x VIA ERODE ATTICO,2,0.0,0.0,41.834500000000006,12.5405,2.0
PIAZZA DI PORTA S. GIOVANNI x VIALE CARLO FELICE,2,0.0,0.0,41.8862,12.5089,2.0
VIA MARIA MONTESSORI x VIA TRIONFALE,2,0.0,0.0,41.9383,12.430299999999999,2.0
VIA ALESSANDRO VII x VIA FRANCESCO MARCONI,2,0.0,0.0,41.9239,12.42355,2.0
VIA ANTONIO FOGAZZARO x VIA TEOFILO FOLENGO,2,0.0,0.0,41.9416,12.5487,2.0
VIA DI S. ORSOLA x VIA LIVORNO,2,0.0,0.0,41.9153,12.5237,2.0
VIA DELLE PRORE x VIA DELLE QUINQUEREMI,2,0.0,0.0,41.72295,12.296800000000001,2.0
VIA DI S. VALENTINO x VIALE MARESCIALLO PILSUDSKI,2,0.0,0.0,41.92665,12.47425,2.0
PIAZZA CLEMENTE XI x VIA DEI MONTI DI PRIMAVALLE,2,0.0,0.0,41.9139,12.4146,2.0
VIA DELLO STATUTO x VIA MERULANA,2,0.0,0.0,41.895,12.5002,2.0
VIA DELLE MORATELLE x VIA DI PONTE GALERIA,2,0.0,0.0,41.8303,12.3412,2.0
PIAZZA CIVITELLA PAGANICO x VIA SUVERETO,2,0.0,0.0,41.9533,12.5173,2.0
VIA ANTONIO SEBASTIANI x VIALE PALMIRO TOGLIATTI,2,0.0,0.0,41.87520000000001,12.5704,2.0
VIA MAPUTO x VIALE DELL'OCEANO INDIANO,2,0.0,0.0,41.8234,12.446750000000002,2.0
VIA ANTONINO PIO x VIALE LEONARDO DA VINCI,2,0.0,0.0,41.8528,12.48035,2.0
VIA MARISA BELLISARIO x VIA PRENESTINA,2,0.0,0.0,41.8881,12.60585,2.0
VIA DELLE COMETE x VIA DI DECIMA,2,0.0,0.0,41.812650000000005,12.452449999999999,2.0
VIA ALFONSO ALBERGHETTI x VIA CRISTOFANO ROBETTA,2,0.0,0.0,41.8669,12.6251,2.0
VIA IGINO GIORDANI x VIA TRIVENTO,2,0.0,0.0,41.9072,12.5644,2.0
VIA AOSTA x VIA TUSCOLANA,2,0.0,0.0,41.8832,12.5146,2.0
VIA DELLE CAVE DI PIETRALATA x VIA TIBURTINA,2,0.0,0.0,41.9085,12.53675,2.0
VIA DELLE CASE ROSSE x VIA DI SALONE,2,0.0,0.0,41.92575,12.63005,2.0
VIA DELLE CALASANZIANE x VIA MATTIA BATTISTINI,2,0.0,0.0,41.9185,12.4185,2.0
VIA DI ACQUA ACETOSA OSTIENSE x VIA DI DECIMA,2,0.0,0.0,41.8078,12.454,2.0
VIA LA SPEZIA x VIA POZZUOLI,2,0.0,0.0,41.8859,12.5128,2.0
PIAZZA DI PORTA MAGGIORE x VIA GIOVANNI GIOLITTI,2,0.0,0.0,41.8915,12.51425,2.0
VIA APPIA PIGNATELLI x VIA ELIO ANDRISCO,2,0.0,0.0,41.8422,12.5423,2.0
VIA ALFREDO CAPPELLINI x VIA FILIPPO TURATI,2,0.0,0.0,41.8972,12.5046,2.0
VIA DELLA STAZIONE DI CESANO x VIA GIOVANNI PALATUCCI,2,0.0,0.0,42.0598,12.3241,2.0
VIA ARMANDO BRASINI x VIA CRISTOFORO COLOMBO,2,0.0,0.0,41.79645,12.43765,2.0
VIA DI CASAL BOCCONE x VIA ROBERTO ROSSELLINI,2,0.0,0.0,41.95315,12.5607,2.0
VIA FRANCO SACCHETTI x VIA RENATO FUCINI,2,0.0,0.0,41.9497,12.5496,2.0
VIA ARISTIDE STADERINI x VIA CARLO BUTTARELLI,2,0.0,0.0,41.8925,12.588249999999999,2.0
VIA LUIGI LUZZATTI x VIALE MANZONI,2,0.0,0.0,41.891949999999994,12.50855,2.0
VIA DELLA MAGLIANA x VIA LUIGI RAVA,2,0.0,0.0,41.8317,12.4196,2.0
VIA MURACCIO DI RISCHIARO x VIA PRENESTINA,2,0.0,0.0,41.89385,12.6062,2.0
VIA ARISTONICO D'ALESSANDRIA x VIA DI MACCHIA SAPONARA,2,0.0,0.0,41.7588,12.36265,2.0
VIA ANDRIA x VIA BORGHESIANA,2,0.0,0.0,41.8833,12.669799999999999,2.0
LUNGOTEVERE VITTORIO GASSMAN x VIA ANTONIO PACINOTTI,2,0.0,0.0,41.8692,12.4725,2.0
VIA ANDREA MELDOLA x VIA TOMMASO ARCIDIACONO,2,0.0,0.0,41.82299999999999,12.5099,2.0
PIAZZA DIGIONE x VIA LUIGI BELLOTTI BON,2,0.0,0.0,41.928200000000004,12.49125,2.0
VIA LUDOVICO DI BREME x VIA LUIGI CAPUANA,2,0.0,0.0,41.9474,12.5473,2.0
VIA ALBERTO CADLOLO x VIA CARLO EVANGELISTI,2,0.0,0.0,41.92115,12.44665,2.0
VIA ARMANDO CRISCIANI x VIA COSTANZO CASANA,2,0.0,0.0,41.7388,12.26935,2.0
VIA ARNO x VIA GARIGLIANO,2,0.0,0.0,41.91865,12.501,2.0
VIA LUCIO SESTIO x VIALE SPARTACO,2,0.0,0.0,41.85795,12.55535,2.0
VIA DI CASTEL DI LEVA x VIA RENATO CACCIOPPOLI,2,0.0,0.0,41.7869,12.5151,2.0
VIA LUCIO SESTIO x VIA SERVILIO ISARNICO,2,0.0,0.0,41.8572,12.5546,2.0
VIA NICOLO' FORTEGUERRI x VIA SAMPIERO DI BASTELICA,2,0.0,0.0,41.891,12.541,2.0
PIAZZA DELL'EMPORIO x PONTE SUBLICIO,2,0.0,0.0,41.8833,12.4752,2.0
VIA DI TORREVECCHIA x VIA MARIANO LUIGI PATRIZI,2,0.0,0.0,41.9294,12.4176,2.0
VIA GIUSEPPE ROSSO x VIA UGO DE CAROLIS,2,0.0,0.0,41.9196,12.4382,2.0
VIA DI CASTEL GIUBILEO x VIA SALARIA,2,0.0,0.0,41.98595,12.5101,2.0
VIA DI DECIMA x VIA SEVERINO DELOGU,2,0.0,0.0,41.8151,12.4516,2.0
VIA GRADISCA x VIA SAN MARINO,2,0.0,0.0,41.9216,12.512,2.0
VIA DI TOR VERGATA x VIALE DELLA SORBONA,2,0.0,0.0,41.8468,12.6226,2.0
VIA ALCIDE PEDRETTI x VIALE DEL SOMMERGIBILE,2,0.0,0.0,41.736,12.2623,2.0
PIAZZA DEL GAZOMETRO x VIA OSTIENSE,2,0.0,0.0,41.8702,12.47955,2.0
VIA DI TOR TRE TESTE x VIA PRENESTINA,2,0.0,0.0,41.8937,12.60335,2.0
VIA LUIGI VITTORIO BERTARELLI x VIA TIBURTINA,2,0.0,0.0,41.9081,12.53475,2.0
VIA ALBERTO LUTHULI x VIA DON PRIMO MAZZOLARI,2,0.0,0.0,41.894999999999996,12.6746,2.0
VIA AQUILONIA x VIA TEANO,2,0.0,0.0,41.8895,12.55005,2.0
VIA ARAGONA x VIA RADDUSA,2,0.0,0.0,41.8669,12.65255,2.0
VIA ANNIA REGILLA x VIA APPIA NUOVA,2,0.0,0.0,41.83735,12.555399999999999,2.0
VIA DELLA RISERVA NUOVA x VIA PRENESTINA,2,0.0,0.0,41.890600000000006,12.6805,2.0
PIAZZA AUGUSTO LORENZINI x VIALE GIUSEPPE SIRTORI,2,0.0,0.0,41.8556,12.4484,2.0
PIAZZA DEL COLOSSEO x VIA LABICANA,2,0.0,0.0,41.8907,12.49365,2.0
PIAZZA ARISTIDE GIANNELLI x VIA ANTONIO CAPETTI,2,0.0,0.0,41.9112,12.6618,2.0
VIA ARCHIANO x VIA CERESIO,2,0.0,0.0,41.9252,12.5066,2.0
VIA ARCHIANO x VIA NEMORENSE,2,0.0,0.0,41.9258,12.5094,2.0
PIAZZA ANTONINO CASCINO x VIA FILIPPO CORRIDONI,2,0.0,0.0,41.921350000000004,12.460249999999998,2.0
VIA MONTE FARAONE x VIA NOMENTANA,2,0.0,0.0,41.959,12.57365,2.0
VIA ANGELO VISCOGLIOSI x VIA FRANCESCO TOVAGLIERI,2,0.0,0.0,41.883,12.5891,2.0
PIAZZA ANTONIO MEUCCI x VIA ODERISI DA GUBBIO,2,0.0,0.0,41.8618,12.4631,2.0
VIA LANFRANCO MAROI x VIA PORTUENSE,2,0.0,0.0,41.845749999999995,12.4154,2.0
PIAZZA DI S. SILVESTRO x VIA DELLA MERCEDE,2,0.0,0.0,41.9033,12.4822,2.0
VIA ALESSANDRO VII x VIA CLEMENTE XII,2,0.0,0.0,41.9214,12.4223,2.0
PIAZZA ANTONIO MEUCCI x VIA DELLA MAGLIANA,2,0.0,0.0,41.84675,12.44135,2.0
VIA DI CASA CALDA x VIA DI TOR TRE TESTE,2,0.0,0.0,41.873149999999995,12.588249999999999,2.0
VIA ANGELO MARIANI x VIALE DI CASTEL PORZIANO,2,0.0,0.0,41.7308,12.3491,2.0
VIA DELLA PACE x VIA DI PARIONE,2,0.0,0.0,41.899,12.471,2.0
VIA MONTE SANTO x VIALE GIUSEPPE MAZZINI,2,0.0,0.0,41.915549999999996,12.461,2.0
VIA MASSIMO TROISI x VIA PAOLO STOPPA,2,0.0,0.0,41.7866,12.392800000000001,2.0
VIA CINA x VIA DEL FOSSO DEL TORRINO,2,0.0,0.0,41.8127,12.4342,2.0
VIA DELL' OSTERIA DEL FINOCCHIO x VIA DI VERMICINO,2,0.0,0.0,41.847300000000004,12.66695,2.0
VIA DEI CASTANI x VIALE DELLE GARDENIE,2,0.0,0.0,41.88590000000001,12.56635,2.0
PIAZZALE PRENESTINO x VIA PRENESTINA,2,0.0,0.0,41.891149999999996,12.527149999999999,2.0
VIA SERRACAPRIOLA x VIA STORNARA,2,0.0,0.0,41.8852,12.6138,2.0
VIA DEI CICLAMINI x VIA PRENESTINA,2,0.0,0.0,41.894800000000004,12.565,2.0
VIA CARLO ALBERTO DALLA CHIESA x VIALE GIULIO CESARE,2,0.0,0.0,41.91045,12.462150000000001,2.0
LARGO DELL'AMBA ARADAM x VIA DELLA FERRATELLA IN LATERANO,2,0.0,0.0,41.8826,12.4986,2.0
VIA SCARPANTO x VIALE JONIO,2,0.0,0.0,41.9451,12.5315,2.0
PIAZZALE XXV MARZO 1957 x VIA CRISTOFORO COLOMBO,2,0.0,0.0,41.8137,12.45835,2.0
VIA DEI CRISPOLTI x VIA LUIGI CESANA,2,0.0,0.0,41.91045,12.55235,2.0
VIA CARDINALE OREGLIA x VIA GIOVANNI DOMENICO PARACCIANI,2,0.0,0.0,41.903999999999996,12.4238,2.0
LARGO DELLE TERME DI CARACALLA x VIALE GUIDO BACCELLI,2,0.0,0.0,41.87395,12.4965,2.0
VIA DEI DURANTINI x VIA TIBURTINA,2,0.0,0.0,41.9172,12.558250000000001,2.0
VIA CARDINALE MARMAGGI x VIA DI S. CRISOGONO,2,0.0,0.0,41.8878,12.47405,2.0
VIA DEI FELTRESCHI x VIA DI BRAVETTA,2,0.0,0.0,41.879949999999994,12.42435,2.0
VIA DEI FIORRANCINI x VIA DI CASA CALDA,2,0.0,0.0,41.8731,12.59,2.0
VIA GIORGIO SCALIA x VIA RIALTO,2,0.0,0.0,41.9077,12.4463,2.0
VIA SICULIANA x VIA VILLABATE,2,0.0,0.0,41.8701,12.652999999999999,2.0
VIA EVANGELISTA TORRICELLI x VIA GALILEO FERRARIS,2,0.0,0.0,41.878,12.471499999999999,2.0
VIA CAPO SPARTIVENTO x VIALE AMMIRAGLIO DEL BONO,2,0.0,0.0,41.73650000000001,12.2851,2.0
PIAZZALE PINO PASCALI x VIA GINO SEVERINI,2,0.0,0.0,41.8985,12.5806,2.0
VIA CARTAGINE x VIA TUSCOLANA,2,0.0,0.0,41.862,12.5526,2.0
LARGO ARCHILOCO x VIA DI ACILIA,2,0.0,0.0,41.7737,12.3714,2.0
PIAZZA PASSO DEL PORDOI x VIA PIEVE DI CADORE,2,0.0,0.0,41.940349999999995,12.44095,2.0
VIA DEGLI OLIVI x VIA DELLE PETUNIE,2,0.0,0.0,41.8874,12.5697,2.0
PIAZZALE KONRAD ADENAUER x VIALE DELLA CIVILTA' DEL LAVORO,2,0.0,0.0,41.8362,12.4677,2.0
VIA FEDERICO ENRIQUES x VIA FEDERICO GUARDUCCI,2,0.0,0.0,41.86295,12.4688,2.0
PIAZZALE LUIGI STURZO x VIALE DELL'ASTRONOMIA,2,0.0,0.0,41.878299999999996,12.45975,2.0
VIA CARLO FADDA x VIA FILOMUSI GUELFI,2,0.0,0.0,41.86255,12.5709,2.0
VIA TAGASTE x VIALE VASCO DE GAMA,2,0.0,0.0,41.7346,12.2745,2.0
VIA FARA SABINA x VIALE SOMALIA,2,0.0,0.0,41.936,12.5151,2.0
VIA GIACOMO MANCINI x VIA PRENESTINA,2,0.0,0.0,41.8952,12.57205,2.0
VIA FAMAGOSTA x VIA LEONE IV,2,0.0,0.0,41.9087,12.4553,2.0
VIA DEI BOCCABELLI x VIA LAURENTINA,2,0.0,0.0,41.8012,12.4812,2.0
VIA DEI CADUTI SENZA CROCE x VIALE GUGLIELMO MARCONI,2,0.0,0.0,41.854200000000006,12.4726,2.0
VIA CARLO CATTANEO x VIA GIOVANNI GIOLITTI,2,0.0,0.0,41.89775,12.504950000000001,2.0
VIA CAPO SPERONE x VIALE DEI PROMONTORI,2,0.0,0.0,41.7369,12.2934,2.0
VIA CAPO PALINURO x VIALE DEI PROMONTORI,2,0.0,0.0,41.737849999999995,12.29075,2.0
VIA PRINCIPE EUGENIO x VIALE MANZONI,2,0.0,0.0,41.892849999999996,12.509350000000001,2.0
LARGO LUCHINO VISCONTI x VIA GIUSEPPE DE SANTIS,2,0.0,0.0,41.9657,12.53605,2.0
VIA DEI RIARI x VIA DELLA PENITENZA,2,0.0,0.0,41.8935,12.4651,2.0
LARGO MAURIZIO POGGIALI x VIA ANDREA MILLEVOI,2,0.0,0.0,41.81975,12.5167,2.0
PIAZZA IRNERIO x VIA BALDO DEGLI UBALDI,2,0.0,0.0,41.8984,12.4298,2.0
VIA RAFFAELE MAJETTI x VIA TIBURTINA,2,0.0,0.0,41.9257,12.5739,2.0
VIA DEI SERPENTI x VIA NAZIONALE,2,0.0,0.0,41.897099999999995,12.489799999999999,2.0
VIA DEI SETTE METRI x VIA DEL CASALE AGOSTINELLI,2,0.0,0.0,41.81315,12.60455,2.0
VIA ENDERTA' x VIALE ETIOPIA,2,0.0,0.0,41.9309,12.5244,2.0
VIA DEI SOMMOZZATORI x VIA LAURENTINA,2,0.0,0.0,41.8218,12.4804,2.0
PIAZZA GUIDO PIOVENE x VIALE CARLO LEVI,2,0.0,0.0,41.81229999999999,12.46555,2.0
PIAZZA GREGORIO RONCA x VIA ERMANNO CARLOTTO,2,0.0,0.0,41.7334,12.2867,2.0
VIA DEI TRAGHETTI x VIA DELLE BALENIERE,2,0.0,0.0,41.7361,12.2783,2.0
VIA BUCINE x VIA LATERINA,2,0.0,0.0,41.9743,12.5165,2.0
PIAZZA GIUSEPPE VERDI x VIA GIOVANNI BATTISTA MARTINI,2,0.0,0.0,41.9195,12.495,2.0
VIA PUBLIO VALERIO x VIALE DEI SALESIANI,2,0.0,0.0,41.8573,12.567,2.0
PIAZZA GIUSEPPE PRIMOLI x VIA RENATO FUCINI,2,0.0,0.0,41.9451,12.5527,2.0
VIA GIOVANNI CINISELLI x VIALE BARTOLOMEO CAVACEPPI,2,0.0,0.0,41.79685,12.431049999999999,2.0
PIAZZA LAURO DE BOSIS x PONTE DUCA D'AOSTA,2,0.0,0.0,41.9317,12.4586,2.0
VIA CAPO PALINURO x VIALE AMMIRAGLIO DEL BONO,2,0.0,0.0,41.73615,12.28565,2.0
VIA DEI PONTEFICI x VIA DEL CORSO,2,0.0,0.0,41.9032,12.4795,2.0
VIA CAPO D'AFRICA x VIA CLAUDIA,2,0.0,0.0,41.888400000000004,12.494,2.0
LARGO FEDERICO DELPINO x VIA GIACOMO BRESADOLA,2,0.0,0.0,41.89105,12.562,2.0
VIA DEI LUCERI x VIA DEI RAMNI,2,0.0,0.0,41.89975,12.5124,2.0
VIA DEI LUCERI x VIA TIBURTINA,2,0.0,0.0,41.8999,12.5137,2.0
PIAZZA MARCO VIPSANIO AGRIPPA x VIA DELL'IDROSCALO,2,0.0,0.0,41.73805,12.253,2.0
VIA DEI MARCELLINI x VIA DI BRAVETTA,2,0.0,0.0,41.8762,12.4257,2.0
LARGO GAETANO LA LOGGIA x VIALE DEI COLLI PORTUENSI,2,0.0,0.0,41.8559,12.4464,2.0
VIA DEI MONTI DELLA FARNESINA x VIA DEL FORO ITALICO,2,0.0,0.0,41.93655,12.45495,2.0
LARGO GIAMPIERO ARCI x VIA NOMENTANA,2,0.0,0.0,41.959,12.5737,2.0
VIA ROMOLO LOMBARDI x VIALE DELLA PRIMAVERA,2,0.0,0.0,41.883399999999995,12.5607,2.0
LARGO GIROLAMO DA MONTESARCHIO x VIA ANGELO ZOTTOLI,2,0.0,0.0,41.7838,12.363050000000001,2.0
VIA ENZO MUSUMECI GRECO x VIALE CARMELO BENE,2,0.0,0.0,41.9751,12.53365,2.0
VIA ENRICO GIGLIOLI x VIA GIUSEPPE GINANNI,2,0.0,0.0,41.870000000000005,12.5983,2.0
VIA RIANO x VIALE DI TOR DI QUINTO,2,0.0,0.0,41.9404,12.47405,2.0
LARGO LEONARDO DA VINCI x VIALE GIUSTINIANO IMPERATORE,2,0.0,0.0,41.85665,12.480550000000001,2.0
VIA CARUNCHIO x VIA COLLEDIMACINE,2,0.0,0.0,41.9399,12.6494,2.0
LARGO AMILCARE PONCHIELLI x VIA CARLO ZECCHI,2,0.0,0.0,41.91715,12.49635,2.0
VIA FILIPPO BERNARDINI x VIA LEONE XIII,2,0.0,0.0,41.8869,12.4404,2.0
VIA CESARE TIRATELLI x VIA PRENESTINA,2,0.0,0.0,41.89515,12.59585,2.0
VIA COLA DI RIENZO x VIA TACITO,2,0.0,0.0,41.908,12.4652,2.0
VIA COLA DI RIENZO x VIA TERENZIO,2,0.0,0.0,41.9073,12.46415,2.0
PIAZZA WALTER ROSSI x VIA DELLA CAMILLUCCIA,2,0.0,0.0,41.9348,12.443,2.0
VIA COLLATINA x VIA DELL'ACQUA VERGINE,2,0.0,0.0,41.9022,12.62655,2.0
VIALE DELL'OCEANO ATLANTICO x VIALE DELL'UMANESIMO,2,0.0,0.0,41.82065,12.4791,2.0
VIALE DELL'ESPERANTO x VIALE OCEANIA,2,0.0,0.0,41.82805,12.4641,2.0
VIA CESARE FRUGONI x VIALE DI VAL FIORITA,2,0.0,0.0,41.84025,12.465150000000001,2.0
PIAZZA ZAMA x VIA CONCORDIA,2,0.0,0.0,41.876149999999996,12.51005,2.0
VIA COLLATINA x VIA PIO SEMEGHINI,2,0.0,0.0,41.9054,12.608049999999999,2.0
CIRCONVALLAZIONE GIANICOLENSE x PIAZZALE ENRICO DUNANT,2,0.0,0.0,41.872150000000005,12.4544,2.0
VIALE DEI ROMAGNOLI x VIALE FRA' ANDREA DI GIOVANNI,2,0.0,0.0,41.78125,12.3536,2.0
PIAZZA SALERNO x VIA GIOVANNI BATTISTA MORGAGNI,2,0.0,0.0,41.9105,12.5129,2.0
VIA GABRIELLA DEGLI ESPOSTI x VIA IRMA BANDIERA,2,0.0,0.0,41.9402,12.36555,2.0
PIAZZALE BRASILE x VIALE DEL MURO TORTO,2,0.0,0.0,41.909949999999995,12.489,2.0
PIAZZALE CLODIO x VIA TEULADA,2,0.0,0.0,41.9167,12.4549,2.0
VIA CESARE PASCARELLA x VIA ETTORE ROLLI,2,0.0,0.0,41.8743,12.4676,2.0
VIA CESENA x VIA TARANTO,2,0.0,0.0,41.88435,12.51565,2.0
VIA CASALE REDICICOLI x VIA DELLA TENUTA REDICICOLI,2,0.0,0.0,41.97285,12.5397,2.0
PIAZZA VINCENZO CERESI x VIA LUIGI ZAMBARELLI,2,0.0,0.0,41.8776,12.4468,2.0
VIA FRANCO MEZZADRA x VIA GIOVANNI GARAU,2,0.0,0.0,41.7351,12.2704,2.0
PIAZZA TESTACCIO x VIA LUCA DELLA ROBBIA,2,0.0,0.0,41.8794,12.47715,2.0
VIA FRANCESCO SIVORI x VIA MARCANTONIO BRAGADIN,2,0.0,0.0,41.906000000000006,12.4465,2.0
VIALE JONIO x VIALE PANTELLERIA,2,0.0,0.0,41.9442,12.5361,2.0
PIAZZA UNGHERIA x VIALE GIOACCHINO ROSSINI,2,0.0,0.0,41.92245,12.4925,2.0
VIA CIRO DA URBINO x VIALE FILARETE,2,0.0,0.0,41.8781,12.5391,2.0
C.NE GIANICOLENSE x VIA S. GIROLAMO EMILIANI,2,0.0,0.0,41.8725,12.4496,2.0
VIALE FERNANDO SANTI x VIALE PALMIRO TOGLIATTI,2,0.0,0.0,41.91385,12.57015,2.0
VIA CHILONE x VIALE PRASSILLA,2,0.0,0.0,41.7523,12.3571,2.0
VIA CIVITELLA D'AGLIANO x VIA MONTEROSI,2,0.0,0.0,41.9503,12.4758,2.0
VIA CLAUDIO ASELLO x VIA DELL'AEROPORTO,2,0.0,0.0,41.8636,12.557,2.0
PIAZZA VENEZIA x VIA CESARE BATTISTI,2,0.0,0.0,41.8965,12.48225,2.0
VIA CHIANA x VIA RENO,2,0.0,0.0,41.9208,12.505749999999999,2.0
VIA CLAUZETTO x VIA MAGNANO IN RIVIERA,2,0.0,0.0,41.99505,12.48165,2.0
VIA FULCIERI PAULUCCI DE CALBOLI x VIA SABOTINO,2,0.0,0.0,41.9165,12.46125,2.0
VIA CONTE DI CARMAGNOLA x VIA MUZIO ATTENDOLO,2,0.0,0.0,41.8903,12.5356,2.0
VIA CATERINA USAI x VIA DON PRIMO MAZZOLARI,2,0.0,0.0,41.89555,12.67315,2.0
CIRCONVALLAZIONE OSTIENSE x VIA DI S. GALLA,2,0.0,0.0,41.8674,12.4895,2.0
VIA FORNACE VIGNOLO x VIA SANT'ANGELO IN VADO,2,0.0,0.0,41.9923,12.506499999999999,2.0
VIA CASSIA x VIA DI BACCANELLO,2,0.0,0.0,42.018649999999994,12.39315,2.0
VIA CASSIA NUOVA x VIA STEFANO JACINI,2,0.0,0.0,41.9517,12.4669,2.0
VIA VAL SENIO x VIA VALLE DI CORIO,2,0.0,0.0,41.9402,12.5273,2.0
VIA CRISTOFORO COLOMBO x VIALE OCEANO ATLANTICO,2,0.0,0.0,41.8019,12.4372,2.0
VIA CASILINA x VIA ORAZIO PIEROZZI,2,0.0,0.0,41.877250000000004,12.551,2.0
PIAZZA QUINTO CURZIO x VIALE DEI SALESIANI,2,0.0,0.0,41.85625,12.5681,2.0
PIAZZALE DELLE PROVINCIE x VIALE IPPOCRATE,2,0.0,0.0,41.9093,12.521,2.0
PIAZZALE DI PONTE MILVIO x VIALE DI TOR DI QUINTO,2,0.0,0.0,41.9371,12.4666,2.0
PIAZZALE DI PORTA PIA x VIA NOMENTANA,2,0.0,0.0,41.90935,12.501449999999998,2.0
PIAZZA QUINTO CURZIO x VIA QUINTO PUBLICIO,2,0.0,0.0,41.85565,12.568950000000001,2.0
VIA CASILINA x VIA DEL CASALE DI S. MARIA,2,0.0,0.0,41.864999999999995,12.70765,2.0
VIA DANDOLO x VIA NICOLA FABRIZI,2,0.0,0.0,41.8865,12.4652,2.0
PIAZZALE EUGENIO MORELLI x VIALE DEI COLLI PORTUENSI,2,0.0,0.0,41.8602,12.4434,2.0
PIAZZA QUARTO DEI MILLE x VIA STEFANO CANSACCHI,2,0.0,0.0,41.73205,12.27485,2.0
PIAZZALE GIULIO DOUHET x VIALE DELL'AERONAUTICA,2,0.0,0.0,41.8644,12.493,2.0
CORSO DI FRANCIA x VIA SASSI DI S. GIULIANO,2,0.0,0.0,41.9357,12.4719,2.0
VIA CRESCENZIO x VIA VIRGILIO,2,0.0,0.0,41.9062,12.46585,2.0
VIA VINCENZO BELLINI x VIALE LIEGI,2,0.0,0.0,41.92105,12.496099999999998,2.0
CLIVO DELLE CASE BASSE x VIA DELLE CASE BASSE,2,0.0,0.0,41.7905,12.3677,2.0
VIALE BARTOLOMEO CAVACEPPI x VIALE LUIGI GUGLIELMI,2,0.0,0.0,41.7971,12.4308,2.0
PIAZZA S. GIOVANNI BOSCO x VIALE MARCO FULVIO NOBILIORE,2,0.0,0.0,41.8594,12.5652,2.0
VIA CORNELIA x VIA DELLA MAGLIANELLA,2,0.0,0.0,41.9018,12.3791,2.0
VIA CASTIGLIONE DELLA PESCAIA x VIA DEL MONTE DELLE CAPRE,2,0.0,0.0,41.845,12.4317,2.0
VIA CORRADO GOVONI x VIA GIUSEPPE TOMASI DI LAMPEDUSA,2,0.0,0.0,41.81615,12.47355,2.0
VIA CASTELLUCCHIO x VIA CREMOSANO,2,0.0,0.0,41.78165,12.32825,2.0
VIADOTTO ZELIA NUTTALL x VIALE CHARLES LENORMANT,2,0.0,0.0,41.773399999999995,12.3331,2.0
VIA CASTEL DI IERI x VIA DAMETA,2,0.0,0.0,41.91605,12.60785,2.0
VIA WALTER PROCACCINI x VIALE BRUNO PELIZZI,2,0.0,0.0,41.855199999999996,12.582,2.0
VIA COSTANTINO BESCHI x VIA DI ACILIA,2,0.0,0.0,41.7842,12.3646,2.0
VIA VITTORIO COLOMBO x VIALE PALMIRO TOGLIATTI,2,0.0,0.0,41.89865,12.57425,2.0
VIA VITO GIUSEPPE GALATI x VIALE SACCO E VANZETTI,2,0.0,0.0,41.9098,12.5693,2.0
VIA VIRGINIO ORSINI x VIALE GIULIO CESARE,2,0.0,0.0,41.9112,12.46575,2.0
VIA VIRGILIO TALLI x VIALE LINA CAVALIERI,2,0.0,0.0,41.96485,12.519449999999999,2.0
LARGO NINO FRANCHELLUCCI x VIALE ETTORE FRANCESCHINI,2,0.0,0.0,41.91205,12.574850000000001,2.0
LARGO VISCONTI VENOSTA x VIA CAVOUR,2,0.0,0.0,41.8949,12.4937,2.0
VIA EMILIA x VIA LUDOVISI,2,0.0,0.0,41.907349999999994,12.488199999999999,2.0
LARGO SOMALIA x VIALE SOMALIA,2,0.0,0.0,41.936,12.5151,2.0
LUNGOTEVERE DEGLI ANGUILLARA x PONTE GARIBALDI,2,0.0,0.0,41.8911,12.4746,2.0
VIA DEL PIANETA SATURNO x VIALE DELLA GRANDE MURAGLIA,2,0.0,0.0,41.815650000000005,12.446000000000002,2.0
VIA DEL FORTE BOCCEA x VIA SILVESTRO II,2,0.0,0.0,41.906099999999995,12.4223,2.0
LUNGOTEVERE DEGLI INVENTORI x PIAZZA ANTONIO MEUCCI,2,0.0,0.0,41.861450000000005,12.4651,2.0
VIA PLACIDO MARTINI x VIA UGO DE CAROLIS,2,0.0,0.0,41.9166,12.4394,2.0
VIA CINCINNATO x VIA COLUMELLA,2,0.0,0.0,41.8686,12.54785,2.0
VIA PARIGI x VIA PASTRENGO,2,0.0,0.0,41.90445,12.496500000000001,2.0
VIA BONAGIUNTA ORBICCIANI DA LUCCA x VIA DANTE DA MAIANO,2,0.0,0.0,41.9567,12.6104,2.0
VIA GIOVANNI ZANARDINI x VIA NOMENTANA,2,0.0,0.0,41.94840000000001,12.5593,2.0
VIA DEL CASALONE x VIA DI LUNGHEZZA,2,0.0,0.0,41.920950000000005,12.6785,2.0
VIA ACCADEMIA TIBERINA x VIA VITTORE CARPACCIO,2,0.0,0.0,41.8476,12.4923,2.0
VIA DI VILLA RICOTTI x VIALE DI VILLA MASSIMO,2,0.0,0.0,41.9157,12.5172,2.0
VIA DEL PONTE DI TOR BOACCIANA x VIA DI TOR BOACCIANA,2,0.0,0.0,41.7539,12.2783,2.0
VIA DEL PONTE PISANO x VIA DELLA PISANA,2,0.0,0.0,41.85275,12.396799999999999,2.0
VIA PORTUENSE x VIALE DEI COLLI PORTUENSI,2,0.0,0.0,41.8666,12.4441,2.0
VIA DEL PONTE PISANO x VIA PORTUENSE,2,0.0,0.0,41.8478,12.4046,2.0
VIA DEL CASALE LUMBROSO x VIA GIOELE SOLARI,2,0.0,0.0,41.8697,12.3577,2.0
VIA DEL CASALE FERRANTI x VIA TUSCOLANA,2,0.0,0.0,41.84065,12.5869,2.0
VIA BARBARESCO x VIA DI ACQUAFREDDA,2,0.0,0.0,41.8955,12.39555,2.0
LUNGOTEVERE DEI TEBALDI x PONTE GIUSEPPE MAZZINI,2,0.0,0.0,41.89545,12.467849999999999,2.0
VIA ADEODATO RESSI x VIA DELLE VIGNE,2,0.0,0.0,41.8404,12.422,2.0
VIA BOVALINO x VIA DI ROCCA CENCIA,2,0.0,0.0,41.8726,12.6909,2.0
VIA BITTI x VIA MODOLO,2,0.0,0.0,41.8885,12.68485,2.0
VIA DEL FORTE BRAVETTA x VIA SILVESTRI,2,0.0,0.0,41.8778,12.4324,2.0
VIA BASILIO BONANNI x VIA GIOVANNI STEFANO ROCCATAGLIATA,2,0.0,0.0,41.8752,12.4519,2.0
VIA PESCAGLIA x VIALE VICOPISANO,2,0.0,0.0,41.8465,12.4596,2.0
VIA GIULIO GAUDINI x VIALE MARESCIALLO PILSUDSKI,2,0.0,0.0,41.9286,12.476099999999999,2.0
VIA PIETRO ROMANO x VIALE DEI ROMANISTI,2,0.0,0.0,41.8675,12.5774,2.0
VIA DOMENICO TARDINI x VIA FRANCESCO ALBERGOTTI,2,0.0,0.0,41.90475,12.42545,2.0
VIA BERNARDINO RAMAZZINI x VIA DI VAL TELLINA,2,0.0,0.0,41.8666,12.4505,2.0
VIA DEL FOSSO DI TOR TRE TESTE x VIA MURACCIO DI RISCHIARO,2,0.0,0.0,41.8867,12.60515,2.0
VIA BERNARDINO ALIMENA x VIA FRANCESCO ANTOLISEI,2,0.0,0.0,41.8469,12.6059,2.0
LUNGOTEVERE ARNALDO DA BRESCIA x LUNGOTEVERE ARNALDO DA BRESCIA,2,0.0,0.0,41.9123,12.4726,2.0
LUNGOTEVERE ARNALDO DA BRESCIA x VIA FERDINANDO DI SAVOIA,2,0.0,0.0,41.91115,12.472999999999999,2.0
VIA PIETRO ROSA x VIALE PAOLO ORLANDO,2,0.0,0.0,41.7311,12.28535,2.0
PIAZZA GALERIA x VIA LATINA,2,0.0,0.0,41.8743,12.5064,2.0
VIA DEL GRANO x VIALE DELLA BELLA VILLA,2,0.0,0.0,41.8735,12.577,2.0
VIA GIUSEPPE AVEZZANA x VIALE DELLE MILIZIE,2,0.0,0.0,41.9135,12.4668,2.0
VIA BERNARDO BLUMENSTIHL x VIA IGEA,2,0.0,0.0,41.93470000000001,12.44215,2.0
VIA BERNARDO DA BIBBIENA x VIA PIETRO BEMBO,2,0.0,0.0,41.9166,12.411,2.0
VIA PIEVEBOVIGLIANA x VIA RECANATI,2,0.0,0.0,41.939949999999996,12.585799999999999,2.0
VIA BELMONTE IN SABINA x VIA BONAGIUNTA ORBICCIANI DA LUCCA,2,0.0,0.0,41.954499999999996,12.60295,2.0
VIA DEL MARE x VIA DELLE AZZORRE,2,0.0,0.0,41.7394,12.2762,2.0
LARGO VOLUMNIA x VIA TUSCOLANA,2,0.0,0.0,41.8557,12.562999999999999,2.0
VIA DOMENICO CIMAROSA x VIALE LIEGI,2,0.0,0.0,41.9212,12.4957,2.0
VIA BELLICO CALPURNIO x VIA ROCCA IMPERIALE,2,0.0,0.0,41.8245,12.609,2.0
VIA BELLICO CALPURNIO x VIA PUBLIO ELIO,2,0.0,0.0,41.826350000000005,12.61445,2.0
VIA DEL SERAFICO x VIALE DEL TINTORETTO,2,0.0,0.0,41.8349,12.4885,2.0
VIA DEL CAUCASO x VIALE DELL'UMANESIMO,2,0.0,0.0,41.8228,12.47065,2.0
VIA PIETRO MASCAGNI x VIA RUGGERO LEONCAVALLO,2,0.0,0.0,41.9364,12.5129,2.0
LARGO PIAZZA TIEN AN MEN x VIALE DELLA GRANDE MURAGLIA,2,0.0,0.0,41.813,12.4413,2.0
VIA BALDASSARRE GALUPPI x VIA GIUSEPPE GALLIGNANI,2,0.0,0.0,41.7401,12.364999999999998,2.0
LUNGOTEVERE DELLA VITTORIA x PIAZZALE MARESCIALLO GIARDINO,2,0.0,0.0,41.9237,12.4579,2.0
VIA OTELLO STEFANINI x VIA TUSCOLANA,2,0.0,0.0,41.841449999999995,12.588149999999999,2.0
LARGO RODOLFO VILLANI x VIA GAETANO PREVIATI,2,0.0,0.0,41.77915,12.3555,2.0
VIA DEL CASALE DI S. BASILIO x VIA PIEVE TORINA,2,0.0,0.0,41.932900000000004,12.585650000000001,2.0
VIA DEL TORRACCIO DI TORRENOVA x VIA ORAZIO BORGIANNI,2,0.0,0.0,41.8684,12.62595,2.0
VIA GIOVANNI PIERLUIGI DA PALESTRINA x VIA MARIANNA DIONIGI,2,0.0,0.0,41.90625,12.47175,2.0
PIAZZA GIUSEPPE GIOACHINO BELLI x PONTE GARIBALDI,2,0.0,0.0,41.8911,12.4744,2.0
VIA DEL CASALE DI S. BASILIO x VIA TINO BUAZZELLI,2,0.0,0.0,41.941050000000004,12.572849999999999,2.0
LUNGOTEVERE DELLE NAVI x PIAZZALE DELLE BELLE ARTI,2,0.0,0.0,41.9176,12.47175,2.0
VIA BRACCIO DA MONTONE x VIA ETTORE GIOVENALE,2,0.0,0.0,41.8894,12.5318,2.0
VIA DEL BOSCHETTO x VIA PANISPERNA,2,0.0,0.0,41.89645,12.4909,2.0
VIA DEL BUCINTORO x VIA DELLE QUINQUEREMI,2,0.0,0.0,41.72325,12.296600000000002,2.0
VIA AZZANELLO x VIA CASTELLUCCHIO,2,0.0,0.0,41.78275,12.328399999999998,2.0
VIA GIUSEPPE ANDREOLI x VIALE GIUSEPPE MAZZINI,1,0.0,0.0,41.9158,12.4626,1.0
PIAZZA DELLE PRIMULE x VIA DEI GLADIOLI,1,0.0,0.0,41.8811,12.5621,1.0
VIA GALLIA x VIA ILLIRIA,1,0.0,0.0,41.8812,12.5029,1.0
VIA GIUSEPPE GREZAR x VIALE ALDO BALLARIN,1,0.0,0.0,41.8344,12.4961,1.0
PIAZZA TEOFRASTO x VIA FILIPPO PARLATORE,1,0.0,0.0,41.8913,12.5642,1.0
VIA GALLESE x VIA ISCHIA DI CASTRO,1,0.0,0.0,41.9687,12.4479,1.0
VIA LAGO TANA x VIA TRIPOLITANIA,1,0.0,0.0,41.9308,12.5203,1.0
PIAZZA STANLIO ED OLLIO x VIA FIUMALBO,1,0.0,0.0,41.7919,12.3953,1.0
VIA GALILEI x VIA TASSO,1,0.0,0.0,41.8909,12.5054,1.0
VIA LAMARMORA x VIA PRINCIPE AMEDEO,1,0.0,0.0,41.8949,12.5069,1.0
PIAZZA ROSOLINO PILO x VIA RAFFAELLO GIOVAGNOLI,1,0.0,0.0,41.8819,12.4608,1.0
VIA GIUSEPPE PEANO x VIA PIETRO BLASERNA,1,0.0,0.0,41.866,12.4715,1.0
VIA GIULIO TARRA x VIA LUIGI RONZONI,1,0.0,0.0,41.8667,12.4466,1.0
PIAZZA ROSELLE x VIA LIDIA,1,0.0,0.0,41.874,12.5108,1.0
VIA GIUSEPPE PARTINI x VIA LUIGI FERRETTI,1,0.0,0.0,41.868,12.5727,1.0
VIA GALBIATE x VIA RUBRA,1,0.0,0.0,41.9952,12.4938,1.0
VIA LEONARDO MELLANO x VIA TRESIGALLO,1,0.0,0.0,41.7781,12.3747,1.0
VIA GENERALE ROBERTO BENCIVENGA x VIA NOMENTANA,1,0.0,0.0,41.959,12.5737,1.0
VIA GIUSEPPE LUNATI x VIA GIUSEPPE TROIANI,1,0.0,0.0,41.86,12.4519,1.0
PIAZZA FRANCESCO CUCCHI x VIA ALESSANDRO ALGARDI,1,0.0,0.0,41.8852,12.4575,1.0
PIAZZA ENRICO MILLO x VIA FERDINANDO ACTON,1,0.0,0.0,41.7324,12.2898,1.0
PIAZZA DI PORTA MAGGIORE x VIA STATILIA,1,0.0,0.0,41.8913,12.5142,1.0
PIAZZA S. GASPARE DEL BUFALO x VIA SERMONETA,1,0.0,0.0,41.8668,12.5318,1.0
VIA GENNARGENTU x VIA MONTE VIGLIO,1,0.0,0.0,41.9438,12.5356,1.0
VIA FRATELLI GUALANDI x VIA OTTAVIO GIGLI,1,0.0,0.0,41.942,12.4212,1.0
VIA GIUSEPPE GREGORACI x VIA RAFFAELE GAROFALO,1,0.0,0.0,41.8436,12.5985,1.0
PIAZZA DELLE FIAMME GIALLE x VIA DELLE FIAMME GIALLE,1,0.0,0.0,41.7307,12.2944,1.0
VIA GASPARE GOZZI x VIALE GIUSTINIANO IMPERATORE,1,0.0,0.0,41.8559,12.4841,1.0
PIAZZA DELLE CROCIATE x VIA PIETRO L'EREMITA,1,0.0,0.0,41.9086,12.5264,1.0
VIA GASPARE GOZZI x VIA VALCO DI S. PAOLO,1,0.0,0.0,41.8521,12.4776,1.0
PIAZZA FABIO SABATINI x VIA ANDREA MONETA,1,0.0,0.0,41.8465,12.5904,1.0
PIAZZA DI PORTA CAPENA x VIALE DEL PARCO DEL CELIO,1,0.0,0.0,41.8842,12.4895,1.0
VIA GIUNIO BAZZONI x VIALE GIUSEPPE MAZZINI,1,0.0,0.0,41.915,12.4592,1.0
PIAZZA FATEBENEFRATELLI x PONTE CESTIO,1,0.0,0.0,,,1.0
VIA GASPARE OLIVERIO x VIA LUIGI ADRIANO MILANI,1,0.0,0.0,41.7687,12.3064,1.0
VIA LEONE MAGNO x VIA MARTINO V,1,0.0,0.0,41.9054,12.4218,1.0
VIA GIUSEPPE ANTONIO BORGESE x VIA VINCENZO ERRANTE,1,0.0,0.0,,,1.0
VIA GASPARA STAMPA x VIA GIOVANNI VERGA,1,0.0,0.0,41.9471,12.5592,1.0
PIAZZA QUINTO CURZIO x VIA ORAZIO PULVILLO,1,0.0,0.0,41.8555,12.5688,1.0
VIA GIUSEPPE ARMELLINI x VIALE LUCA GAURICO,1,0.0,0.0,41.8218,12.4927,1.0
PIAZZA REGINA PACIS x VIA VINCENZO VANNUTELLI,1,0.0,0.0,41.7309,12.2806,1.0
PIAZZA FILIPPO ANDREA DORIA PAMPHILI x VIA FRANCESCO CRISPIGNI,1,0.0,0.0,41.8603,12.4534,1.0
PIAZZA RICCARDO BALSAMO CRIVELLI x VIA ALBERTO BERGAMINI,1,0.0,0.0,41.906,12.5513,1.0
VIA FRASCATI x VICOLO DELL'ACQUEDOTTO FELICE,1,0.0,0.0,41.8646,12.5426,1.0
VIA GARGANO x VIA LILIBEO,1,0.0,0.0,41.9362,12.5342,1.0
VIA LAGO DI LESINA x VIA MASSACIUCCOLI,1,0.0,0.0,41.9263,12.5148,1.0
VIA GIUSEPPE PEREGO x VIA ILDEBRANDO VIVANTI,1,0.0,0.0,41.8042,12.4408,1.0
PIAZZA RIO DE JANEIRO x VIALE REGINA MARGHERITA,1,0.0,0.0,41.9142,12.5051,1.0
VIA LARI x VIA PESCAGLIA,1,0.0,0.0,41.8487,12.4609,1.0
VIA GALVANI x VIA MARMORATA,1,0.0,0.0,41.8786,12.479,1.0
PIAZZA FRANCESCO MOROSINI x VIA UGO BARTOLOMEI,1,0.0,0.0,41.9093,12.4464,1.0
PIAZZA ROBERTO MALATESTA x VIA ZENODOSSIO,1,0.0,0.0,41.8877,12.5407,1.0
PIAZZA DI PORTA CAPENA x VIA DI SAN GREGORIO,1,0.0,0.0,41.8842,12.4895,1.0
VIA GALVANI x VIA MASTRO GIORGIO,1,0.0,0.0,41.8791,12.4769,1.0
PIAZZA FILIPPO CARLI x VIA GIUSTINO FORTUNATO,1,0.0,0.0,41.9462,12.4666,1.0
VIA GALATEA x VIA PALATA,1,0.0,0.0,41.9196,12.6144,1.0
PIAZZA SERRULE x VIA DI ROCCA CENCIA,1,0.0,0.0,41.865,12.6885,1.0
PIAZZA DI PIETRA x VIA DI PIETRA,1,0.0,0.0,41.8999,12.4791,1.0
VIA GIUSEPPE MARCOTTI x VIA VINCENZO MORELLO,1,0.0,0.0,41.9095,12.5398,1.0
VIA GABRINO FONDULO x VIA ZENODOSSIO,1,0.0,0.0,41.8866,12.5396,1.0
VIA LATTANZIO x VIA PETRONIO ARBITRO,1,0.0,0.0,41.912,12.44,1.0
PIAZZA SEMPRONIO ASELLIO x VIALE MARCO FULVIO NOBILIORE,1,0.0,0.0,41.8612,12.5662,1.0
PIAZZA SABAUDIA x VIA ALATRI,1,0.0,0.0,41.8931,12.5576,1.0
VIA LATTARICO x VIA LUCIO TREBELLIO,1,0.0,0.0,41.8228,12.6124,1.0
VIA GABRIELLA RASPONI x VIALE FRA' ANDREA DI GIOVANNI,1,0.0,0.0,,,1.0
VIA GIUSEPPE MARTUCCI x VIALE ARRIGO BOITO,1,0.0,0.0,41.9369,12.516,1.0
VIA GIUSEPPE FERRARI x VIA NICOLA RICCIOTTI,1,0.0,0.0,41.9142,12.4645,1.0
VIA GABRIELE TORREMUZZA x VIA UGO RELLINI,1,0.0,0.0,41.7642,12.3069,1.0
VIA LAZZARO CATTANEO x VIA MARTINO MARTINI,1,0.0,0.0,41.785,12.3341,1.0
VIA LAZIO x VIA VITTORIO VENETO,1,0.0,0.0,41.9088,12.4888,1.0
PIAZZA FRANCESCO CONTEDUCA x VIA CAPO PALINURO,1,0.0,0.0,41.7361,12.2867,1.0
VIA GABRIELE ROSSETTI x VIA GIACINTO CARINI,1,0.0,0.0,41.8852,12.4609,1.0
VIA LAURENTINA x VIALE OSCAR SINIGAGLIA,1,0.0,0.0,41.8103,12.4856,1.0
VIA LATTARICO x VIA ROCCA IMPERIALE,1,0.0,0.0,41.8224,12.6115,1.0
PIAZZA DI MONTE CITORIO x VIA DEGLI UFFICI DEL VICARIO,1,0.0,0.0,41.9011,12.4771,1.0
VIA FULVIO BERNARDINI x VIALE ERMINIO SPALLA,1,0.0,0.0,41.8323,12.514,1.0
PIAZZA SAN DONA' DI PIAVE x VIA NOTO,1,0.0,0.0,41.8796,12.5192,1.0
VIA GIUSEPPE CEI x VIALE DELL'ACQUEDOTTO ALESSANDRINO,1,0.0,0.0,41.8768,12.5469,1.0
VIA GIUSEPPE MARTELLOTTI x VIA SETTIMIO DI VICO,1,0.0,0.0,41.8639,12.5832,1.0
VIA FURIO CICOGNA x VIA TIBURTINA,1,0.0,0.0,41.924,12.5676,1.0
PIAZZA SEMPIONE x VIA MONTE SUBASIO,1,0.0,0.0,41.9357,12.5353,1.0
PIAZZA FILIPPO CARLI x VIA FRANCESCO COLETTI,1,0.0,0.0,41.9464,12.4648,1.0
VIA GIUSEPPE CERBARA x VIALE CARLO TOMMASO ODESCALCHI,1,0.0,0.0,41.8549,12.5002,1.0
PIAZZA DI FIRENZE x VIA DEI PREFETTI,1,0.0,0.0,41.9023,12.4759,1.0
PIAZZA FONTE DEGLI ACILII x VIA ESCHILO,1,0.0,0.0,,,1.0
VIA LAURENTINA x VIA POMPOSA,1,0.0,0.0,41.8476,12.4786,1.0
VIA GIUSEPPE MEZZOFANTI x VIA S. IGINO PAPA,1,0.0,0.0,41.9149,12.4158,1.0
PIAZZA SIDNEY SONNINO x PIAZZA SIDNEY SONNINO,1,0.0,0.0,41.8889,12.474,1.0
VIA GAETANO ZIRARDINI x VIA PIAN DI SCO,1,0.0,0.0,41.9618,12.5185,1.0
VIA GAETA x VIA PALESTRO,1,0.0,0.0,41.9061,12.5031,1.0
VIA LAURENTINA x VIALE DELL'UMANESIMO,1,0.0,0.0,41.8207,12.479,1.0
PIAZZA FRANCESCO CONTEDUCA x VIA GALLI DELLA MANTICA,1,0.0,0.0,41.7357,12.2881,1.0
VIA GAETANO PREVIATI x VIA GIOVANNI VILLANI,1,0.0,0.0,41.779,12.3552,1.0
VIA LEON PANCALDO x VIA LUCA TARIGO,1,0.0,0.0,41.86,12.5008,1.0
VIA GIUSEPPE LUNATI x VIA PIETRO VENTURI,1,0.0,0.0,41.8576,12.4516,1.0
VIA LARI x VIA PIAN DUE TORRI,1,0.0,0.0,41.8496,12.4621,1.0
PIAZZA ETTORE VIOLA x VIA VINCENZO GIUDICE,1,0.0,0.0,41.8455,12.5861,1.0
VIA GAETANO MAZZONI x VIA SUOR MARIA AGOSTINA,1,0.0,0.0,41.9052,12.3915,1.0
PIAZZA FRANCESCO CONTEDUCA x VIA DIEGO SIMONETTI,1,0.0,0.0,41.7357,12.2881,1.0
PIAZZA DI PONTE UMBERTO I x VIA DI MONTE BRIANZO,1,0.0,0.0,41.9026,12.4736,1.0
VIA GIUSEPPE NICOLINI x VIA SAN CANDIDO,1,0.0,0.0,41.7259,12.3596,1.0
VIA GAETANO MARTINO x VIA NAZZARENO DE ANGELIS,1,0.0,0.0,41.9633,12.5235,1.0
VIA GAETANO GIORGIO GEMMELLARO x VIA MICHELE GORTANI,1,0.0,0.0,41.9206,12.5494,1.0
VIA GIUSEPPE BELLUZZO x VIA PORTUENSE,1,0.0,0.0,41.8626,12.4619,1.0
VIA GIUSEPPE BERNARDO GAMBARO x VIA GIUSEPPE DA GALLIATE,1,0.0,0.0,41.7823,12.3543,1.0
VIA LATERINA x VIA RADICOFANI,1,0.0,0.0,41.9728,12.5155,1.0
VIA GAETANO DE FELICE x VIA RENZO BERTANI,1,0.0,0.0,41.7757,12.4403,1.0
PIAZZA DI PONTE S. ANGELO x VIA DI PANICO,1,0.0,0.0,41.9012,12.4668,1.0
PIAZZA DI PONTE S. ANGELO x VIA DEL BANCO DI S. SPIRITO,1,0.0,0.0,41.9012,12.4665,1.0
VIA GIUSEPPE BIADEGO x VIA ILARIO CORTE,1,0.0,0.0,41.9542,12.397,1.0
VIA GIUSEPPE FERRARI x VIALE DELLE MILIZIE,1,0.0,0.0,41.9129,12.4653,1.0
VIA LEARCO GUERRA x VIALE ERMINIO SPALLA,1,0.0,0.0,41.8325,12.5123,1.0
VIA GIULIO LUSI x VIA LINO GUCCI,1,0.0,0.0,41.9299,12.3721,1.0
VIA LATINA x VIA RAFFAELE DE CESARE,1,0.0,0.0,41.871,12.5191,1.0
VIA LATINA x VIA TALAMONE,1,0.0,0.0,41.8753,12.5048,1.0
PIAZZA S. GIOVANNI DI DIO x VIA FEDERICO OZANAM,1,0.0,0.0,41.8744,12.4467,1.0
VIA GAETANO ASTOLFI x VIA LEONARDO GREPPI,1,0.0,0.0,41.8628,12.4588,1.0
VIA GAETA x VIA VOLTURNO,1,0.0,0.0,41.9056,12.502,1.0
PIAZZA S. LEONARDO DA PORTO MAURIZIO x VIA DANIELE DA SAMARATE,1,0.0,0.0,41.7832,12.3655,1.0
VIA GAETANO RAPPINI x VIA MENOTTI GARIBALDI,1,0.0,0.0,41.8618,12.4546,1.0
VIA GEROLAMO CARDANO x VIA VINCENZO BRUNACCI,1,0.0,0.0,41.8623,12.4674,1.0
PIAZZA PIO XI x VIA DELLA CONCILIAZIONE,1,0.0,0.0,41.9025,12.4643,1.0
VIA GIOVANNI SGAMBATI x VIA PINCIANA,1,0.0,0.0,41.9123,12.4924,1.0
PIAZZA GIULIANO DELLA ROVERE x VIA ANGELO CELLI,1,0.0,0.0,41.7298,12.2803,1.0
PIAZZA MANFREDO FANTI x VIA FILIPPO TURATI,1,0.0,0.0,41.8972,12.5046,1.0
PIAZZA DI S. GIOVANNI IN LATERANO x VIA DI S. GIOVANNI IN LATERANO,1,0.0,0.0,41.8873,12.5034,1.0
VIA GIOVANNI ARTUSI x VIA LAERTE,1,0.0,0.0,41.8696,12.6156,1.0
PIAZZA MADONNA DEL CENACOLO x VIA DELLA BALDUINA,1,0.0,0.0,41.9249,12.4392,1.0
VIA GIOVANNI BATTISTA CIGOLA x VIA GIOVANNI BATTISTA SCOZZA,1,0.0,0.0,41.8687,12.6466,1.0
VIA GIOVANNI BATTISTA DA PESARO x VIALE FRA' ANDREA DI GIOVANNI,1,0.0,0.0,41.7844,12.3427,1.0
VIA GIOVANNI SEVERANO x VIA VINCENZO FORCELLA,1,0.0,0.0,41.9144,12.5195,1.0
VIA GUGLIELMINA RONCONI x VIA LIBERATO PALENCO,1,0.0,0.0,41.9343,12.5685,1.0
PIAZZA DI S. GIOVANNI IN LATERANO x VIA EMANUELE FILIBERTO,1,0.0,0.0,41.8862,12.5093,1.0
VIA GIOVANNI BATTISTA DELPONTE x VIALE ALESSANDRINO,1,0.0,0.0,41.8768,12.5787,1.0
PIAZZA DI S. MACUTO x VIA DI S. IGNAZIO,1,0.0,0.0,41.8989,12.4795,1.0
VIA GOITO x VIA VENTI SETTEMBRE,1,0.0,0.0,41.9075,12.4988,1.0
PIAZZA LORENZO NOTTOLINI x VIALE FRANCESCO CALTAGIRONE,1,0.0,0.0,41.9124,12.6521,1.0
VIA GIOVANNI BATTISTA MORGAGNI x VIALE DEL POLICLINICO,1,0.0,0.0,41.9098,12.5105,1.0
PIAZZA LORENZO NOTTOLINI x VIA GUSTAVO COLONNETTI,1,0.0,0.0,41.912,12.6521,1.0
PIAZZA DI VILLA FIORELLI x VIA TERNI,1,0.0,0.0,41.8849,12.5226,1.0
PIAZZA MARIANO ARMELLINI x PIAZZA ORESTE TOMMASINI,1,0.0,0.0,41.9188,12.5226,1.0
VIA GIOVANNI SONCELLI x VIA ILDEBRANDO VIVANTI,1,0.0,0.0,41.8044,12.4416,1.0
VIA GIOVAN DOMENICO NARDO x VIA UBALDO MONTELATICI,1,0.0,0.0,41.7955,12.5345,1.0
VIA GIORDANO BRUNO x VIA PAOLO SARPI,1,0.0,0.0,41.9123,12.4521,1.0
VIA GIUSEPPE VERATTI x VIALE GUGLIELMO MARCONI,1,0.0,0.0,41.8522,12.4731,1.0
PIAZZA MENENIO AGRIPPA x VIA MAIELLA,1,0.0,0.0,41.935,12.5348,1.0
PIAZZA GIOVENALE x VIA LATTANZIO,1,0.0,0.0,41.9128,12.4415,1.0
PIAZZA MELOZZO DA FORLI' x VIALE DEL VIGNOLA,1,0.0,0.0,41.9259,12.4642,1.0
VIA GIUSEPPE VERONESE x VIA ODERISI DA GUBBIO,1,0.0,0.0,41.8666,12.465,1.0
VIA GIORGIO PITACCO x VIA SILVIO BENCO,1,0.0,0.0,41.8947,12.5475,1.0
PIAZZA DI S. EMERENZIANA x VIA COLLALTO SABINO,1,0.0,0.0,41.9291,12.5161,1.0
VIA GIOSUE' BORSI x VIA RUGGERO FAURO,1,0.0,0.0,41.9282,12.4875,1.0
PIAZZA DI S. EMERENZIANA x VIA NEMORENSE,1,0.0,0.0,41.9271,12.5107,1.0
VIA GIUSTINO FORTUNATO x VIA LUIGI BODIO,1,0.0,0.0,41.9451,12.4657,1.0
PIAZZA DIGIONE x VIA GIAN GIACOMO PORRO,1,0.0,0.0,41.9279,12.4904,1.0
PIAZZA DI S. GIOVANNI IN LATERANO x PIAZZA DI S. GIOVANNI IN LATERANO,1,0.0,0.0,41.8869,12.5068,1.0
PIAZZA MARIANO ARMELLINI x VIA PISA,1,0.0,0.0,41.9186,12.5223,1.0
PIAZZA DI S. GIOVANNI IN LATERANO x PIAZZA GIOVANNI PAOLO II,1,0.0,0.0,41.8869,12.5068,1.0
VIA GORGA x VIA PIERO CORTI,1,0.0,0.0,41.9024,12.6733,1.0
VIA GIOVANNI BATTISTA PESCETTI x VIA GIOVANNI BOTTESINI,1,0.0,0.0,41.7437,12.3684,1.0
PIAZZA FABIO SABATINI x VIA UBALDO COMANDINI,1,0.0,0.0,41.8465,12.5914,1.0
PIAZZA DI VILLA CARPEGNA x VIA GREGORIO VII,1,0.0,0.0,41.8954,12.4296,1.0
VIA GIOVANNI DE AGOSTINI x VIA LUIGI FILIPPO DE MAGISTRIS,1,0.0,0.0,41.8871,12.5307,1.0
PIAZZA GIUSEPPE CARDINALI x VIA CAMILLO MANFRONI,1,0.0,0.0,41.8741,12.5457,1.0
VIA GIOVANNI DE AGOSTINI x VIALE ARCANGELO GHISLERI,1,0.0,0.0,41.8862,12.53,1.0
VIA GRONDONA x VIA MONTE DEL MARMO,1,0.0,0.0,41.9287,12.3878,1.0
PIAZZA GUIDO PIOVENE x VIALE IGNAZIO SILONE,1,0.0,0.0,41.8124,12.4662,1.0
VIA GRAVEDONA x VIA REZZATO,1,0.0,0.0,41.9532,12.3801,1.0
VIA GROENLANDIA x VIALE DELL'ESPERANTO,1,0.0,0.0,41.8277,12.463,1.0
VIA GREGORIO IX x VIA SISTO IV,1,0.0,0.0,41.892,12.4067,1.0
PIAZZA DI S. MARIA CONSOLATRICE x VIA DI CASAL BERTONE,1,0.0,0.0,41.8981,12.5354,1.0
PIAZZA GUGLIELMO MARCONI x VIA LISZT,1,0.0,0.0,41.8335,12.4711,1.0
PIAZZA DI SPAGNA x VIA DEI DUE MACELLI,1,0.0,0.0,41.9049,12.4831,1.0
PIAZZA GIUSEPPE GIOACHINO BELLI x VIA GUSTAVO MODENA,1,0.0,0.0,41.8902,12.4744,1.0
PIAZZA GONDAR x VIALE ETIOPIA,1,0.0,0.0,41.9333,12.5209,1.0
VIA GIOVANNI GUARESCHI x VIALE FILIPPO TOMMASO MARINETTI,1,0.0,0.0,41.807,12.4781,1.0
PIAZZA DI TOR S. MICHELE x VIA RUTILIO NAMAZIANO,1,0.0,0.0,41.7312,12.2756,1.0
PIAZZA GIUSEPPE MAZZINI x VIA LUIGI SETTEMBRINI,1,0.0,0.0,41.9161,12.4641,1.0
VIA GIOVANNI D'ANDREA x VIA PIETRO BEMBO,1,0.0,0.0,41.922,12.4137,1.0
PIAZZA DI S. ONOFRIO x SALITA DI S. ONOFRIO,1,0.0,0.0,,,1.0
VIA GRATTERI x VIA PETRALIA SOTTANA,1,0.0,0.0,41.8669,12.6727,1.0
PIAZZA DI VILLA FIORELLI x VIA CASTROVILLARI,1,0.0,0.0,41.885,12.5221,1.0
PIAZZA DI S. MARIA DEL SOCCORSO x VIA TIBURTINA,1,0.0,0.0,41.9151,12.5615,1.0
PIAZZA LORENZO LOTTO x VIA GIULIO ARISTIDE SARTORIO,1,0.0,0.0,41.8518,12.4994,1.0
VIA GIOVANNI BOVIO x VIA RAFFAELE CAVERNI,1,0.0,0.0,41.9126,12.4511,1.0
PIAZZA DI S. MARIA IN TRASTEVERE x VIA EMILIO MOROSINI,1,0.0,0.0,41.8896,12.4703,1.0
VIA GIOVANNI BRANCA x VIA LORENZO GHIBERTI,1,0.0,0.0,,,1.0
PIAZZA DI S. MARIA MAGGIORE x VIA MERULANA,1,0.0,0.0,41.8918,12.502,1.0
PIAZZA DI S. MONICA x VIA DEI PESCHERECCI,1,0.0,0.0,41.7366,12.2728,1.0
PIAZZA DI S. MONICA x VIA DELLE GONDOLE,1,0.0,0.0,41.7365,12.2729,1.0
PIAZZA LODI x VIA ALGHERO,1,0.0,0.0,,,1.0
VIA GIOVANNI SCHIAPARELLI x VIALE BRUNO BUOZZI,1,0.0,0.0,41.9214,12.4817,1.0
VIA GIOVANNI PRINI x VIALE LUIGI GUGLIELMI,1,0.0,0.0,41.7995,12.4331,1.0
VIA GRADISCA x VIA PARENZO,1,0.0,0.0,41.9212,12.5128,1.0
VIA GIOVANNI PITTALUGA x VIA GIUSEPPE GALLIANO,1,0.0,0.0,41.9001,12.536,1.0
VIA GROTTAZZOLINA x VIA SALARIA,1,0.0,0.0,41.9878,12.5089,1.0
VIA GRAN BRETAGNA x VIA PIETRO DE COUBERTIN,1,0.0,0.0,41.9302,12.4748,1.0
PIAZZA GIOVANNI SEGANTINI x VIA LUDOVICO BREA,1,0.0,0.0,41.778,12.3552,1.0
PIAZZA MENENIO AGRIPPA x VIA MONTE SUBASIO,1,0.0,0.0,41.9349,12.5358,1.0
VIA GERMANA STEFANINI x VIA ISCHIA DI CASTRO,1,0.0,0.0,41.9707,12.4486,1.0
PIAZZA OTTAVIANO VIMERCATI x VIA ALESSANDRO FORTIS,1,0.0,0.0,41.9587,12.5244,1.0
VIA JACOPO SANNAZZARO x VIA MONTE MACERETO,1,0.0,0.0,41.9391,12.5411,1.0
VIA GIACOMO CARISSIMI x VIA SAVERIO MERCADANTE,1,0.0,0.0,41.9188,12.4906,1.0
PIAZZA DI PORTA METRONIA x VIA DRUSO,1,0.0,0.0,41.8823,12.4982,1.0
PIAZZA DI PORTA PORTESE x PONTE SUBLICIO,1,0.0,0.0,41.8837,12.4747,1.0
VIA GIACOMO CASOGLIO x VIA GIANNINA MILLI,1,0.0,0.0,41.9433,12.4219,1.0
PIAZZA GEREMIA BONOMELLI x VIA FRANCESCO ORAZIO DA PENNABILLI,1,0.0,0.0,41.8648,12.4918,1.0
VIA GIUSEPPE ROSATI x VIA LORENZO DELLEANI,1,0.0,0.0,41.9004,12.5891,1.0
PIAZZA ODERICO DA PORDENONE x VIA GUGLIELMO MASSAIA,1,0.0,0.0,41.8602,12.4942,1.0
VIA GIULIO BERTONI x VIA PIO RAJNA,1,0.0,0.0,41.7356,12.3507,1.0
VIA ISIDORO DEL LUNGO x VIA JACOPONE DA TODI,1,0.0,0.0,41.9437,12.5537,1.0
VIA GIACOMO DINA x VIA GUSTAVO D'ARPE,1,0.0,0.0,41.7653,12.4758,1.0
PIAZZA NICOSIA x VIA DI MONTE BRIANZO,1,0.0,0.0,41.9032,12.4748,1.0
PIAZZA ENER BETTICA x VIA DELLE AZZORRE,1,0.0,0.0,41.7407,12.2709,1.0
VIA GIULIO CESARE TELONI x VIA SISTO SCAGLIA,1,0.0,0.0,41.7683,12.312,1.0
PIAZZA NAVONA x VIA DELLA CUCCAGNA,1,0.0,0.0,41.8992,12.4731,1.0
PIAZZA NAVONA x VIA DE' CANESTRARI,1,0.0,0.0,41.8979,12.474,1.0
PIAZZA OTTAVIANO VIMERCATI x VIA DELL'ATENEO SALESIANO,1,0.0,0.0,41.9587,12.5244,1.0
VIA GIACOMO BOVE x VIA PELLEGRINO MATTEUCCI,1,0.0,0.0,41.8712,12.4815,1.0
PIAZZA PANTERO PANTERA x VIA LUIGI FINCATI,1,0.0,0.0,41.8637,12.4838,1.0
PIAZZA DI PORTA METRONIA x VIA DELLA NAVICELLA,1,0.0,0.0,41.8824,12.4984,1.0
VIA LA GOLETTA x VIA TOLEMAIDE,1,0.0,0.0,41.91,12.4538,1.0
VIA L'AQUILA x VIA PESARO,1,0.0,0.0,41.8905,12.5256,1.0
PIAZZA ENRICO MARTINI x VIALE BARTOLOMEO CAVACEPPI,1,0.0,0.0,41.7971,12.4308,1.0
PIAZZA GALERIA x VIA CILICIA,1,0.0,0.0,41.8737,12.506,1.0
PIAZZA PIER CARLO TALENTI x VIA TEOFILO FOLENGO,1,0.0,0.0,41.9442,12.5476,1.0
VIA GERMANICO x VIA SILLA,1,0.0,0.0,41.9082,12.4597,1.0
VIA KIICIRO TOYODA x VIALE GAETANO ARTURO CROCCO,1,0.0,0.0,41.8239,12.3964,1.0
PIAZZA DI PORTA MAGGIORE x VIALE DELLO SCALO S. LORENZO,1,0.0,0.0,41.8923,12.5153,1.0
VIA GEROCARNE x VIA MONGIANA,1,0.0,0.0,41.7946,12.3775,1.0
PIAZZA PIER CARLO TALENTI x VIA LUIGI CAPUANA,1,0.0,0.0,41.9441,12.5474,1.0
PIAZZA PIER CARLO TALENTI x VIA ETTORE ROMAGNOLI,1,0.0,0.0,41.9441,12.5474,1.0
PIAZZA DI VILLA CARPEGNA x VIA DELLA MADONNA DEL RIPOSO,1,0.0,0.0,41.8954,12.4296,1.0
PIAZZA PIA x VIA DELLA CONCILIAZIONE,1,0.0,0.0,41.9025,12.4644,1.0
VIA GIACINTA PEZZANA x VIA SERGIO LEONE,1,0.0,0.0,41.9318,12.4946,1.0
VIA GIACINTO CARINI x VIA ORESTE REGNOLI,1,0.0,0.0,,,1.0
VIA GIAMBATTISTA VICO x VIA LUISA DI SAVOIA,1,0.0,0.0,41.9164,12.473,1.0
VIA ISCHIA DI CASTRO x VIA VITO SINISI,1,0.0,0.0,41.9673,12.4533,1.0
VIA GINORI x VIA GIOVANNI BATTISTA BODONI,1,0.0,0.0,41.879,12.4747,1.0
PIAZZA DI S. CHIARA x VIA DI TORRE ARGENTINA,1,0.0,0.0,41.8976,12.4764,1.0
PIAZZA DOMENICO QUARANTA x VIA EDMONDO BRUNO ARNAUD,1,0.0,0.0,41.8038,12.4495,1.0
VIA GIGGI PIZZIRANI x VIALE DEI ROMANISTI,1,0.0,0.0,41.8675,12.5774,1.0
VIA GIULIO ARISTIDE SARTORIO x VIA RAFFAELE SORBI,1,0.0,0.0,41.8533,12.5061,1.0
PIAZZA DI PRISCILLA x VIA DI TOR FIORENZA,1,0.0,0.0,41.9302,12.509,1.0
VIA GIGGI SPADUCCI x VIA NOMENTANA,1,0.0,0.0,41.959,12.5737,1.0
VIA HERBERT SPENCER x VIA SCIPIO SIGHELE,1,0.0,0.0,41.9008,12.5639,1.0
VIA HERBERT SPENCER x VIA PISINO,1,0.0,0.0,41.9003,12.5617,1.0
PIAZZA DI S. CLAUDIO x PIAZZA DI S. CLAUDIO,1,0.0,0.0,41.9022,12.4812,1.0
VIA IPPOLITO DESIDERI x VIA LA CORSESCA,1,0.0,0.0,41.78,12.3435,1.0
PIAZZA GIOVANNI BATTISTA BOTTERO x VIA GIUSEPPE ANDRE',1,0.0,0.0,41.7273,12.2956,1.0
VIA GIUSEPPE TROIANI x VIA PORTUENSE,1,0.0,0.0,41.8469,12.414,1.0
PIAZZA MENENIO AGRIPPA x VIA NOMENTANA,1,0.0,0.0,41.9349,12.5358,1.0
PIAZZA DI S. CLEMENTE x VIA DI S. GIOVANNI IN LATERANO,1,0.0,0.0,41.889,12.4981,1.0
PIAZZA GIOVANNI DA VERRAZZANO x VIA BARTOLOMEO DIAZ,1,0.0,0.0,41.8688,12.4904,1.0
VIA GIROLAMO INDUNO x VIA JACOPA DE' SETTESOLI,1,0.0,0.0,41.885,12.4725,1.0
PIAZZA GIOVANNI RANDACCIO x VIA TIMAVO,1,0.0,0.0,41.9211,12.4617,1.0
VIA GIBILMANNA x VIALE GUGLIELMO MARCONI,1,0.0,0.0,41.847,12.4758,1.0
VIA IGNAZIO RIBOTTI x VIA PIETRO MARONCELLI,1,0.0,0.0,41.8541,12.4494,1.0
VIA IGNAZIO SCIMONELLI x VIA PIETRO ROSANO,1,0.0,0.0,41.8451,12.5947,1.0
PIAZZA EDOARDO PERSICO x VIA DEL FORTE TIBURTINO,1,0.0,0.0,41.9063,12.5593,1.0
VIA GIAN RINALDO CARLI x VIA PIETRO CROSTAROSA,1,0.0,0.0,41.829,12.5924,1.0
PIAZZA DI PORTA S. GIOVANNI x PORTA ASINARIA,1,0.0,0.0,41.8857,12.5092,1.0
VIA GIANFILIPPO USELLINI x VIA GIOVANNI BARTOLENA,1,0.0,0.0,41.773,12.3789,1.0
PIAZZA MONTE TUFONE x VIA GRAN SASSO,1,0.0,0.0,41.9369,12.5371,1.0
PIAZZA ELIO RUFINO x VIALE CRISTOFORO COLOMBO,1,0.0,0.0,41.8586,12.4965,1.0
VIA GIANNETTO VALLI x VIALE PROSPERO COLONNA,1,0.0,0.0,41.8563,12.4527,1.0
PIAZZA MONTE DI TAI x VIALE PECHINO,1,0.0,0.0,41.8071,12.4353,1.0
PIAZZA MONTE DI TAI x VIALE DELLA GRANDE MURAGLIA,1,0.0,0.0,41.8073,12.4354,1.0
VIA GIARRATANA x VIA SICULIANA,1,0.0,0.0,41.8716,12.6537,1.0
VIA INCISA IN VAL D'ARNO x VIA SAN LEO,1,0.0,0.0,41.9803,12.5115,1.0
PIAZZA MONDAVIO x VIA SANT'ELPIDIO A MARE,1,0.0,0.0,41.9208,12.7242,1.0
PIAZZA DI PORTA S. PAOLO x VIA MARMORATA,1,0.0,0.0,41.877,12.4819,1.0
PIAZZA GEREMIA BONOMELLI x VIA ROBERTO DE NOBILI,1,0.0,0.0,41.8648,12.4917,1.0
PIAZZA MINCIO x VIA TANARO,1,0.0,0.0,41.9188,12.5023,1.0
PIAZZA DI PORTA S. PAOLO x VIA RAFFAELE PERSICHETTI,1,0.0,0.0,41.877,12.4819,1.0
VIA GIOBERTI x VIA NAPOLEONE III,1,0.0,0.0,41.8988,12.5005,1.0
VIA MOROLO x VIA TIBURTINA,1,0.0,0.0,41.9375,12.6191,1.0
PIAZZA DELLE COPPELLE x VIA DELLE COPPELLE,1,0.0,0.0,41.9006,12.4759,1.0
LARGO DI S. SUSANNA x PIAZZA S. BERNARDO,1,0.0,0.0,,,1.0
VIA SCRIBONIO CURIONE x VIA VESTRICIO SPURINNA,1,0.0,0.0,41.8645,12.5546,1.0
LARGO DELLA FONTANELLA DI BORGHESE x PIAZZA BORGHESE,1,0.0,0.0,41.9036,12.4765,1.0
LARGO DELLA PRIMAVERA x VIA DEI GELSI,1,0.0,0.0,41.8878,12.5618,1.0
VIA SCARLINO x VICOLO DEL MONTE DELLE CAPRE,1,0.0,0.0,41.8468,12.43,1.0
VIA SAVOCA x VIA TORREGROTTA,1,0.0,0.0,41.8688,12.6773,1.0
LARGO DELLA SANITA' MILITARE x LARGO DELLA SANITA' MILITARE,1,0.0,0.0,41.8861,12.4957,1.0
LARGO DELLA SANITA' MILITARE x VIA CLAUDIA,1,0.0,0.0,41.8861,12.4957,1.0
VIA SARDIGLIANO x VIA SUOR MARIA AGOSTINA,1,0.0,0.0,41.904,12.3869,1.0
VIA SANTO STEFANO QUISQUINA x VIA SICULIANA,1,0.0,0.0,41.8716,12.6537,1.0
LARGO DELLE TERME DI CARACALLA x PIAZZALE NUMA POMPILIO,1,0.0,0.0,,,1.0
VIA SANT'ELPIDIO A MARE x VIA SERRA SAN QUIRICO,1,0.0,0.0,41.9143,12.7292,1.0
LARGO DI S. LUCA EVANGELISTA x VIA ROBERTO MALATESTA,1,0.0,0.0,41.8876,12.5368,1.0
VIA SAN MARTINO DELLA BATTAGLIA x VIA VILLAFRANCA,1,0.0,0.0,41.9056,12.5045,1.0
VIA SAN MARTINO DELLA BATTAGLIA x VIA SOMMACAMPAGNA,1,0.0,0.0,41.9056,12.5045,1.0
VIA SAN GIORGIO IONICO x VIA SAVA,1,0.0,0.0,41.8562,12.653,1.0
LARGO DEL TRITONE x VIA DEL TRITONE,1,0.0,0.0,41.9028,12.4853,1.0
LARGO DI S. SUSANNA x VIA LEONIDA BISSOLATI,1,0.0,0.0,41.9049,12.4932,1.0
VIA SALVIATI x VIA TEOFILO PATINI,1,0.0,0.0,41.907,12.584,1.0
LARGO DI VILLA MASSIMO x VIA GIOVANNI BATTISTA DE ROSSI,1,0.0,0.0,41.916,12.5161,1.0
LARGO DI VILLA PERETTI x VIA DEL VIMINALE,1,0.0,0.0,41.9018,12.4982,1.0
LARGO DON GINO CESCHELLI x VIA ALBERTO ASCARI,1,0.0,0.0,41.8337,12.5079,1.0
VIA SALVATORE LORIZZO x VIALE DEI CADUTI PER LA RESISTENZA,1,0.0,0.0,41.7842,12.4411,1.0
LARGO ENZO FIORITTO x VIALE GIOTTO,1,0.0,0.0,41.879,12.4894,1.0
LARGO FRANCESCO VITO x VIA DELLA PINETA SACCHETTI,1,0.0,0.0,41.9331,12.4264,1.0
VIA SALAMANCA x VIALE DELL'ARCHIGINNASIO,1,0.0,0.0,41.8532,12.6331,1.0
VIA SAINT-VINCENT x VIALE CORTINA D'AMPEZZO,1,0.0,0.0,41.9421,12.4382,1.0
LARGO GAETANO DE SANCTIS x VIA GIULIO CESARE CORDARA,1,0.0,0.0,,,1.0
VIA S. TOMMASO D'AQUINO x VIA TRIONFALE,1,0.0,0.0,41.9145,12.4506,1.0
VIA S. LORENZO DA BRINDISI x VIALE GUGLIELMO MASSAIA,1,0.0,0.0,41.862,12.4933,1.0
LARGO GAETANO LA LOGGIA x VIALE GIUSEPPE SIRTORI,1,0.0,0.0,41.8556,12.4484,1.0
LARGO DELL'AMBA ARADAM x PIAZZA DI PORTA METRONIA,1,0.0,0.0,41.8825,12.4984,1.0
VIA SERVIGLIANO x VIA TALAMELLO,1,0.0,0.0,41.9811,12.5183,1.0
LARGO GIACOMO BRESADOLA x VIA GIOVANNI ARCANGELI,1,0.0,0.0,41.8922,12.5613,1.0
VIA STATILIO OTTATO x VIALE PALMIRO TOGLIATTI,1,0.0,0.0,41.8575,12.5707,1.0
VIA TEANO x VIALE PARTENOPE,1,0.0,0.0,41.8896,12.5516,1.0
VIA TARQUINIO PRISCO x VIALE FURIO CAMILLO,1,0.0,0.0,41.8762,12.5251,1.0
VIA TARQUINIO PRISCO x VIA VETURIA,1,0.0,0.0,,,1.0
LARGO CESIDIO DA FOSSA x VIA DEL VILLAGGIO DI S. FRANCESCO,1,0.0,0.0,41.7818,12.3526,1.0
VIA TARANTO x VIA VOLTERRA,1,0.0,0.0,41.884,12.5173,1.0
VIA SVEZIA x VIALE XVII OLIMPIADE,1,0.0,0.0,41.932,12.472,1.0
VIA STUPINIGI x VIA TROFARELLO,1,0.0,0.0,41.9129,12.3672,1.0
LARGO CESIDIO DA FOSSA x VIA SABATINO DE URSIS,1,0.0,0.0,41.7819,12.3532,1.0
VIA STENDHAL x VIALE DELLA CIVILTA' ROMANA,1,0.0,0.0,41.8328,12.4728,1.0
VIA STEFANO OBERTO x VIALE ANTONIO CIAMARRA,1,0.0,0.0,41.8471,12.5908,1.0
LARGO CHIGI x PIAZZA DI S. CLAUDIO,1,0.0,0.0,41.9016,12.4807,1.0
LARGO CLAUDIO FERMI x VIALE DEI COLLI PORTUENSI,1,0.0,0.0,41.8666,12.4441,1.0
LARGO CORRADINO D'ASCANIO x VIA CALTAGIRONE,1,0.0,0.0,41.8876,12.5184,1.0
LARGO DAMIANO CHIESA x VIA ROMEO RODRIGUEZ PEREIRA,1,0.0,0.0,41.9196,12.4371,1.0
VIA STATILIO OTTATO x VIALE DEI SALESIANI,1,0.0,0.0,41.8563,12.5682,1.0
LARGO DEL BADILE x VIA DEL BADILE,1,0.0,0.0,41.9131,12.5623,1.0
LARGO DAMIANO CHIESA x VIA UGO DE CAROLIS,1,0.0,0.0,41.9197,12.4382,1.0
VIA SQUINZANO x VIA TRINITAPOLI,1,0.0,0.0,41.885,12.6147,1.0
VIA SQUILLACE x VIA TAURIANOVA,1,0.0,0.0,41.8343,12.5583,1.0
LARGO DEGLI OSCI x VIA DEI SABELLI,1,0.0,0.0,,,1.0
VIA SORDEVOLO x VIA USSEGLIO,1,0.0,0.0,41.935,12.3835,1.0
LARGO DEI COLLI ALBANI x VIA APPIA NUOVA,1,0.0,0.0,41.87,12.5291,1.0
VIA SIVIGLIA x VIALE CITTA' D'EUROPA,1,0.0,0.0,41.8201,12.4511,1.0
LARGO DEI DELLA BITTA x VIA DELLA CASETTA MATTEI,1,0.0,0.0,41.8583,12.4192,1.0
VIA SILVIO PELLICO x VIA SILVIO PELLICO,1,0.0,0.0,41.9126,12.4599,1.0
VIA SILVESTRO II x VIA URBANO II,1,0.0,0.0,41.9044,12.4232,1.0
VIA SILVANO TRANQUILLI x VIALE GOFFREDO LOMBARDO,1,0.0,0.0,41.9749,12.5332,1.0
VIA SILLA x VIALE GIULIO CESARE,1,0.0,0.0,41.9096,12.4591,1.0
LARGO DEI MONTI PARIOLI x VIA DEI MONTI PARIOLI,1,0.0,0.0,41.9201,12.4772,1.0
VIA SICILIA x VIA VITTORIO VENETO,1,0.0,0.0,,,1.0
LARGO GAMBASSI x VIA PIENZA,1,0.0,0.0,41.9485,12.514,1.0
VIA ROVATO x VIA SEDRINA,1,0.0,0.0,41.9434,12.3819,1.0
VIA TEODORO MAYER x VIALE DELLA VENEZIA GIULIA,1,0.0,0.0,41.8959,12.5495,1.0
LARGO SOMALIA x VIA FELICE ANERIO,1,0.0,0.0,41.9359,12.5158,1.0
LARGO PIETRO TACCHI VENTURI x VIA LATINA,1,0.0,0.0,41.8673,12.5258,1.0
VIA PRENESTINA x VIA TRANI,1,0.0,0.0,41.8942,12.5788,1.0
LARGO RICCARDO MONACO x VIA BIAGIO PETROCELLI,1,0.0,0.0,41.8431,12.6112,1.0
VIA PRENESTINA x VIA SORRENTO,1,0.0,0.0,41.8927,12.5425,1.0
VIA PRENESTINA x VIA SANTA MARIA CAPUA VETERE,1,0.0,0.0,41.8919,12.6496,1.0
LARGO ROTELLO x VIA MASSA DI SAN GIULIANO,1,0.0,0.0,41.9176,12.6837,1.0
LARGO S. EUFRASIA PELLETIER x VIA GIOVANNI DE CALVI,1,0.0,0.0,41.8687,12.4455,1.0
VIA PRENESTINA x VIA ROMANELLO DA FORLI',1,0.0,0.0,41.8919,12.5321,1.0
LARGO S. VINCENZO DE' PAOLI x VIA DI MONTE VERDE,1,0.0,0.0,41.8723,12.4565,1.0
LARGO S. VINCENZO DE' PAOLI x VIA S. VINCENZO DE' PAOLI,1,0.0,0.0,41.8716,12.4568,1.0
LARGO SANTI MARTIRI DELL'UGANDA x VIA DI GROTTA PERFETTA,1,0.0,0.0,41.8456,12.4903,1.0
VIA PRAGA x VIALE DELL'OCEANO INDIANO,1,0.0,0.0,41.8239,12.4491,1.0
LARGO SANTI ROMANO x VIA SANTI ROMANO,1,0.0,0.0,41.8624,12.5679,1.0
LARGO SERGIO PUGLIESE x VIA UGO OJETTI,1,0.0,0.0,41.9465,12.5541,1.0
VIA POPULONIA x VIA SATRICO,1,0.0,0.0,41.8771,12.5075,1.0
LARGO PASQUALE DEL PEZZO x VIA GIUSTO BELLAVITIS,1,0.0,0.0,41.9006,12.4957,1.0
VIA POMIGLIANO D'ARCO x VIA PRENESTINA,1,0.0,0.0,41.8921,12.6478,1.0
LARGO TRIONFALE x VIA ANDREA DORIA,1,0.0,0.0,41.9106,12.4549,1.0
VIA POLICLETO x VIA VIBIO SEQUESTRE,1,0.0,0.0,41.8839,12.5335,1.0
VIA POLICARPO PETROCCHI x VIA UGO OJETTI,1,0.0,0.0,41.947,12.5546,1.0
VIA POLIA x VIA TAURIANOVA,1,0.0,0.0,41.8355,12.5572,1.0
LARGO VAL SANTERNO x VIA VAL SANTERNO,1,0.0,0.0,41.9414,12.5258,1.0
VIA POLENSE x VIA SANT'ELPIDIO A MARE,1,0.0,0.0,41.9031,12.7087,1.0
LARGO VALSOLDA x VIA NOMENTANA NUOVA,1,0.0,0.0,41.9346,12.5315,1.0
VIA POGGIO DI VENACO x VIALE DESIDERATO PIETRI,1,0.0,0.0,41.7272,12.2913,1.0
VIA POGGIO DI VENACO x VIALE CAPITAN CASELLA,1,0.0,0.0,41.7291,12.291,1.0
VIA PODGORA x VIALE GIUSEPPE MAZZINI,1,0.0,0.0,41.9158,12.4626,1.0
VIA PO x VIA TEVERE,1,0.0,0.0,41.9151,12.4959,1.0
LARGO VENTUNO APRILE x VIALE VENTUNO APRILE,1,0.0,0.0,41.9177,12.52,1.0
VIA PO x VIA SALARIA,1,0.0,0.0,41.9159,12.4969,1.0
LARGO PIAZZA TIEN AN MEN x VIA FIUME BIANCO,1,0.0,0.0,41.8137,12.4416,1.0
LARGO OLIVIERO ZUCCARINI x VIA DELL'IMBRECCIATO,1,0.0,0.0,41.8492,12.4464,1.0
LARGO GIANNINA MILLI x VIA GIOVANNI GHERARDINI,1,0.0,0.0,41.9438,12.4231,1.0
LARGO LUDOVICO QUARONI x VIA MARIO MORETTI,1,0.0,0.0,41.8706,12.4075,1.0
LARGO GIORGIO MACCAGNO x VIA UGO DE CAROLIS,1,0.0,0.0,41.9169,12.4393,1.0
VIA ROCCA FIORITA x VIA SAN GIOVANNI GEMINI,1,0.0,0.0,41.8741,12.6537,1.0
LARGO GIUSEPPE DI MONTEZEMOLO x VIA S. TOMMASO D'AQUINO,1,0.0,0.0,41.9103,12.4476,1.0
VIA ROCCA DI MEZZO x VIA ROCCARASO,1,0.0,0.0,41.9426,12.4409,1.0
LARGO GIUSEPPE ROVANI x VIA LUDOVICO DI BREME,1,0.0,0.0,41.9468,12.5493,1.0
VIA ROBERTO FERRUZZI x VIA TOMMASO ARCIDIACONO,1,0.0,0.0,41.8229,12.5088,1.0
VIA ROBERTO ALESSANDRI x VIALE DEI COLLI PORTUENSI,1,0.0,0.0,41.8666,12.4441,1.0
VIA RINO ALBERTARELLI x VIALE GIANLUIGI BONELLI,1,0.0,0.0,41.7966,12.4245,1.0
LARGO GIUSEPPE VITETTI x VIA S. CALEPODIO,1,0.0,0.0,41.8796,12.4577,1.0
LARGO IRPINIA x VIALE IRPINIA,1,0.0,0.0,41.8929,12.5495,1.0
LARGO LAMBERTO LORIA x VIA CRISTOFORO COLOMBO,1,0.0,0.0,41.8089,12.4536,1.0
VIA RICCARDO BACCHELLI x VIALE EZRA POUND,1,0.0,0.0,41.9558,12.5518,1.0
VIA RHODESIA x VIALE DELL'OCEANO ATLANTICO,1,0.0,0.0,41.8202,12.4716,1.0
LARGO LUCHINO VISCONTI x VIA EMILIO ZAGO,1,0.0,0.0,41.9658,12.5359,1.0
LARGO MENDOZA x VIA LAURENTINA,1,0.0,0.0,41.832,12.4807,1.0
VIA PRINCIPE AMEDEO x VIA RICASOLI,1,0.0,0.0,41.8954,12.5061,1.0
VIA RAFFAELE STERN x VIALE DEL VIGNOLA,1,0.0,0.0,41.9254,12.4665,1.0
VIA RAFFAELE ROSSETTI x VIA TRIONFALE,1,0.0,0.0,41.9145,12.4506,1.0
VIA RAFFAELE PIRIA x VIA TIBURTINA,1,0.0,0.0,41.9271,12.5746,1.0
LARGO MUSTAFA KEMAL ATATURK x VIALE DELL'UMANESIMO,1,0.0,0.0,41.8215,12.4769,1.0
VIA RADICOFANI x VIA S. GENNARO,1,0.0,0.0,41.9749,12.5127,1.0
VIA QUINTO PEDIO x VIALE DEI SALESIANI,1,0.0,0.0,41.8576,12.5663,1.0
LARGO NICOLO' DE' LAPI x VIA PRENESTINA,1,0.0,0.0,41.892,12.5311,1.0
LARGO NICOMEDE BIANCHI x VIA LATINA,1,0.0,0.0,41.8645,12.5302,1.0
VIA QUINTILIO VARO x VIALE GIULIO AGRICOLA,1,0.0,0.0,41.8557,12.5616,1.0
VIA QUINTILIO VARO x VIA QUINTO SERTORIO,1,0.0,0.0,41.8543,12.564,1.0
VIA QUARRATA x VIA S. GENNARO,1,0.0,0.0,41.9782,12.5129,1.0
VIA PUNTA DEL SARACENO x VIALE AMMIRAGLIO DEL BONO,1,0.0,0.0,41.7344,12.2832,1.0
VIA PUGLIE x VIA SICILIA,1,0.0,0.0,41.9097,12.4955,1.0
LARGO NINO FRANCHELLUCCI x VIA EDOARDO D'ONOFRIO,1,0.0,0.0,41.9123,12.5725,1.0
LARGO CARLO GRIGIONI x VIA VITELLIA,1,0.0,0.0,41.8801,12.4484,1.0
VIA TERESA BOETTI VALVASSURA x VIALE GINO CERVI,1,0.0,0.0,41.9629,12.5326,1.0
VIA PIOMBINO x VIA SALARIA,1,0.0,0.0,41.9873,12.5115,1.0
VIALE CESARE PAVESE x VIALE DELL'OCEANO ATLANTICO,1,0.0,0.0,41.8193,12.4675,1.0
VIALE DEI PRIMATI SPORTIVI x VIALE EGEO,1,0.0,0.0,41.8281,12.4574,1.0
CIRCONVALLAZIONE GIANICOLENSE x VIA DI MONTE VERDE,1,0.0,0.0,41.8725,12.4496,1.0
CIRCONVALLAZIONE GIANICOLENSE x VIA EMILIO LAMI,1,0.0,0.0,41.8725,12.4496,1.0
CIRCONVALLAZIONE GIANICOLENSE x VIALE DEI COLLI PORTUENSI,1,0.0,0.0,41.8725,12.4496,1.0
CIRCONVALLAZIONE MERIDIONALE x VIA ARDEATINA,1,0.0,0.0,41.8131,12.5255,1.0
VIALE CRISTOFORO COLOMBO x VIALE OCEANO ATLANTICO,1,0.0,0.0,41.8089,12.4536,1.0
VIALE CRISTOFORO COLOMBO x VIALE GUGLIELMO MARCONI,1,0.0,0.0,41.8445,12.4776,1.0
CIRCONVALLAZIONE NOMENTANA x VIA DEI MONTI TIBURTINI,1,0.0,0.0,41.9176,12.5414,1.0
CIRCONVALLAZIONE NOMENTANA x VIA DELLA BATTERIA NOMENTANA,1,0.0,0.0,41.9277,12.5282,1.0
VIALE CRISTOFORO COLOMBO x VIALE DELLA CIVILTA' DEL LAVORO,1,0.0,0.0,41.8349,12.4715,1.0
CIRCONVALLAZIONE NOMENTANA x VIA IGNAZIO CIAMPI,1,0.0,0.0,41.9254,12.5274,1.0
CIRCONVALLAZIONE NOMENTANA x VIA LORENZO IL MAGNIFICO,1,0.0,0.0,41.911,12.5288,1.0
CIRCONVALLAZIONE NOMENTANA x VIA LUIGI UNGARELLI,1,0.0,0.0,41.9213,12.5177,1.0
VIALE CESARE PAVESE x VIALE DELL'UMANESIMO,1,0.0,0.0,41.8216,12.4744,1.0
VIALE CASTRO PRETORIO x VIALE PRETORIANO,1,0.0,0.0,41.9056,12.5056,1.0
VIALE DELL'AERONAUTICA x VIALE DELL'ARTE,1,0.0,0.0,41.8267,12.4729,1.0
CIRCONVALLAZIONE NOMENTANA x VIA NOMENTANA,1,0.0,0.0,41.9196,12.527,1.0
VIALE CAPITAN CONSALVO x VIALE CARDINAL GINNASI,1,0.0,0.0,41.7326,12.2808,1.0
VIALE CAMILLO SABATINI x VIALE SABATO MARTELLI CASTALDI,1,0.0,0.0,41.8195,12.4417,1.0
VIALE BRUNO PELIZZI x VIALE BRUNO RIZZIERI,1,0.0,0.0,41.8522,12.5833,1.0
VIALE BEETHOVEN x VIALE DELL'ASTRONOMIA,1,0.0,0.0,41.8333,12.4669,1.0
CIRCONVALLAZIONE OSTIENSE x VIALE SETTIMIA SPIZZICHINO,1,0.0,0.0,41.8672,12.4844,1.0
VIALE AURELIO SAFFI x VIALE DI TRASTEVERE,1,0.0,0.0,41.8834,12.4693,1.0
CIRCONVALLAZIONE SALARIA x VIA SALARIA,1,0.0,0.0,41.9347,12.5207,1.0
CIRCONVALLAZIONE TIBURTINA x VIA TIBURTINA,1,0.0,0.0,41.9016,12.5255,1.0
VIALE ANTONIO CIAMARRA x VIALE BRUNO RIZZIERI,1,0.0,0.0,41.853,12.5901,1.0
VIALE ANTONINO E FAUSTINA x VIALE DEI PUPAZZI,1,0.0,0.0,41.9136,12.4894,1.0
VIALE ANICIO GALLO x VIALE GIULIO AGRICOLA,1,0.0,0.0,41.8548,12.5604,1.0
VIALE ANGELICO x VIALE CARSO,1,0.0,0.0,41.9189,12.4587,1.0
CLIVO DELLE CASE BASSE x VIALE DEI ROMAGNOLI,1,0.0,0.0,41.7827,12.3575,1.0
VIALE DEL LIDO x VIALE DELLA VITTORIA,1,0.0,0.0,41.7303,12.2851,1.0
CIRCONVALLAZIONE GIANICOLENSE x PIAZZA S. GIOVANNI DI DIO,1,0.0,0.0,41.8744,12.4467,1.0
VIALE AMERICA x VIALE BEETHOVEN,1,0.0,0.0,41.8306,12.4656,1.0
VIALE EGEO x VICOLO DEL CAPPELLACCIO,1,0.0,0.0,41.8351,12.4586,1.0
VICOLO DEL LEOPARDO x VICOLO DELLA SCALA,1,0.0,0.0,41.8904,12.468,1.0
VIALE TIZIANO x VIALE XVII OLIMPIADE,1,0.0,0.0,41.9316,12.469,1.0
BORGO PIO x VICOLO D'ORFEO,1,0.0,0.0,41.9038,12.4604,1.0
BORGO S. ANGELO x VIA DELLA TRASPONTINA,1,0.0,0.0,41.9027,12.463,1.0
BORGO S. ANGELO x VIA DI PORTA CASTELLO,1,0.0,0.0,41.9033,12.4631,1.0
C.NE GIANICOLENSE x VIA CLELIA GAROFOLINI,1,0.0,0.0,41.8725,12.4496,1.0
C.NE GIANICOLENSE x VIA DEL CASALETTO,1,0.0,0.0,41.8725,12.4496,1.0
C.NE GIANICOLENSE x VIA LORENZO VIDASCHI,1,0.0,0.0,41.8739,12.4498,1.0
VIALE IRPINIA x VIALE TELESE,1,0.0,0.0,41.8918,12.5484,1.0
C.NE GIANICOLENSE x VIALE DEI COLLI PORTUENSI,1,0.0,0.0,41.8725,12.4496,1.0
C.NE GIANICOLENSE x VIALE DI TRASTEVERE,1,0.0,0.0,41.8817,12.4679,1.0
VIALE FILIPPO DE PISIS x VIALE GIORGIO DE CHIRICO,1,0.0,0.0,41.8993,12.5871,1.0
VIALE EUROPA x VIALE PASTEUR,1,0.0,0.0,41.8326,12.4632,1.0
VIALE ETTORE FRANCESCHINI x VIALE PALMIRO TOGLIATTI,1,0.0,0.0,41.9104,12.5724,1.0
VIALE DUILIO CAMBELLOTTI x VIALE OXFORD,1,0.0,0.0,41.8625,12.6273,1.0
CIRCONVALLAZIONE GIANICOLENSE x LARGO ALESSANDRINA RAVIZZA,1,0.0,0.0,41.8719,12.451,1.0
VIALE DI TRASTEVERE x VIALE GLORIOSO,1,0.0,0.0,41.8841,12.4698,1.0
CIRCONVALLAZIONE APPIA x PIAZZA CAMILLO RE,1,0.0,0.0,41.8758,12.5152,1.0
VIALE DELLE TERME DI CARACALLA x VIALE GUIDO BACCELLI,1,0.0,0.0,41.8789,12.4952,1.0
CIRCONVALLAZIONE APPIA x VIA MARCO TABARRINI,1,0.0,0.0,41.8766,12.5202,1.0
CIRCONVALLAZIONE AURELIA x VIA DELLA MADONNA DEL RIPOSO,1,0.0,0.0,41.897,12.4283,1.0
CIRCONVALLAZIONE CASILINA x VIA DEL PIGNETO,1,0.0,0.0,41.8886,12.5277,1.0
VIALE DELLA SORBONA x VIALE HEIDELBERG,1,0.0,0.0,41.8546,12.612,1.0
CIRCONVALLAZIONE CASILINA x VIA FORTEBRACCIO,1,0.0,0.0,41.8899,12.5278,1.0
VIALE DELLA PINETA DI OSTIA x VIALE DELLA VITTORIA,1,0.0,0.0,41.7274,12.287,1.0
CIRCONVALLAZIONE CLODIA x VIA MARIO AMATO,1,0.0,0.0,41.9146,12.452,1.0
CIRCONVALLAZIONE CLODIA x VIA TEULADA,1,0.0,0.0,41.9181,12.4561,1.0
CIRCONVALLAZIONE CORNELIA x VIA CARDINALE CAPRARA,1,0.0,0.0,41.9035,12.4238,1.0
CIRCONVALLAZIONE CORNELIA x VIA DOMENICO TARDINI,1,0.0,0.0,41.9053,12.4254,1.0
VIALE DELL'ARTE x VIALE DELLA MUSICA,1,0.0,0.0,41.833,12.4782,1.0
VIALE AMERICA x VIALE DELL'ARTE,1,0.0,0.0,41.8281,12.4736,1.0
CLIVO TIBERINO x CLIVO TIBERINO,1,0.0,0.0,42.0139,12.4983,1.0
VIA TERME VIGLIATORE x VIA VILLAFRANCA TIRRENA,1,0.0,0.0,41.8608,12.673,1.0
VIA TRIONFALE x VIALE DEL PARCO MELLINI,1,0.0,0.0,41.9409,12.4229,1.0
VIA UMBERTO QUINTAVALLE x VIA VINCENZO LAMARO,1,0.0,0.0,41.8535,12.5751,1.0
VIA UMBERTO NISTRI x VIA VITO VOLTERRA,1,0.0,0.0,41.8537,12.4706,1.0
VIA UMBERTO GRANI x VIALE DEI CADUTI PER LA RESISTENZA,1,0.0,0.0,41.7825,12.4414,1.0
CORSO VITTORIO EMANUELE II x LUNGOTEVERE DEI FIORENTINI,1,0.0,0.0,41.9003,12.4644,1.0
CORSO VITTORIO EMANUELE II x VIA ACCIAIOLI,1,0.0,0.0,41.8999,12.4657,1.0
CORSO VITTORIO EMANUELE II x VIA DEI BAULLARI,1,0.0,0.0,41.8972,12.4712,1.0
VIA ULDERICO SACCHETTO x VIALE PAOLO ORLANDO,1,0.0,0.0,41.731,12.2858,1.0
VIA UGO OJETTI x VIALE AVE NINCHI,1,0.0,0.0,41.947,12.5546,1.0
VIA TUSCOLANA x VICOLO TUSCOLANO,1,0.0,0.0,41.8675,12.5404,1.0
CORSO VITTORIO EMANUELE II x VIA DI S. PANTALEO,1,0.0,0.0,41.8972,12.4712,1.0
LARGO 3 GIUGNO 1849 x VIA AURELIA ANTICA,1,0.0,0.0,41.8902,12.435,1.0
LARGO ALESSANDRIA DEL CARRETTO x VIA DI CASAL MORENA,1,0.0,0.0,41.8295,12.6177,1.0
LARGO ALESSANDRO VESSELLA x VIA ALFREDO CATALANI,1,0.0,0.0,41.937,12.5107,1.0
VIA TUSCOLANA x VIA VALGIA SILVILLA,1,0.0,0.0,41.8396,12.5923,1.0
LARGO AMILCARE PONCHIELLI x VIA GASPARE SPONTINI,1,0.0,0.0,41.918,12.4946,1.0
CORSO VITTORIO EMANUELE II x LARGO DI TORRE ARGENTINA,1,0.0,0.0,41.8953,12.4765,1.0
VIA TORRESINA x VIA VILLA SAN SECONDO,1,0.0,0.0,41.927,12.4043,1.0
LARGO AUGUSTO CORELLI x VIA ACHILLE VERTUNNI,1,0.0,0.0,41.9139,12.6101,1.0
LARGO BARTOLOMEO PERESTRELLO x VIA BARTOLOMEO PERESTRELLO,1,0.0,0.0,41.8854,12.5423,1.0
VIA TOLMINO x VIALE GORIZIA,1,0.0,0.0,41.9196,12.5124,1.0
VIA TOCRA x VIA TRIPOLITANIA,1,0.0,0.0,41.9308,12.5202,1.0
LARGO BEATA TERESA VERZERI x VIA FRATEL GIUSEPPE LAZZARO,1,0.0,0.0,41.9134,12.4011,1.0
LARGO BEATO PLACIDO RICCARDI x VIA TESSALONICA,1,0.0,0.0,41.8557,12.4765,1.0
VIA TIBURTINA x VIALE ALTIERO SPINELLI,1,0.0,0.0,41.9257,12.5739,1.0
VIA TIBURNO x VIA TIBURTINA,1,0.0,0.0,41.9257,12.5739,1.0
VIA TIBERIADE x VIALE DEI PRIMATI SPORTIVI,1,0.0,0.0,41.8285,12.4582,1.0
LARGO BENEDETTO MARCELLO x VIA GIOVANNI PACINI,1,0.0,0.0,41.9178,12.4967,1.0
VIA THAILANDIA x VIALE DEI CAMPIONI,1,0.0,0.0,41.8243,12.4583,1.0
VIA TERPANDRO x VIA TESPI,1,0.0,0.0,41.7687,12.3644,1.0
LARGO BENITO JACOVITTI x VIALE AURELIO GALLEPPINI,1,0.0,0.0,41.7999,12.4266,1.0
VIA VAL CHISONE x VIA VAL DI FASSA,1,0.0,0.0,41.934,12.527,1.0
VIA VAL D'OSSOLA x VIA VAL SASSINA,1,0.0,0.0,41.9355,12.5288,1.0
VIADOTTO ZELIA NUTTALL x VIALE DEI ROMAGNOLI,1,0.0,0.0,41.7747,12.3368,1.0
CORSO DUCA DI GENOVA x VIA DEGLI ALDOBRANDINI,1,0.0,0.0,41.7339,12.2715,1.0
CORSO DEL RINASCIMENTO x VIA DE' CANESTRARI,1,0.0,0.0,41.8979,12.474,1.0
VIA VITTORIO LOCCHI x VIALE ROMANIA,1,0.0,0.0,41.924,12.4926,1.0
VIA VITALIANO ROTELLINI x VIALE DEI CADUTI NELLA GUERRA DI LIBERAZIONE,1,0.0,0.0,41.7747,12.4384,1.0
CORSO DI FRANCIA x VIA CIVITA CASTELLANA,1,0.0,0.0,41.9367,12.4717,1.0
VIA VINCENZO USSANI x VIALE ISACCO NEWTON,1,0.0,0.0,,,1.0
VIA VINCENZO DAVICO x VIALE CRISTOFORO COLOMBO,1,0.0,0.0,41.8089,12.4536,1.0
VIA VILLABATE x VIALE S. RITA DA CASCIA,1,0.0,0.0,41.869,12.6446,1.0
VIA VIGLIENA x VIALE DELLE MILIZIE,1,0.0,0.0,41.9133,12.4673,1.0
CORSO DI FRANCIA x VIA PIETRO LUPI,1,0.0,0.0,41.9384,12.4715,1.0
VIA VESPASIANO x VIALE GIULIO CESARE,1,0.0,0.0,41.9075,12.4568,1.0
CORSO DUCA DI GENOVA x PIAZZALE DELLA POSTA,1,0.0,0.0,41.732,12.2782,1.0
VIA VENTI SETTEMBRE x VIALE DEL POLICLINICO,1,0.0,0.0,41.9056,12.496,1.0
CORSO DUCA DI GENOVA x VIA ARDUINO FORGIARINI,1,0.0,0.0,41.7339,12.2715,1.0
VIA VALLOMBROSA x VIALE CORTINA D'AMPEZZO,1,0.0,0.0,41.9478,12.4437,1.0
VIA VALLE SCRIVIA x VIALE TIRRENO,1,0.0,0.0,41.9406,12.5293,1.0
VIA VAL D'OSSOLA x VIA VALDINIEVOLE,1,0.0,0.0,41.9354,12.5289,1.0
VIA VALLE BORBERA x VIA VALLE CORTENO,1,0.0,0.0,41.9361,12.5288,1.0
CORSO DUCA DI GENOVA x VIA DELLE TRIREMI,1,0.0,0.0,41.7339,12.2715,1.0
CORSO DUCA DI GENOVA x VIA FRANCESCO GRENET,1,0.0,0.0,41.7355,12.2667,1.0
VIA VALERIA RUFINA x VIALE CARLO TOMMASO ODESCALCHI,1,0.0,0.0,41.8561,12.5006,1.0
CORSO REGINA MARIA PIA x VIA DEI NAVICELLARI,1,0.0,0.0,41.7304,12.2821,1.0
CORSO TRIESTE x VIA ALESSANDRIA,1,0.0,0.0,41.9127,12.5039,1.0
VIA VAL TROMPIA x VIA VALDINIEVOLE,1,0.0,0.0,41.9347,12.5277,1.0
VIA VAL SASSINA x VIA VALSOLDA,1,0.0,0.0,41.9363,12.5299,1.0
VIA VAL PASSIRIA x VIA VALLARSA,1,0.0,0.0,41.935,12.5309,1.0
VIA VAL DI LANZO x VIALE TIRRENO,1,0.0,0.0,41.9406,12.5293,1.0
CORSO TRIESTE x VIA TOPINO,1,0.0,0.0,41.9204,12.5094,1.0
VIA VAL DI COGNE x VIALE TIRRENO,1,0.0,0.0,41.9406,12.5293,1.0
CORSO TRIESTE x VIA TRAU,1,0.0,0.0,41.9204,12.5094,1.0
VIA VAL D'OSSOLA x VIA VALLE BORBERA,1,0.0,0.0,41.9352,12.5287,1.0
LARGO VICTOR HUGO GIROLAMI x VIA EDOARDO MARAGLIANO,1,0.0,0.0,41.8653,12.4422,1.0
LARGO VOLONTARI DEL SANGUE x VIA PORTUENSE,1,0.0,0.0,41.8469,12.414,1.0
PIAZZA DELLE CAMELIE x VIA DELLE CAMELIE,1,0.0,0.0,41.8761,12.564,1.0
VIA MARCO TULLIO ZANZUCCHI x VIA PIO TEODORANI,1,0.0,0.0,41.8423,12.4431,1.0
VIA MARIO MENCATELLI x VIA MASSIMO MELICONI,1,0.0,0.0,41.7996,12.4494,1.0
PIAZZA CLEMENTE XI x VIA DEL FORTE BRASCHI,1,0.0,0.0,41.914,12.4149,1.0
PIAZZA CLEMENTE XI x VIA PASQUALE II,1,0.0,0.0,41.914,12.4146,1.0
VIA MARIO DE FIORI x VIA VITTORIA,1,0.0,0.0,41.907,12.4802,1.0
VIA MARIO CASERINI x VIA UMBERTO BARBARO,1,0.0,0.0,41.959,12.5383,1.0
PIAZZA COLA DI RIENZO x VIA CICERONE,1,0.0,0.0,41.9086,12.4678,1.0
VIA MARIO BIANCHINI x VIA MARIO RIGAMONTI,1,0.0,0.0,41.8364,12.501,1.0
VIA MARIO AGENO x VICOLO SAVINI,1,0.0,0.0,41.857,12.4675,1.0
VIA MARINO MAZZACURATI x VIA POGGIO VERDE,1,0.0,0.0,41.8534,12.4159,1.0
VIA MARIA MONTESSORI x VIA SANGEMINI,1,0.0,0.0,41.936,12.4381,1.0
PIAZZA COPERNICO x VIA ALIPIO,1,0.0,0.0,41.8863,12.5328,1.0
VIA MARGHERA x VIALE CASTRO PRETORIO,1,0.0,0.0,41.9043,12.5063,1.0
PIAZZA DEGLI ONTANI x VIA DEI PIOPPI,1,0.0,0.0,41.8783,12.5711,1.0
PIAZZA DEI BOSSI x VIA DEI SESAMI,1,0.0,0.0,41.8838,12.5714,1.0
VIA MARCO TABARRINI x VIA MICHELE AMARI,1,0.0,0.0,41.8742,12.5136,1.0
VIA MARIO SOLDATI x VIA RINO GAETANO,1,0.0,0.0,41.9695,12.534,1.0
PIAZZA DEI CAMPANI x VIA DEGLI EQUI,1,0.0,0.0,41.8954,12.514,1.0
VIA MARCO DECUMIO x VIALE OPITA OPPIO,1,0.0,0.0,41.8616,12.5484,1.0
VIA MARCIANA MARINA x VIA SALARIA,1,0.0,0.0,41.9424,12.5051,1.0
PIAZZA DEI CINQUECENTO x VIA GIOVANNI GIOLITTI,1,0.0,0.0,41.9004,12.4992,1.0
VIA MARCELLO PIACENTINI x VIA MARIO RIDOLFI,1,0.0,0.0,41.8702,12.4109,1.0
VIA MARCANTONIO COLONNA x VIALE GIULIO CESARE,1,0.0,0.0,41.9105,12.4627,1.0
PIAZZA DEI CONDOTTIERI x VIA DEL PIGNETO,1,0.0,0.0,41.8875,12.5349,1.0
PIAZZA DEI CONSOLI x VIA PONZIO COMINIO,1,0.0,0.0,41.8619,12.5587,1.0
PIAZZA DEI CONSOLI x VIA TORRE DEL QUADRARO,1,0.0,0.0,41.8626,12.557,1.0
PIAZZA DEI CONSOLI x VIALE S. GIOVANNI BOSCO,1,0.0,0.0,41.8607,12.5609,1.0
VIA MAR ARABICO x VIALE DEI PROMONTORI,1,0.0,0.0,41.733,12.3002,1.0
VIA MANUEL DE FALLA x VIA PIETRO ROMANI,1,0.0,0.0,41.748,12.3698,1.0
PIAZZA DEI MIRTI x VIA DEI PLATANI,1,0.0,0.0,41.8812,12.5662,1.0
PIAZZA DEI NAVIGATORI x VIALE CRISTOFORO COLOMBO,1,0.0,0.0,41.8603,12.4985,1.0
VIA MARIO MENGHINI x VIA TEODORO MOMMSEN,1,0.0,0.0,41.8688,12.5275,1.0
VIA MARIO SOLDATI x VIALE CESCO BASEGGIO,1,0.0,0.0,41.9698,12.5347,1.0
PIAZZA DEI PRATI DEGLI STROZZI x VIA PREVESA,1,0.0,0.0,41.9147,12.4563,1.0
VIA MATTEO RICCI x VIA OSTIENSE,1,0.0,0.0,41.8742,12.4808,1.0
PIAZZA BOLOGNA x VIA LORENZO IL MAGNIFICO,1,0.0,0.0,41.9134,12.5212,1.0
VIA MOIO ALCANTARA x VIA SAN BIAGIO PLATANI,1,0.0,0.0,41.8782,12.6402,1.0
PIAZZA BOLOGNA x VIALE DELLE PROVINCIE,1,0.0,0.0,41.9129,12.5208,1.0
PIAZZA BUENOS AIRES x VIA PO,1,0.0,0.0,41.9182,12.5002,1.0
VIA MODENA x VIA TORINO,1,0.0,0.0,41.9026,12.4948,1.0
VIA MINTURNO x VIA SEZZE,1,0.0,0.0,41.8854,12.5487,1.0
VIA MINEO x VIA TERMINI IMERESE,1,0.0,0.0,41.871,12.6567,1.0
PIAZZA CABALLINI x VIA PRENESTINA,1,0.0,0.0,41.8913,12.5205,1.0
PIAZZA CAMERINO x VIA LA SPEZIA,1,0.0,0.0,41.8871,12.519,1.0
PIAZZA CAMILLO LORIEDO x VIALE ETTORE FRANCESCHINI,1,0.0,0.0,41.914,12.5783,1.0
PIAZZA CAPRI x VIALE TIRRENO,1,0.0,0.0,41.9438,12.5285,1.0
VIA METAURO x VIA SIMETO,1,0.0,0.0,41.9171,12.4983,1.0
VIA MERULANA x VIA RUGGERO BONGHI,1,0.0,0.0,41.8918,12.502,1.0
PIAZZA CARLO FORLANINI x VIA BERNARDINO RAMAZZINI,1,0.0,0.0,41.8666,12.4505,1.0
VIA MATTE' TRUCCO x VIA RAOUL CHIODELLI,1,0.0,0.0,41.9029,12.6589,1.0
VIA MARMORATA x VIA RAFFAELE PERSICHETTI,1,0.0,0.0,41.8772,12.4807,1.0
VIA MATERA x VIA NICASTRO,1,0.0,0.0,41.8826,12.5184,1.0
PIAZZA CERTALDO x VIA SCARPERIA,1,0.0,0.0,41.8443,12.4591,1.0
VIA MASSIMO CAMPIGLI x VIALE GIORGIO MORANDI,1,0.0,0.0,41.8993,12.583,1.0
VIA MASSACIUCCOLI x VIALE ERITREA,1,0.0,0.0,41.9245,12.5157,1.0
PIAZZA CESARE BARONIO x VIA TOMMASO FORTIFIOCCA,1,0.0,0.0,41.8729,12.5201,1.0
PIAZZA CESARE DE CUPIS x VIA DI TOR SAPIENZA,1,0.0,0.0,41.904,12.5899,1.0
PIAZZA CESARE NERAZZINI x VIA RAIMONDO FRANCHETTI,1,0.0,0.0,41.8628,12.5022,1.0
VIA MASSA DI SAN GIULIANO x VIA PIETRASECCA,1,0.0,0.0,41.9062,12.6918,1.0
VIA MASSA DI SAN GIULIANO x VIA NAVELLI,1,0.0,0.0,41.9014,12.698,1.0
PIAZZA CESARIO CONSOLE x PIAZZALE MAGELLANO,1,0.0,0.0,41.7259,12.2883,1.0
PIAZZA CESARIO CONSOLE x VIALE DELLA PINETA DI OSTIA,1,0.0,0.0,41.7284,12.2839,1.0
VIA MARSILIO FICINO x VIA S. TOMMASO D'AQUINO,1,0.0,0.0,41.9131,12.4495,1.0
VIA MARRUVIO x VIA SANNIO,1,0.0,0.0,41.8841,12.5074,1.0
VIA MAROCCO x VIALE ALGERIA,1,0.0,0.0,41.8216,12.4653,1.0
PIAZZA DEI PRATI DEGLI STROZZI x VIA GIUSEPPE PALUMBO,1,0.0,0.0,41.9184,12.4666,1.0
VIA MANDAS x VIA URZULEI,1,0.0,0.0,41.882,12.6951,1.0
PIAZZA BENEDETTO CAIROLI x VIA ARENULA,1,0.0,0.0,41.8926,12.475,1.0
VIA LOMAZZO x VIA SERLE,1,0.0,0.0,42.0247,12.4673,1.0
PIAZZA DELL'ATENEO SALESIANO x PIAZZA OTTAVIANO VIMERCATI,1,0.0,0.0,41.959,12.5245,1.0
VIA LUCIO SESTIO x VIA TUSCOLANA,1,0.0,0.0,41.8597,12.5571,1.0
VIA LUCIO II x VIA MATTIA BATTISTINI,1,0.0,0.0,41.9139,12.4184,1.0
PIAZZA DELLA BOCCA DELLA VERITA' x VIA DI S.GIOVANNI DECOLLATO,1,0.0,0.0,41.8887,12.4815,1.0
VIA LUCIO CASSIO x VIA PIANSANO,1,0.0,0.0,41.9694,12.4394,1.0
VIA LUCIO CALPURNIO BIBULO x VIA SESTIO MENAS,1,0.0,0.0,41.8657,12.5537,1.0
VIA LUCIO CALPURNIO BIBULO x VIA MASURIO SABINO,1,0.0,0.0,41.8648,12.553,1.0
PIAZZA DELLA LIBERTA' x VIA VIRGINIO ORSINI,1,0.0,0.0,41.9093,12.4707,1.0
VIA LORETO x VIA RECANATI,1,0.0,0.0,41.9391,12.5848,1.0
VIA LORENZO ROCCI x VIA VINCENZO USSANI,1,0.0,0.0,41.8594,12.4414,1.0
VIA LORENZO LITTA x VIA PIETRO GASPARRI,1,0.0,0.0,41.9224,12.4144,1.0
PIAZZA DELLA MADDALENA x VIA DEL PANTHEON,1,0.0,0.0,41.9,12.4766,1.0
VIA LORENZO ALLIEVI x VIA PORTUENSE,1,0.0,0.0,41.8163,12.3477,1.0
VIA LOMBARDIA x VIA VITTORIO VENETO,1,0.0,0.0,,,1.0
PIAZZA DELLA MARINA x VIA GAETANO FILANGIERI,1,0.0,0.0,41.9157,12.4734,1.0
VIA LUDOVICA ALBERTONI x VIA VITELLIA,1,0.0,0.0,41.8801,12.4484,1.0
VIA LIVORNO x VIA SIMON BOCCANEGRA,1,0.0,0.0,,,1.0
VIA LIVORNO x VIA PISA,1,0.0,0.0,41.916,12.5248,1.0
VIA LIVIA ORESTILLA x VIA QUINTILIO VARO,1,0.0,0.0,41.852,12.5677,1.0
VIA LITORANEA x VIALE DI CASTEL PORZIANO,1,0.0,0.0,41.7308,12.3491,1.0
VIA LISCIA x VIA MASSA DI SAN GIULIANO,1,0.0,0.0,41.9062,12.6918,1.0
PIAZZA DELLA REPUBBLICA x VIA NAZIONALE,1,0.0,0.0,,,1.0
VIA LIDO DI CASTEL PORZIANO x VIA LITORANEA,1,0.0,0.0,41.7028,12.3476,1.0
VIA LICINIO STOLONE x VIA PUBLIO VALERIO,1,0.0,0.0,41.8564,12.5661,1.0
VIA LICINIO STOLONE x VIA ORAZIO PULVILLO,1,0.0,0.0,41.8549,12.5685,1.0
PIAZZA DELLA ROVERE x PONTE DUCA D'AOSTA,1,0.0,0.0,41.8998,12.4626,1.0
VIA LICINIO CALVO x VIA LUCILIO,1,0.0,0.0,41.9249,12.4455,1.0
PIAZZA DELLA ROVERE x VIA DEL GIANICOLO,1,0.0,0.0,41.8978,12.461,1.0
PIAZZA DELLA ROVERE x VIA DELLA LUNGARA,1,0.0,0.0,41.8989,12.4628,1.0
PIAZZA DELLA ROVERE x VIA DI PORTA S. SPIRITO,1,0.0,0.0,41.8998,12.4625,1.0
PIAZZA DEL VIMINALE x VIA AGOSTINO DEPRETIS,1,0.0,0.0,,,1.0
PIAZZA DEL TEATRO DI POMPEO x VIA DEI BAULLARI,1,0.0,0.0,41.8963,12.4725,1.0
PIAZZA DEI QUIRITI x VIA GERMANICO,1,0.0,0.0,41.9093,12.4642,1.0
VIA LUIGINO TANDURA x VIA MARCELLO GAROSI,1,0.0,0.0,41.798,12.45,1.0
VIA MAKALLE' x VIA TRIPOLI,1,0.0,0.0,41.9271,12.5211,1.0
VIA MAKALLE' x VIA SENAFE',1,0.0,0.0,41.9273,12.5215,1.0
PIAZZA DEI RAVENNATI x VIALE DELLA MARINA,1,0.0,0.0,41.7297,12.2765,1.0
VIA MAIERA' x VIA MAIERATO,1,0.0,0.0,41.7935,12.377,1.0
PIAZZA DEI RE DI ROMA x VIA CERVETERI,1,0.0,0.0,41.8817,12.5132,1.0
VIA MAGENTA x VIA VICENZA,1,0.0,0.0,41.9031,12.5029,1.0
VIA MAGENTA x VIA MARGHERA,1,0.0,0.0,,,1.0
PIAZZA DEI SERVILI x VIA ASINIO POLLIONE,1,0.0,0.0,41.8792,12.4794,1.0
PIAZZA DEI TRIBUNALI x PONTE UMBERTO I,1,0.0,0.0,41.9032,12.471,1.0
VIA MADAME DE STAEL x VIALE ESPERIA SPERANI,1,0.0,0.0,41.9617,12.3967,1.0
VIA MACCHIA DELL'INSUGHERATA x VIA TRIONFALE,1,0.0,0.0,41.9553,12.4123,1.0
VIA LUNGRO x VIALE APPIO CLAUDIO,1,0.0,0.0,41.8373,12.5531,1.0
PIAZZA DEL COLOSSEO x VIA DEI FORI IMPERIALI,1,0.0,0.0,41.8913,12.4911,1.0
PIAZZA DEL COLOSSEO x VIA DEI SS. QUATTRO,1,0.0,0.0,41.8909,12.493,1.0
VIA LUIGI VANVITELLI x VIA PIETRO QUERINI,1,0.0,0.0,41.8805,12.4768,1.0
VIA LUDOVICO MURATORI x VIA RUGGERO BONGHI,1,0.0,0.0,41.8905,12.5002,1.0
PIAZZA DEL LAVORO x VIA CRISTOFORO COLOMBO,1,0.0,0.0,41.8456,12.4772,1.0
PIAZZA DEL LAVORO x VIALE GUGLIELMO MARCONI,1,0.0,0.0,41.8488,12.4747,1.0
VIA LUIGI RIZZO x VIA RIALTO,1,0.0,0.0,41.9083,12.4453,1.0
VIA LUIGI PIETROBONO x VIA PAVULLO NEL FRIGNANO,1,0.0,0.0,41.7891,12.3853,1.0
VIA LUIGI PETROSELLI x VIA ROTA GRECA,1,0.0,0.0,41.8711,12.6846,1.0
VIA LUIGI MANCINELLI x VIALE ARRIGO BOITO,1,0.0,0.0,41.9372,12.5143,1.0
PIAZZA DEL PIGNETO x VIA SONDRIO,1,0.0,0.0,41.8892,12.5224,1.0
VIA LUIGI LABLACHE x VIA UGO FARULLI,1,0.0,0.0,41.9628,12.5157,1.0
VIA LUIGI CORTI x VIALE ISACCO NEWTON,1,0.0,0.0,41.8481,12.4427,1.0
VIA LUIGI CIBRARIO x VIA LUIGI TOSTI,1,0.0,0.0,41.8723,12.5182,1.0
PIAZZA DEL QUADRARETTO x VIA DEI LEVII,1,0.0,0.0,41.8631,12.547,1.0
PIAZZA DEL QUARTICCIOLO x VIA OSTUNI,1,0.0,0.0,41.8911,12.5762,1.0
VIA LUDOVISI x VIA VITTORIO VENETO,1,0.0,0.0,41.9064,12.4902,1.0
PIAZZA DEL RISORGIMENTO x VIA STEFANO PORCARI,1,0.0,0.0,41.9057,12.4589,1.0
PIAZZA BIAGIO PACE x VIA GIORGIO ZOEGA,1,0.0,0.0,41.8769,12.431,1.0
VIA MONDOLFO x VIA PIEVEBOVIGLIANA,1,0.0,0.0,41.9385,12.5883,1.0
VIA PIEVE FOSCIANA x VIA VAIANO,1,0.0,0.0,41.845,12.4606,1.0
VIA OSTIENSE x VIA SARSINA,1,0.0,0.0,41.7848,12.3645,1.0
VIA PAOLO VALENTI x VIA SANDRO PENNA,1,0.0,0.0,41.8418,12.6256,1.0
VIA PAOLO STOPPA x VIA PIERO GHERARDI,1,0.0,0.0,41.7866,12.391,1.0
LUNGOTEVERE DEI VALLATI x VIA DEL MELANGOLO,1,0.0,0.0,41.8917,12.4739,1.0
VIA PANAMA x VIA SALARIA,1,0.0,0.0,41.923,12.5022,1.0
LUNGOTEVERE DELL'ACQUA ACETOSA x VIA VENEZUELA,1,0.0,0.0,41.9344,12.4793,1.0
VIA PALMIANO x VIA VITTORIO CAPRIOLI,1,0.0,0.0,41.981,12.5224,1.0
LUNGOTEVERE DELLA MAGLIANA x RIVA PIAN DUE TORRI,1,0.0,0.0,41.851,12.4617,1.0
VIA PADRE SEMERIA x VIALE CRISTOFORO COLOMBO,1,0.0,0.0,41.8638,12.4974,1.0
VIA PADOVA x VIALE DELLE PROVINCIE,1,0.0,0.0,41.9096,12.5212,1.0
VIA OSTUNI x VIALE PALMIRO TOGLIATTI,1,0.0,0.0,41.8872,12.5733,1.0
VIA OSTIENSE x VIALE GIUSTINIANO IMPERATORE,1,0.0,0.0,41.8567,12.4773,1.0
VIA OSTIENSE x VIALE DEI ROMAGNOLI,1,0.0,0.0,41.7826,12.3574,1.0
LUNGOTEVERE DI PIETRA PAPA x VIA AVICENNA,1,0.0,0.0,41.8633,12.472,1.0
LUNGOTEVERE DI PIETRA PAPA x VIA ENRICO FERMI,1,0.0,0.0,41.8629,12.4743,1.0
VIA OSTIENSE x VIA PELLEGRINO MATTEUCCI,1,0.0,0.0,41.8723,12.4803,1.0
VIA PAOLO VERONESE x VIALE DEL CARAVAGGIO,1,0.0,0.0,41.8513,12.4961,1.0
LUNGOTEVERE DI PIETRA PAPA x VIA SILVESTRO GHERARDI,1,0.0,0.0,41.8629,12.4743,1.0
VIA OSTERIA DELLE CAPANNACCE x VIA PIETRAFERRAZZANA,1,0.0,0.0,41.9383,12.6489,1.0
LUNGOTEVERE DI S. PAOLO x VIALE GUGLIELMO MARCONI,1,0.0,0.0,41.859,12.471,1.0
VIA ORTUCCHIO x VIA PACENTRO,1,0.0,0.0,41.934,12.6487,1.0
VIA ORTUCCHIO x VIA OSTERIA DELLE CAPANNACCE,1,0.0,0.0,41.9374,12.6505,1.0
LUNGOTEVERE FLAMINIO x PONTE MILVIO,1,0.0,0.0,41.9238,12.4661,1.0
LUNGOTEVERE FLAMINIO x VIA ANTONAZZO ROMANO,1,0.0,0.0,41.9295,12.4617,1.0
VIA ORAZIO VECCHI x VIALE DI CASTEL PORZIANO,1,0.0,0.0,41.7333,12.3556,1.0
LUNGOTEVERE FLAMINIO x VIA CANINO,1,0.0,0.0,41.9207,12.4711,1.0
LUNGOTEVERE FLAMINIO x VIA VIRGINIO VESPIGNANI,1,0.0,0.0,41.9238,12.4661,1.0
VIA OLANDA x VIALE XVII OLIMPIADE,1,0.0,0.0,41.932,12.472,1.0
LUNGOTEVERE GIANICOLENSE x VIA DELLA LUNGARA,1,0.0,0.0,41.8975,12.4639,1.0
VIA NORVEGIA x VIALE PIETRO DE COUBERTIN,1,0.0,0.0,41.9296,12.4733,1.0
LUNGOTEVERE GRANDE A.GLIO THAON DI REVEL x PIAZZALE CARDINAL CONSALVI,1,0.0,0.0,41.9344,12.4671,1.0
LUNGOTEVERE DEI VALLATI x PIAZZA S. VINCENZO PALLOTTI,1,0.0,0.0,41.8929,12.4712,1.0
VIA PAPIRIA x VIA PONZIO COMINIO,1,0.0,0.0,41.8638,12.56,1.0
VIA NOMENTANA x VIALE TIRRENO,1,0.0,0.0,41.959,12.5737,1.0
VIA PIER ANDREA FONTEBASSO x VICOLO DEL CASALE LUMBROSO,1,0.0,0.0,41.8812,12.3594,1.0
VIA PIEVE DI CADORE x VIA SAPPADA,1,0.0,0.0,41.9398,12.4387,1.0
VIA PIETRO SENSINI x VIA ZENODOSSIO,1,0.0,0.0,41.8832,12.5369,1.0
LUNGOMARE DUILIO x VIA DELLE PRORE,1,0.0,0.0,41.7222,12.2962,1.0
VIA PIETRO PIFFETTI x VIA TURINO DI SANO,1,0.0,0.0,41.8609,12.606,1.0
VIA PIETRO PERETTI x VIALE LUIGI EINAUDI,1,0.0,0.0,,,1.0
VIA PIETRO OTTOBONI x VIA PIO MOLAJONI,1,0.0,0.0,41.9072,12.5398,1.0
LUNGOMARE LUTAZIO CATULO x VIALE CRISTOFORO COLOMBO,1,0.0,0.0,41.8089,12.4536,1.0
LUNGOMARE LUTAZIO CATULO x VIALE MEDITERRANEO,1,0.0,0.0,41.7169,12.3102,1.0
LUNGOMARE PAOLO TOSCANELLI x PIAZZA SCIPIONE AFRICANO,1,0.0,0.0,41.7337,12.2642,1.0
VIA PIETRO DE CRISTOFARO x VIALE DEGLI AMMIRAGLI,1,0.0,0.0,41.9067,12.4432,1.0
LUNGOMARE PAOLO TOSCANELLI x PIAZZALE MAGELLANO,1,0.0,0.0,41.7301,12.2749,1.0
VIA PIETRO BEMBO x VIA PIETRO GASPARRI,1,0.0,0.0,41.923,12.4143,1.0
LUNGOTEVERE AVENTINO x VIA DI S. PRISCA,1,0.0,0.0,41.8808,12.4843,1.0
LUNGOTEVERE DANTE x VIA NICOLA PARRAVANO,1,0.0,0.0,41.8527,12.4647,1.0
LUNGOTEVERE DE' CENCI x VIA DEL TEMPIO,1,0.0,0.0,,,1.0
VIA PAPIRIA x VIALE PALMIRO TOGLIATTI,1,0.0,0.0,41.8624,12.5688,1.0
VIA PIAN DUE TORRI x VIA SAN CASCIANO DEI BAGNI,1,0.0,0.0,41.8496,12.4621,1.0
VIA PESCINA x VIA VENAFRO,1,0.0,0.0,41.9101,12.5625,1.0
VIA PESCAGLIA x VIA PIEVE FOSCIANA,1,0.0,0.0,41.8464,12.4619,1.0
VIA PERANO x VIA S. MARIA DI LORETO,1,0.0,0.0,41.9056,12.6906,1.0
LUNGOTEVERE DEGLI ANGUILLARA x PIAZZA DELLA GENSOLA,1,0.0,0.0,41.8897,12.4766,1.0
LUNGOTEVERE DEGLI ANGUILLARA x PONTE PALATINO,1,0.0,0.0,41.8891,12.4801,1.0
VIA PATERNOPOLI x VIALE NUSCO,1,0.0,0.0,41.8917,12.6307,1.0
LUNGOTEVERE DEGLI INVENTORI x PONTE GUGLIELMO MARCONI,1,0.0,0.0,41.8611,12.4671,1.0
VIA PASQUALE TUOZZI x VIA PIER SILVERIO LEICHT,1,0.0,0.0,41.9508,12.5844,1.0
VIA PASQUALE PASQUINI x VIA ROMANO GUERRA,1,0.0,0.0,41.8813,12.3497,1.0
VIA PASQUALE II x VIA PIETRO BEMBO,1,0.0,0.0,41.9118,12.4109,1.0
VIA PASQUALE ALECCE x VIA PRENESTINA,1,0.0,0.0,41.8936,12.5973,1.0
VIA PARTANNA x VIA SALEMI,1,0.0,0.0,41.8654,12.6526,1.0
VIA PARAGUAY x VIALE LIEGI,1,0.0,0.0,41.9218,12.4943,1.0
VIA NORCIA x VIA SPELLO,1,0.0,0.0,41.877,12.5307,1.0
VIA NOMENTANA x VIALE SORA LELLA,1,0.0,0.0,41.959,12.5737,1.0
VIA MONGIANA x VIA SARACENA,1,0.0,0.0,41.7959,12.3767,1.0
VIA MONTE ROCCHETTA x VIA MONTE RUGGERO,1,0.0,0.0,41.9473,12.5317,1.0
PIAZZA ADRIANA x VIA DELLE FOSSE DI CASTELLO,1,0.0,0.0,41.9047,12.4673,1.0
PIAZZA ALBERTO ALESSIO x VIA GIUSEPPE ANDRE',1,0.0,0.0,41.7296,12.2942,1.0
PIAZZA ALESSANDRIA x VIA ALESSANDRIA,1,0.0,0.0,41.9127,12.5039,1.0
VIA MONTEVIDEO x VIALE LIEGI,1,0.0,0.0,41.9211,12.4962,1.0
PIAZZA ALESSANDRIA x VIA MESSINA,1,0.0,0.0,41.911,12.5028,1.0
VIA MONTEMILETTO x VIA PRENESTINA,1,0.0,0.0,41.8928,12.6319,1.0
VIA MONTEMARANO x VIALE NUSCO,1,0.0,0.0,41.8916,12.6323,1.0
VIA MONTEMARANO x VIA PRENESTINA,1,0.0,0.0,41.8933,12.6155,1.0
VIA MONTEMAGGIORE BELSITO x VIA PETRALIA SOTTANA,1,0.0,0.0,41.8674,12.6735,1.0
PIAZZA ALFONSO CAPECELATRO x VIA TOMMASO DE VIO,1,0.0,0.0,41.9211,12.416,1.0
PIAZZA ANDREA PAZIENZA x VIA ANTONIO BORTONE,1,0.0,0.0,41.8004,12.4301,1.0
VIA MONTECASTELLO x VIA PIAN DEL MARMO,1,0.0,0.0,41.924,12.3858,1.0
VIA MONTE ZEBIO x VIA PODGORA,1,0.0,0.0,41.9181,12.465,1.0
PIAZZA ANTONIO FRADELETTO x VIA SUVERETO,1,0.0,0.0,41.9549,12.5187,1.0
VIA MONTE MANNO x VIA TIBURTINA,1,0.0,0.0,41.9406,12.6358,1.0
VIA MOTTA VISCONTI x VIA NERVIANO,1,0.0,0.0,41.9461,12.3884,1.0
VIA MONTE GRIMANO x VIALE CARMELO BENE,1,0.0,0.0,41.9751,12.5336,1.0
VIA MONTE GIBERTO x VIA PIAGGE,1,0.0,0.0,41.9807,12.5167,1.0
PIAZZA ARCISATE x VIA MAGNANO IN RIVIERA,1,0.0,0.0,41.9964,12.4851,1.0
VIA MONTE DEL MARMO x VIA PAMPARATO,1,0.0,0.0,41.9285,12.3867,1.0
PIAZZA ATTILIO MUGGIA x VIALE FRANCESCO CALTAGIRONE,1,0.0,0.0,41.9098,12.6541,1.0
VIA MONTE CARDONETO x VIA MONTE RUGGERO,1,0.0,0.0,41.948,12.5298,1.0
VIA MONTE CANDA x VIA MONTE RUGGERO,1,0.0,0.0,41.9477,12.5313,1.0
PIAZZA BAINSIZZA x VIA OSLAVIA,1,0.0,0.0,41.9192,12.4615,1.0
PIAZZA BARCELLONA x VIA DELLE TRE FONTANE,1,0.0,0.0,41.8402,12.47,1.0
VIA MONTASIO x VIA NOMENTANA,1,0.0,0.0,41.959,12.5737,1.0
VIA MONTALDEO x VIA OCCIMIANO,1,0.0,0.0,41.8238,12.3045,1.0
VIA MONTAIONE x VIA VAGLIA,1,0.0,0.0,41.95,12.5147,1.0
VIA MONSIGNOR PIETRO ORSI x VIA PIERO CORTI,1,0.0,0.0,41.9047,12.6721,1.0
PIAZZA BEATA VERGINE DEL CARMELO x VIALE DON PASQUINO BORGHI,1,0.0,0.0,41.8089,12.4457,1.0
PIAZZA ACILIA x VIA LUCRINO,1,0.0,0.0,41.9289,12.5124,1.0
PASSEGGIATA DI RIPETTA x PIAZZA FIUME,1,0.0,0.0,41.9081,12.4749,1.0
LUNGOTEVERE IN SASSIA x VIA GREGORIO VII,1,0.0,0.0,41.9012,12.4632,1.0
VIA NIZZA x VIA VELLETRI,1,0.0,0.0,41.9129,12.5013,1.0
VIA NOMENTANA x VIA ZARA,1,0.0,0.0,,,1.0
LUNGOTEVERE MARESCIALLO DIAZ x PIAZZA LAURO DE BOSIS,1,0.0,0.0,41.9316,12.4591,1.0
VIA NOMENTANA x VIA VAL D'OSSOLA,1,0.0,0.0,41.9341,12.5306,1.0
LUNGOTEVERE MARESCIALLO DIAZ x PONTE DUCA D'AOSTA,1,0.0,0.0,41.9339,12.462,1.0
LUNGOTEVERE MARESCIALLO DIAZ x VIALE DEL MINISTERO DEGLI AFFARI ESTERI,1,0.0,0.0,41.9339,12.462,1.0
LUNGOTEVERE MARESCIALLO DIAZ x VIALE PAOLO BOSELLI,1,0.0,0.0,41.9339,12.462,1.0
LUNGOTEVERE MARZIO x PIAZZA DEL PORTO DI RIPETTA,1,0.0,0.0,41.9045,12.475,1.0
VIA NOMENTANA x VIA POMPEO UGONIO,1,0.0,0.0,41.9225,12.5201,1.0
VIA NOMENTANA x VIA ONOFRIO PANVINIO,1,0.0,0.0,41.959,12.5737,1.0
VIA NOMENTANA NUOVA x VIA VAL TROMPIA,1,0.0,0.0,41.9342,12.5311,1.0
LUNGOTEVERE MARZIO x VIA DEI SOMASCHI,1,0.0,0.0,41.9034,12.4741,1.0
LUNGOTEVERE MICHELANGELO x PIAZZA DELLA LIBERTA',1,0.0,0.0,41.9121,12.4704,1.0
LUNGOTEVERE MICHELANGELO x VIA POMPEO MAGNO,1,0.0,0.0,41.911,12.4709,1.0
LUNGOTEVERE RIPA x PONTE PALATINO,1,0.0,0.0,41.8891,12.4785,1.0
VIA NINO TAMASSIA x VIA SAN SEVERINO MARCHE,1,0.0,0.0,41.9446,12.587,1.0
PASSEGGIATA DEL GIANICOLO x PIAZZALE GIUSEPPE GARIBALDI,1,0.0,0.0,41.8913,12.4608,1.0
VIA NINO TAMASSIA x VIA ROSARIO NICOLO',1,0.0,0.0,41.9447,12.5868,1.0
VIA NICOLO' PORPORA x VIA SAVERIO MERCADANTE,1,0.0,0.0,41.9181,12.4918,1.0
LUNGOTEVERE RIPA x VIA RIPENSE,1,0.0,0.0,41.8878,12.4788,1.0
VIA NICOLA CAMPANILE x VIA VASCO PRATOLINI,1,0.0,0.0,41.9203,12.4365,1.0
VIA NICASTRO x VIA TARANTO,1,0.0,0.0,41.8834,12.5197,1.0
LUNGOTEVERE SALVO D'ACQUISTO x VIA PERU',1,0.0,0.0,41.9352,12.4713,1.0
VIA NEMEA x VIA RICCARDO ZANDONAI,1,0.0,0.0,41.9484,12.4584,1.0
LUNGOTEVERE TESTACCIO x VIA FLORIO,1,0.0,0.0,41.8777,12.4707,1.0
LUNGOTEVERE TOR DI NONA x PIAZZA DI PONTE UMBERTO I,1,0.0,0.0,41.9024,12.4714,1.0
LUNGOTEVERE VATICANO x PONTE VITTORIO EMANUELE II,1,0.0,0.0,41.9015,12.4639,1.0
VIA NARNI x VIA TODI,1,0.0,0.0,41.8794,12.5277,1.0
VIA NARNI x VIA NOCERA UMBRA,1,0.0,0.0,41.8784,12.5288,1.0
LUNGOTEVERE VITTORIO GASSMAN x VIA PIETRO BLASERNA,1,0.0,0.0,41.8692,12.4725,1.0
VIA NAIDE x VIA NICANDRO,1,0.0,0.0,41.9155,12.6053,1.0
VIA FRASCATI x VIA TUSCOLANA,1,0.0,0.0,41.8655,12.5419,1.0
VIA ADELINA PATTI x VIA MATTIA BATTISTINI,1,0.0,0.0,41.9139,12.4185,1.0
PIAZZA TUSCOLO x VIA ELVIA RECINA,1,0.0,0.0,41.8804,12.5082,1.0
VIA BOMPIETRO x VIA ROMETTA,1,0.0,0.0,41.8675,12.6808,1.0
VIA DEL CASALETTO x VIA VINCENZO USSANI,1,0.0,0.0,41.8594,12.4414,1.0
VIA BORGHESIANA x VIA CONTESSA ENTELLINA,1,0.0,0.0,41.8692,12.6739,1.0
VIA BONIFACIO VIII x VIA DI PORTA FABBRICA,1,0.0,0.0,41.8991,12.453,1.0
VIA BONDENO x VIA CASTIGLION DE' PEPOLI,1,0.0,0.0,41.7901,12.4141,1.0
VIA DEL CENACOLO x VIA DELLA STAZIONE DELLA STORTA,1,0.0,0.0,42.0018,12.3817,1.0
VIA DEL CIRCO MASSIMO x VIA DELL'ARA MASSIMA DI ERCOLE,1,0.0,0.0,41.8873,12.4823,1.0
VIA BONCOMPAGNI x VIA ROMAGNA,1,0.0,0.0,41.9087,12.4945,1.0
VIA BOMPIETRO x VIA MOTTA CAMASTRA,1,0.0,0.0,41.8662,12.6829,1.0
PIAZZA TUSCOLO x VIA ETRURIA,1,0.0,0.0,41.8801,12.5085,1.0
VIA BOMBAY x VIALE DELL'OCEANO INDIANO,1,0.0,0.0,41.8226,12.4459,1.0
VIA BOMARZO x VIA FLAMINIA NUOVA,1,0.0,0.0,41.96,12.4878,1.0
VIA DEL FONTANILE DI CARCARICOLA x VIALE DELLA SORBONA,1,0.0,0.0,41.8546,12.612,1.0
VIA DEL FORNETTO x VIA QUIRINO MAJORANA,1,0.0,0.0,41.8685,12.4621,1.0
VIA BOEZIO x VIA VIRGILIO,1,0.0,0.0,41.9068,12.4656,1.0
VIA DEL FORO ITALICO x VIALE DI TOR DI QUINTO,1,0.0,0.0,41.9406,12.4814,1.0
VIA BOEZIO x VIA OVIDIO,1,0.0,0.0,41.9066,12.4644,1.0
VIA BORGHESIANA x VIA PETRALIA SOTTANA,1,0.0,0.0,41.8672,12.6731,1.0
VIA DEL CASALETTO x VIA DI VILLA ZINGONE,1,0.0,0.0,41.8651,12.436,1.0
VIA BORGHETTO DI VARA x VIA DELLA STAZIONE AURELIA,1,0.0,0.0,41.8847,12.399,1.0
VIA BORGO TICINO x VIA DI CASALOTTI,1,0.0,0.0,41.9159,12.3685,1.0
VIA BRACCIANENSE x VIA BRUINO,1,0.0,0.0,42.0336,12.2791,1.0
VIA BRACCIANENSE x VIA BRACCIANENSE NUOVA,1,0.0,0.0,42.0118,12.366,1.0
VIA DEL CASALE DI S. ISIDORO x VIA DI PRATAPORCI,1,0.0,0.0,41.8465,12.6896,1.0
VIA BOTRICELLO x VIA PUBLIO ELIO,1,0.0,0.0,41.8275,12.6134,1.0
VIA DEL CASALE FERRANTI x VIA MARIO BROGLIO,1,0.0,0.0,41.8347,12.5831,1.0
VIA DEL CASALE FERRANTI x VIA SAN NICOLA DELL'ALTO,1,0.0,0.0,41.8335,12.5859,1.0
VIA DEL CASALE LUMBROSO x VIA LUIGI SANTINI,1,0.0,0.0,41.8671,12.3601,1.0
VIA BORUTTA x VIA MONTRESTA,1,0.0,0.0,41.8767,12.6748,1.0
VIA DEL CASALE LUMBROSO x VIA PIO SPEZI,1,0.0,0.0,41.8671,12.3601,1.0
VIA BORUTTA x VIA CESSANITI,1,0.0,0.0,41.8767,12.6748,1.0
VIA BORMIDA x VIALE REGINA MARGHERITA,1,0.0,0.0,41.9142,12.5051,1.0
VIA DEL CASALE SANSONI x VIA TRIONFALE,1,0.0,0.0,41.9693,12.4091,1.0
VIA BORGOGNONA x VIA MARIO DE FIORI,1,0.0,0.0,,,1.0
VIA DEL CASALE ZOLA x VIA RICCARDO FORSTER,1,0.0,0.0,41.8223,12.51,1.0
VIA DEL CASALETTO DI GIANO x VIA MELICUCCA',1,0.0,0.0,,,1.0
VIA BOEZIO x VIA ORAZIO,1,0.0,0.0,41.9068,12.4666,1.0
VIA BOEMONDO x VIA LORENZO IL MAGNIFICO,1,0.0,0.0,41.9121,12.5251,1.0
VIA BIXIO x VIA EMANUELE FILIBERTO,1,0.0,0.0,,,1.0
VIA BERNARDINO ALIMENA x VIALE LUIGI SCHIAVONETTI,1,0.0,0.0,41.8449,12.6108,1.0
VIA DEL FOSSO DI TOR PAGNOTTA x VIA DI CASTEL DI LEVA,1,0.0,0.0,41.7844,12.5233,1.0
VIA DEL FOSSO DI TOR PAGNOTTA x VICOLO DEL FOSSO DI TOR PAGNOTTA,1,0.0,0.0,41.7824,12.5259,1.0
VIA DEL FOSSO DI TOR TRE TESTE x VIA GIROLAMO VARIOLA,1,0.0,0.0,41.8857,12.6081,1.0
VIA DEL FOSSO DI TOR TRE TESTE x VIA MARISA BELLISARIO,1,0.0,0.0,41.887,12.6039,1.0
VIA DEL FRANTOIO x VIA DELL'ERPICE,1,0.0,0.0,41.9133,12.5615,1.0
VIA BERCETO x VIA BOMPORTO,1,0.0,0.0,41.7807,12.3768,1.0
VIA DEL GAZOMETRO x VIA DEL PORTO FLUVIALE,1,0.0,0.0,41.8724,12.4787,1.0
VIA DEL GAZOMETRO x VIA OSTIENSE,1,0.0,0.0,41.8109,12.4229,1.0
VIA BENIAMINO FRANKLIN x VIA GALILEO FERRARIS,1,0.0,0.0,41.8786,12.4724,1.0
VIA BENIAMINO FIAMMA x VIALE ALEXANDRE GUSTAVE EIFFEL,1,0.0,0.0,41.81,12.3388,1.0
VIA DEL GRANO x VIA FRANCESCO BONAFEDE,1,0.0,0.0,41.8772,12.5786,1.0
VIA BENEDETTO XV x VIA DEL FORTE BRASCHI,1,0.0,0.0,41.9156,12.4216,1.0
VIA BENEDETTO CROCE x VIA GAETANO TREZZA,1,0.0,0.0,41.8421,12.485,1.0
VIA BENACO x VIA TARO,1,0.0,0.0,41.9225,12.5059,1.0
VIA BELVEDERE MONTELLO x VIA GINO FRONTALI,1,0.0,0.0,41.9148,12.3929,1.0
VIA DEL FOSSO DI S. SPIRITO x VIA INZAGO,1,0.0,0.0,41.9461,12.3853,1.0
VIA DEL FOSSO DI S. MAURA x VIA STEFANO DELLA BELLA,1,0.0,0.0,41.8571,12.5998,1.0
VIA DEL FORTE DI PIETRALATA x VIA DI PIETRALATA,1,0.0,0.0,41.9219,12.5469,1.0
VIA BERNARDINO PASSERI x VIA DI BRAVA,1,0.0,0.0,41.8696,12.3824,1.0
VIA DEL FORTE OSTIENSE x VIALE GUGLIELMO MARCONI,1,0.0,0.0,41.8573,12.4713,1.0
VIA DEL FORTE TRIONFALE x VIA PIEVE DI CADORE,1,0.0,0.0,41.9382,12.4324,1.0
VIA BIGARELLO x VIA CARLO ALBIZZATI,1,0.0,0.0,,,1.0
VIA DEL FOSSO DELL'ACQUA MARIANA x VIA DELLA STAZIONE DI CIAMPINO,1,0.0,0.0,41.8124,12.6154,1.0
VIA DEL FOSSO DELL'OSA x VIA ELICE,1,0.0,0.0,,,1.0
VIA BIAGIO PETROCELLI x VIA GIUSEPPE CAPOGRASSI,1,0.0,0.0,41.8385,12.6081,1.0
VIA DEL FOSSO DELL'OSA x VIA PIETRABBONDANTE,1,0.0,0.0,41.9016,12.6859,1.0
VIA DEL FOSSO DELL'OSA x VIA POLENSE,1,0.0,0.0,41.8897,12.693,1.0
VIA BERNARDINO VARISCO x VIA S. TOMMASO D'AQUINO,1,0.0,0.0,41.9145,12.4506,1.0
VIA DEL FOSSO DELLA MAGLIANA x VIA EMPOLI,1,0.0,0.0,41.8372,12.4146,1.0
VIA DEL FOSSO DI DRAGONCELLO x VIA DI CASTEL FUSANO,1,0.0,0.0,41.7447,12.3126,1.0
VIA BERNARDINO RAMAZZINI x VIA FEDERICO DI DONATO,1,0.0,0.0,41.8666,12.4505,1.0
VIA BERNARDINO PASSERI x VIA PORTUENSE,1,0.0,0.0,41.8469,12.414,1.0
VIA DEL FOSSO DI RADICELLI x VIA LAURENTINA,1,0.0,0.0,41.8103,12.4856,1.0
VIA DEL FOSSO DI S. ANDREA x VICOLO ANAGNINO,1,0.0,0.0,41.8126,12.6295,1.0
VIA DEL CASALE DI S. BASILIO x VIA RECANATI,1,0.0,0.0,41.9365,12.5818,1.0
VIA BRACCIANENSE x VIA CASSIA,1,0.0,0.0,41.9828,12.4137,1.0
VIA BRACCIO DA MONTONE x VIA FANFULLA DA LODI,1,0.0,0.0,41.8893,12.5304,1.0
VIA DEI PESCATORI x VIA DI CASTEL FUSANO,1,0.0,0.0,41.7333,12.3126,1.0
VIA DEI PIOPPI x VIA DELLE BEGONIE,1,0.0,0.0,41.8779,12.5702,1.0
VIA CALPURNIO FIAMMA x VIA TUSCOLANA,1,0.0,0.0,41.8608,12.5608,1.0
VIA CALPURNIO FIAMMA x VIA FLAVIO STILICONE,1,0.0,0.0,41.8608,12.5609,1.0
VIA CALOVETO x VIA CENTRACHE,1,0.0,0.0,41.8732,12.6793,1.0
VIA DEI PLATANI x VIALE DELLA PRIMAVERA,1,0.0,0.0,41.8815,12.5608,1.0
VIA CALIMNO x VIA DELLE CAVE FISCALI,1,0.0,0.0,41.9456,12.5238,1.0
VIA DEI PLUMBAGHI x VIA DEI TAMARINDI,1,0.0,0.0,41.7107,12.5818,1.0
VIA CALDERON DE LA BARCA x VIA VIENNA,1,0.0,0.0,41.8404,12.5113,1.0
VIA CALDERON DE LA BARCA x VIA DI GROTTA PERFETTA,1,0.0,0.0,41.838,12.5077,1.0
VIA DEI PRATI FISCALI x VIA VAL PELLICE,1,0.0,0.0,41.9462,12.5194,1.0
VIA CALASCIBETTA x VIA DELL' OSTERIA DEL FINOCCHIO,1,0.0,0.0,41.8587,12.6813,1.0
VIA DEI RADAR x VIA DI S. ALESSANDRO,1,0.0,0.0,41.9367,12.6034,1.0
VIA CALABRIA x VIA PIAVE,1,0.0,0.0,41.9104,12.4982,1.0
VIA DEI ROBILANT x VIA MARESCIALLO CAVIGLIA,1,0.0,0.0,41.9362,12.4644,1.0
VIA CAIRATE x VIA RUDIANO,1,0.0,0.0,41.9512,12.3834,1.0
VIA DEI PINI x VIA DELLE ACACIE,1,0.0,0.0,41.8884,12.5696,1.0
VIA CALVATONE x VIA GIANDOMENICO BERTOLI,1,0.0,0.0,41.7835,12.327,1.0
VIA CAIO MANILIO x VIA TUSCOLANA,1,0.0,0.0,41.858,12.56,1.0
VIA DEI PESCATORI x VIA DEL CANALE DELLA LINGUA,1,0.0,0.0,41.7412,12.3403,1.0
VIA CAMPO BRUNO x VIA DI PRATAPORCI,1,0.0,0.0,41.8595,12.6848,1.0
VIA CAMPANIA x VIA TOSCANA,1,0.0,0.0,41.9105,12.4924,1.0
VIA DEI MONTI DI PIETRALATA x VIA GERARDO CHIAROMONTE,1,0.0,0.0,41.9157,12.5321,1.0
VIA DEI MONTI DI PIETRALATA x VIA VACUNA,1,0.0,0.0,41.911,12.5359,1.0
VIA DEI MONTI DI PRIMAVALLE x VIA FRANCESCO MARIA TORRIGIO,1,0.0,0.0,41.9097,12.413,1.0
VIA DEI MONTI DI S. PAOLO x VIA GIUSEPPE BEDUSCHI,1,0.0,0.0,41.791,12.3584,1.0
VIA CAMILLO NEGRO x VIA DI TORREVECCHIA,1,0.0,0.0,41.924,12.4129,1.0
VIA CAMILLO MIOLA x VIA FELICE GIANI,1,0.0,0.0,41.7662,12.338,1.0
VIA CAMILLO DA ALBINO x VIA GIOVANNI ARMANDI,1,0.0,0.0,41.7847,12.3527,1.0
VIA DEI MONTI TIBURTINI x VIA TIBURTINA,1,0.0,0.0,41.9176,12.5414,1.0
VIA DEI NOCI x VIALE DELLE GARDENIE,1,0.0,0.0,41.886,12.5656,1.0
VIA CAMILLA VIRGINIA SAVELLI x VIALE RATTO DELLE SABINE,1,0.0,0.0,41.9465,12.6006,1.0
VIA CAMILLA RAVERA x VIALE ESPERIA SPERANI,1,0.0,0.0,41.9617,12.3967,1.0
VIA DEI PANFILI x VIA DELLE ALEUTINE,1,0.0,0.0,41.7375,12.2786,1.0
VIA CAMERATA PICENA x VIA SERRA DE' CONTI,1,0.0,0.0,41.9859,12.5159,1.0
VIA CAIO RUTILIO x VIA LICINIO STOLONE,1,0.0,0.0,41.856,12.5668,1.0
VIA CAIO CANULEIO x VIA LUCIO PAPIRIO,1,0.0,0.0,41.8532,12.5603,1.0
VIA DEL CASALE DI S. BASILIO x VIA FILOTTRANO,1,0.0,0.0,41.9385,12.5786,1.0
VIA BRUNO MADERNA x VIA FRANCESCO CILEA,1,0.0,0.0,41.7448,12.3752,1.0
VIA BRUNO DE FINETTI x VIA MARCELLO CONVERSI,1,0.0,0.0,41.7938,12.4898,1.0
VIA DEL BADILE x VIA DELL'ERPICE,1,0.0,0.0,41.9134,12.5622,1.0
VIA DEL BADILE x VIA DELLA VANGA,1,0.0,0.0,41.9111,12.5629,1.0
VIA DEL CALCIO x VIA FAUSTO COPPI,1,0.0,0.0,41.8329,12.5101,1.0
VIA BRUNO DE FINETTI x VIA EDOARDO AMALDI,1,0.0,0.0,41.7925,12.4854,1.0
VIA DEL CALICETTO x VIA SANTA SEVERINA,1,0.0,0.0,41.8348,12.5603,1.0
VIA DEL CANALE DELLA LINGUA x VIA EPAMINONDA,1,0.0,0.0,41.7412,12.3403,1.0
VIA DEL CANALE DELLA LINGUA x VIA PELOPIDA,1,0.0,0.0,41.7412,12.3403,1.0
VIA BRONTE x VIA CASTELVETRANO,1,0.0,0.0,41.8571,12.6668,1.0
VIA DEL CAPPELLACCIO x VIA DEL MARE,1,0.0,0.0,41.8403,12.4632,1.0
VIA DEL CAPRIFOGLIO x VIA DELL'ALLORO,1,0.0,0.0,41.8752,12.5715,1.0
VIA DEL CARAVITA x VIA DI MONTECATINI,1,0.0,0.0,41.8993,12.4802,1.0
VIA DEL CASALE CALETTO x VIA JACOPO DELLA QUERCIA,1,0.0,0.0,41.9202,12.6047,1.0
VIA DEL CASALE DEL FINOCCHIO x VIA DEL FOSSO DI VALPIGNOLA,1,0.0,0.0,41.8534,12.7073,1.0
VIA BRENNERO x VIALE CARNARO,1,0.0,0.0,41.9378,12.5334,1.0
VIA DEL BABUINO x VIA DELLA CROCE,1,0.0,0.0,41.9065,12.4812,1.0
VIA BRUNO MOLAJOLI x VIA DI MACCHIA SAPONARA,1,0.0,0.0,41.7747,12.3531,1.0
VIA CAIAZZO x VIA NOCERA INFERIORE,1,0.0,0.0,41.8942,12.6315,1.0
VIA DEI VALERI x VIA DELL'AMBA ARADAM,1,0.0,0.0,41.8832,12.4994,1.0
VIA CAGLIARI x VIA NIZZA,1,0.0,0.0,41.9129,12.5041,1.0
VIA DEI SARDI x VIA TIBURTINA,1,0.0,0.0,41.8987,12.5149,1.0
VIA DEI SARDI x VIALE DELLO SCALO S. LORENZO,1,0.0,0.0,41.8956,12.5179,1.0
VIA CADORE x VIA LIGURIA,1,0.0,0.0,41.906,12.4883,1.0
VIA DEI SESAMI x VIALE PALMIRO TOGLIATTI,1,0.0,0.0,41.8832,12.5731,1.0
VIA CABOTO x VIA GIUSEPPE ACERBI,1,0.0,0.0,41.8711,12.4784,1.0
VIA BURGIO x VIA CASILINA,1,0.0,0.0,41.8626,12.6212,1.0
VIA DEI SOMMOZZATORI x VIA ICILIO BACCI,1,0.0,0.0,41.8222,12.4815,1.0
VIA DEI TANI x VIA DELLA CASETTA MATTEI,1,0.0,0.0,41.8517,12.4203,1.0
VIA DEI TEBALDESCHI x VIA DI BRAVETTA,1,0.0,0.0,41.8762,12.4257,1.0
VIA DEI TORRIANI x VIA DI BRAVETTA,1,0.0,0.0,41.8762,12.4257,1.0
VIA BUONARROTI x VIA MERULANA,1,0.0,0.0,41.8927,12.5016,1.0
VIA DEI TRANSATLANTICI x VIA LITORANEA,1,0.0,0.0,41.6876,12.3735,1.0
VIA DEI TURRANII x VIA VIGGIANO,1,0.0,0.0,41.831,12.5224,1.0
VIA DEI VALDERETTI x VIA DELLA PISANA,1,0.0,0.0,41.8577,12.389,1.0
VIA BELMONTE IN SABINA x VIA DI S. ALESSANDRO,1,0.0,0.0,41.9488,12.5981,1.0
VIA DEL MARE x VIA DELLE GONDOLE,1,0.0,0.0,41.7354,12.2766,1.0
VIA BELISARIO x VIA PRENESTINA,1,0.0,0.0,41.8935,12.6042,1.0
VIA ASCONIO PEDIANO x VIA CINCINNATO,1,0.0,0.0,41.8662,12.5485,1.0
VIA DELLA CASETTA MATTEI x VIA LA CONTEA,1,0.0,0.0,41.8579,12.4196,1.0
VIA ASCANIO RIVALDI x VIA FOLCO PORTINARI,1,0.0,0.0,41.8679,12.4498,1.0
VIA DELLA CERQUETTA x VIA GIUSEPPE CANTAGALLI,1,0.0,0.0,42.0158,12.3718,1.0
VIA ARTURO MALIGNANI x VIA ROBERT MALLET,1,0.0,0.0,41.9106,12.6528,1.0
VIA DELLA COLLINA VOLPI x VIA GALLIENO,1,0.0,0.0,41.8554,12.4813,1.0
VIA ARTURO GRAF x VIA FRANCESCO D'OVIDIO,1,0.0,0.0,41.9432,12.5527,1.0
VIA ARTURO EVANS x VIALE DEI ROMAGNOLI,1,0.0,0.0,41.7613,12.3047,1.0
VIA DELLA CRESCENZA x VIA DI GROTTAROSSA,1,0.0,0.0,41.9732,12.46,1.0
VIA DELLA CROCE x VIA MARIO DE FIORI,1,0.0,0.0,41.9064,12.4807,1.0
VIA DELLA DIVISIONE TORINO x VIA FRATELLI LAURANA,1,0.0,0.0,41.8218,12.4861,1.0
VIA ARTURO D'ASPRO x VIA DI TOR PAGNOTTA,1,0.0,0.0,41.8038,12.5061,1.0
VIA DELLA FANELLA x VIA PORTUENSE,1,0.0,0.0,41.8469,12.414,1.0
VIA DELLA FARNESINA x VIA DELLA MARATONA,1,0.0,0.0,41.9429,12.4602,1.0
VIA DELLA FONTANA CORVIA x VICOLO DEL FOSSO DI VALPIGNOLA,1,0.0,0.0,41.8566,12.7053,1.0
VIA DELLA FONTANA DEL FINOCCHIO x VIA SANT'ANGELO MUXARO,1,0.0,0.0,41.8569,12.6882,1.0
VIA DELLA CANAPA x VIALE DEI ROMAGNOLI,1,0.0,0.0,,,1.0
VIA ASIAGO x VIA MONTELLO,1,0.0,0.0,41.9186,12.4631,1.0
VIA DELLA FUSOLIERA x VIALE MEDITERRANEO,1,0.0,0.0,41.7201,12.3052,1.0
VIA DELLA BUFALOTTA x VIADOTTO GIOVANNI GRONCHI,1,0.0,0.0,41.9535,12.5443,1.0
VIA AUGUSTO TAMBURINI x VIA DI TORREVECCHIA,1,0.0,0.0,41.9234,12.4123,1.0
VIA DELL'ORSA MINORE x VIALE DEGLI ASTRI,1,0.0,0.0,41.812,12.4468,1.0
VIA AUGUSTO LUPI x VIA GIOVANNI CAMILLO PERESIO,1,0.0,0.0,41.8658,12.5834,1.0
VIA DELLA BALDUINA x VIA DUCCIO GALIMBERTI,1,0.0,0.0,41.9136,12.4427,1.0
VIA AUGUSTO CONTI x VIA MATTEO PALMIERI,1,0.0,0.0,41.9471,12.4253,1.0
VIA AUGUSTO CONTI x VIA GIOVITA RAVIZZA,1,0.0,0.0,41.9471,12.4253,1.0
VIA AUGUSTO CONTI x VIA GHERARDO GHIRARDINI,1,0.0,0.0,41.9438,12.4231,1.0
VIA AUGUSTO CAMERINI x VIA DELLA BUFALOTTA,1,0.0,0.0,41.9676,12.5499,1.0
VIA ATTILIO PROFUMO x VIA DEL COLLETTORE PRIMARIO,1,0.0,0.0,41.7654,12.3103,1.0
VIA DELLA BUFALOTTA x VIA IDA BACCINI,1,0.0,0.0,41.9573,12.5479,1.0
VIA ATLANTE x VIA TIFEO,1,0.0,0.0,41.8764,12.6174,1.0
VIA ATENE x VIALE LONDRA,1,0.0,0.0,41.8415,12.5127,1.0
VIA DELLA BUFALOTTA x VIA MARIO CERMENATI,1,0.0,0.0,41.9676,12.5499,1.0
VIA ATANASIO SOLDATI x VIA LUIGI RUSSOLO,1,0.0,0.0,41.9115,12.618,1.0
VIA ASSISI x VIA OTRICOLI,1,0.0,0.0,41.8816,12.5302,1.0
VIA ARRIGO CAVAGLIERI x VIA EMANUELE CARNEVALE,1,0.0,0.0,41.8483,12.6041,1.0
VIA ARNALDO BRANDIZZI x VIA GIOVANNI CASTANO,1,0.0,0.0,41.8817,12.6257,1.0
VIA DELL'IMPRUNETA x VIA DELLA MAGLIANA,1,0.0,0.0,41.8317,12.4196,1.0
VIA DELLA MAGLIANA x VIALE ALESSANDRO MARCHETTI,1,0.0,0.0,41.8317,12.4196,1.0
VIA ARISTIDE GABELLI x VIA TRIONFALE,1,0.0,0.0,41.9416,12.4212,1.0
VIA ARISTIDE CARABELLI x VIALE DELLE REPUBBLICHE MARINARE,1,0.0,0.0,41.7387,12.2685,1.0
VIA DELLA MARCIGLIANA x VIA DI TOR S. GIOVANNI,1,0.0,0.0,41.9866,12.5718,1.0
VIA ARISTIDE CARABELLI x VIA DANILO STIEPOVICH,1,0.0,0.0,41.7394,12.2683,1.0
VIA DELLA MARTINICA x VIA DELLE EBRIDI,1,0.0,0.0,41.7402,12.2614,1.0
VIA DELLA MARTINICA x VIA DI NOSTRA SIGNORA DI BONARIA,1,0.0,0.0,41.7402,12.2614,1.0
VIA DELLA MASSA CALCIANA x VIA DI CARCARICOLA,1,0.0,0.0,41.8631,12.6121,1.0
VIA DELLA MELORIA x VIA FRANCESCO SIVORI,1,0.0,0.0,41.9069,12.4465,1.0
VIA DELLA MENDOLA x VIA VIPITENO,1,0.0,0.0,41.9468,12.4453,1.0
VIA ARIOSTO x VIA GALILEI,1,0.0,0.0,41.8905,12.5041,1.0
VIA ARGENTINA x VIA INDIA,1,0.0,0.0,41.9323,12.4763,1.0
VIA ARENULA x VIA FLORIDA,1,0.0,0.0,41.8949,12.4765,1.0
VIA DELLA MURATELLA x VIALE DI PESCINA GAGLIARDA,1,0.0,0.0,41.8576,12.2585,1.0
VIA ARDUINO FORGIARINI x VIA DELLE AZZORRE,1,0.0,0.0,41.7398,12.266,1.0
VIA DELLA NAVICELLA x VIA DRUSO,1,0.0,0.0,41.8822,12.4979,1.0
VIA ARISTIDE LEONORI x VIALE CRISTOFORO COLOMBO,1,0.0,0.0,41.8508,12.486,1.0
VIA DELLA MAGLIANA x VIA SCARPERIA,1,0.0,0.0,41.8317,12.4196,1.0
VIA DELLA GIULIANA x VIA RODI,1,0.0,0.0,41.9133,12.4542,1.0
VIA ARISTIDE STADERINI x VIA PIETRO FUMAROLI,1,0.0,0.0,41.8918,12.5872,1.0
VIA DELLA GIUSTINIANA x VIA INVERIGO,1,0.0,0.0,42.0042,12.4825,1.0
VIA DELLA LEGA LOMBARDA x VIA IRENE IMPERATRICE,1,0.0,0.0,41.9086,12.5252,1.0
VIA DELLA LEGA LOMBARDA x VIALE DELLE PROVINCIE,1,0.0,0.0,41.9096,12.5212,1.0
VIA ARMANDO BRASINI x VIA CARMELO MAESTRINI,1,0.0,0.0,41.7985,12.4406,1.0
VIA DELLA MADDALENA x VIA DELLE COPPELLE,1,0.0,0.0,41.9005,12.4766,1.0
VIA DELLA MAGLIANA NUOVA x VIA DI VILLA BONELLI,1,0.0,0.0,41.851,12.4569,1.0
VIA DELLA MAGLIANA x VIA DELLA MAGLIANA NUOVA,1,0.0,0.0,41.8566,12.4586,1.0
VIA ARISTONICO D'ALESSANDRIA x VIA MENIPPO,1,0.0,0.0,41.759,12.3612,1.0
VIA DELLA MAGLIANA x VIA DI GENEROSA,1,0.0,0.0,41.8317,12.4196,1.0
VIA ARISTOFANE x VIA ESCHILO,1,0.0,0.0,41.762,12.3721,1.0
VIA DELLA MAGLIANA x VIA ERNESTO NATHAN,1,0.0,0.0,41.8535,12.4583,1.0
VIA DELLA MAGLIANA x VIA GUIDO MIGLIOLI,1,0.0,0.0,41.8317,12.4196,1.0
VIA ARISTOFANE x VIA DI ACILIA,1,0.0,0.0,41.7663,12.381,1.0
VIA ARISTIDE STADERINI x VIA SENATORE BORLETTI,1,0.0,0.0,41.8916,12.5872,1.0
VIA DELLA MAGLIANA x VIA PIAN DUE TORRI,1,0.0,0.0,41.8392,12.4062,1.0
VIA AURELIA ANTICA x VIA DEL CASALE DI S. PIO V,1,0.0,0.0,41.8902,12.4351,1.0
VIA DELL'IDROSCALO x VIA DELLA TORTUGA,1,0.0,0.0,41.7391,12.2578,1.0
VIA BEDONIA x VIA PADRE ANTONIO COCCHI,1,0.0,0.0,41.7827,12.3779,1.0
VIA BARTOLOMEO GOSIO x VIA PASQUALE JANNACCONE,1,0.0,0.0,41.9413,12.4746,1.0
VIA BARTOLOMEO AVANZINI x VIA DELLA PISANA,1,0.0,0.0,41.8577,12.389,1.0
VIA BARRAFRANCA x VIA DELLA FONTANA DEL FINOCCHIO,1,0.0,0.0,41.8604,12.6884,1.0
VIA DEL PRATO DELLA SIGNORA x VIA SALARIA,1,0.0,0.0,41.9389,12.5097,1.0
VIA DEL QUIRINALE x VIA DELLE QUATTRO FONTANE,1,0.0,0.0,,,1.0
VIA DEL RISARO x VIA GEMMANO,1,0.0,0.0,41.781,12.421,1.0
VIA BALDO DEGLI UBALDI x VIA GIULIO SACCHETTI,1,0.0,0.0,41.8999,12.4363,1.0
VIA DEL ROSMARINO x VIA MATTEO RIPA,1,0.0,0.0,41.7835,12.3565,1.0
VIA BALDO DEGLI UBALDI x VIA FILIPPO ERMINI,1,0.0,0.0,41.8999,12.4363,1.0
VIA DEL SERAFICO x VIA PADRE GIUSEPPE LAIS,1,0.0,0.0,41.8302,12.4868,1.0
VIA BALDO DEGLI UBALDI x VIA DI VALLE AURELIA,1,0.0,0.0,41.9134,12.4336,1.0
VIA DEL TEATRO DI MARCELLO x VIA DELLE TRE PILE,1,0.0,0.0,41.8937,12.4819,1.0
VIA DEL TEATRO DI MARCELLO x VIA LUIGI PETROSELLI,1,0.0,0.0,41.8902,12.4809,1.0
VIA DEL TEATRO DI MARCELLO x VIA MONTANARA,1,0.0,0.0,41.893,12.4811,1.0
VIA BALDO DEGLI UBALDI x VIA BONAVENTURA CERRETTI,1,0.0,0.0,41.899,12.4332,1.0
VIA BALDASSARRE PERUZZI x VIA DI S. SABA,1,0.0,0.0,41.8795,12.4849,1.0
VIA DEL PONTE DI MALNOME x VIA DI PONTE GALERIA,1,0.0,0.0,41.8303,12.3412,1.0
VIA BARTOLOMEO MARLIANO x VIA DI S. ANGELA MERICI,1,0.0,0.0,41.9233,12.5247,1.0
VIA DEL TORRACCIO DI TORRENOVA x VIA FABRIZIO CHIARI,1,0.0,0.0,41.8684,12.6259,1.0
VIA BARTOLOMEO PLATINA x VIA FERDINANDO UGHELLI,1,0.0,0.0,41.8697,12.5165,1.0
VIA BEDOLLO x VIALE DI CASTEL PORZIANO,1,0.0,0.0,41.7311,12.3616,1.0
VIA BEDOLLO x VIA SALORNO,1,0.0,0.0,41.7302,12.3683,1.0
VIA DEL MONTE DELLE CAPRE x VICOLO DEGLI ORTI DELLA MAGLIANA,1,0.0,0.0,41.8461,12.4278,1.0
VIA BASSANELLO x VIA DI GROTTAROSSA,1,0.0,0.0,41.9722,12.4419,1.0
VIA DEL PARCO x VIALE DELLA PINETA,1,0.0,0.0,41.9107,12.4879,1.0
VIA DEL PERGOLATO x VIALE PALMIRO TOGLIATTI,1,0.0,0.0,41.8846,12.5736,1.0
VIA DEL PETTIROSSO x VIA ENRICO GIGLIOLI,1,0.0,0.0,41.8676,12.5976,1.0
VIA DEL PIANETA GIOVE x VIALE DELLA GRANDE MURAGLIA,1,0.0,0.0,41.8158,12.4463,1.0
VIA DEL PIANETA VENERE x VIA DI DECIMA,1,0.0,0.0,41.8151,12.4516,1.0
VIA DEL PODERE FIUME x VIA DELLA VALLE DEI FONTANILI,1,0.0,0.0,41.926,12.406,1.0
VIA BARZANO' x VIA CARLO ALBIZZATI,1,0.0,0.0,41.7759,12.3348,1.0
VIA DEL PODERE ROSA x VIA EUFRASIA MARTINETTI,1,0.0,0.0,41.9407,12.5645,1.0
VIA DEL PONTE DEGLI INCASTRI x VIA DELLA FONTANA SECCA,1,0.0,0.0,42.0803,12.346,1.0
VIA DEL PONTE DEGLI INCASTRI x VIA DI BACCANELLO,1,0.0,0.0,42.0628,12.3534,1.0
VIA BARZANO' x VIA CALVIGNANO,1,0.0,0.0,41.7793,12.3308,1.0
VIA DEL TORRACCIO DI TORRENOVA x VIA DOMENICO PARASACCHI,1,0.0,0.0,41.867,12.6325,1.0
VIA DEL TORRACCIO DI TORRENOVA x VIA JACOPO TORRITI,1,0.0,0.0,41.868,12.6263,1.0
VIA DELL'ELETTRONICA x VIALE UMBERTO TUPINI,1,0.0,0.0,41.8342,12.4625,1.0
VIA AUSTRIA x VIALE XVII OLIMPIADE,1,0.0,0.0,41.932,12.472,1.0
VIA AURELIANA x VIA FLAVIA,1,0.0,0.0,41.9063,12.4961,1.0
VIA DELL'AEROPORTO x VIA VESTRICIO SPURINNA,1,0.0,0.0,41.7976,12.5908,1.0
VIA AURELIA x VIA UGO DA PORTA RAVEGNANA,1,0.0,0.0,41.8861,12.4012,1.0
VIA DELL'ALLORO x VIA DELL'EDERA,1,0.0,0.0,41.8744,12.5716,1.0
VIA AURELIA x VIA PIO VIII,1,0.0,0.0,41.8861,12.4012,1.0
VIA DELL'AMBA ARADAM x VIA DI VILLA FONSECA,1,0.0,0.0,41.8853,12.5003,1.0
VIA AURELIA x VIA PAOLO BENTIVOGLIO,1,0.0,0.0,41.8861,12.4012,1.0
VIA AURELIA x VIA EGIDIO ALBORNOZ,1,0.0,0.0,41.8861,12.4012,1.0
VIA DELL'APPAGLIATORE x VIA DELLE AZZORRE,1,0.0,0.0,41.7413,12.2738,1.0
VIA DELL'APPAGLIATORE x VIA DELLE EBRIDI,1,0.0,0.0,41.739,12.2619,1.0
VIA DELL'ARCHEOLOGIA x VIA FRANCESCO LONDONIO,1,0.0,0.0,41.8794,12.6288,1.0
VIA AURELIA x VIA DIOMEDE MARVASI,1,0.0,0.0,41.89,12.4115,1.0
VIA DELL'ARCHITETTURA x VIALE DELLA MUSICA,1,0.0,0.0,41.833,12.4782,1.0
VIA DELL'ARCO DI TRAVERTINO x VIA GENZANO,1,0.0,0.0,41.8682,12.5368,1.0
VIA AURELIA x VIA CARDINAL BOFONDI,1,0.0,0.0,41.8978,12.437,1.0
VIA AURORA x VIA LUDOVISI,1,0.0,0.0,41.9068,12.4879,1.0
VIA AVELLINO x VIA CASILINA,1,0.0,0.0,41.8874,12.5258,1.0
VIA DEL TORRACCIO DI TORRENOVA x VIA LEONARDO AGOSTINI,1,0.0,0.0,41.8684,12.6259,1.0
VIA DELL'ACQUA PAOLA x VIA DELLA PINETA SACCHETTI,1,0.0,0.0,41.9341,12.4264,1.0
VIA BALDASSARRE ORERO x VIA DI PORTONACCIO,1,0.0,0.0,41.8983,12.5388,1.0
VIA DEL TORRACCIO DI TORRENOVA x VIALE DUILIO CAMBELLOTTI,1,0.0,0.0,41.8684,12.6259,1.0
VIA BAGNATICA x VIA ORZIVECCHI,1,0.0,0.0,42.0402,12.4695,1.0
VIA BACCHILIDE x VIA EURIPIDE,1,0.0,0.0,41.7692,12.3721,1.0
VIA BACCHIGLIONE x VIA NEMORENSE,1,0.0,0.0,41.9244,12.5081,1.0
VIA DEL TUFO x VIA LEOPOLDO PILLA,1,0.0,0.0,41.9239,12.5413,1.0
VIA DEL VASCELLO x VIA FRANCESCO DAVERIO,1,0.0,0.0,41.8859,12.4595,1.0
VIA DEL VASCELLO x VIA ORESTE REGNOLI,1,0.0,0.0,41.884,12.4597,1.0
VIA DEL VIMINALE x VIA NAPOLI,1,0.0,0.0,41.9006,12.4964,1.0
VIA BACCANO x VIALE DELLE GALLINE BIANCHE,1,0.0,0.0,41.9971,12.4926,1.0
VIA BACCANO x VIA SEQUALS,1,0.0,0.0,41.9955,12.4924,1.0
VIA DELL' OSTERIA DEL FINOCCHIO x VIA GIONATA,1,0.0,0.0,41.8574,12.6808,1.0
VIA DELL' OSTERIA DEL FINOCCHIO x VIA MUSSOMELI,1,0.0,0.0,41.8611,12.6832,1.0
VIA AVOLA x VIA ROCCALUMERA,1,0.0,0.0,41.8829,12.6636,1.0
VIA DELL'ACQUA MARCIA x VIA DELLE MESSI D'ORO,1,0.0,0.0,41.9195,12.5529,1.0
VIA CAMPOBELLO DI LICATA x VIA GIARRE,1,0.0,0.0,41.856,12.6725,1.0
VIA DEI MELI x VIA DEL FOSSO DI CENTOCELLE,1,0.0,0.0,41.8808,12.5736,1.0
VIA DEI MAZZANTI x VIA DELLA CASETTA MATTEI,1,0.0,0.0,41.8579,12.4196,1.0
VIA CASTELNUOVO DI GARFAGNANA x VIA MONTELUPO FIORENTINO,1,0.0,0.0,41.8467,12.4294,1.0
VIA CASTELLO TESINO x VIALE DI CASTEL PORZIANO,1,0.0,0.0,41.7308,12.3491,1.0
VIA CORRIDONIA x VIA MONTECAROTTO,1,0.0,0.0,41.9419,12.5813,1.0
VIA CORRIDONIA x VIA SENIGALLIA,1,0.0,0.0,41.9412,12.5826,1.0
VIA CORROPOLI x VIA MORRO D'ORO,1,0.0,0.0,41.9319,12.6476,1.0
VIA CORROPOLI x VIA ORTUCCHIO,1,0.0,0.0,41.9345,12.6492,1.0
VIA CASTELLETTO D'ERRO x VIA MURISENGO,1,0.0,0.0,41.8239,12.3073,1.0
VIA CORTALE x VIA PUBLIO ELIO,1,0.0,0.0,41.8265,12.6168,1.0
VIA CORTE FRANCA x VIA FRASSINETO,1,0.0,0.0,42.0,12.4865,1.0
VIA CASTELLANETA x VIA MOLFETTA,1,0.0,0.0,41.8902,12.5752,1.0
VIA CASTELFORTE x VIA OLEVANO ROMANO,1,0.0,0.0,41.8922,12.5555,1.0
VIA COSIMO DE GIORGI x VIA LEOPOLDO PILLA,1,0.0,0.0,41.924,12.5422,1.0
VIA CASTELBELLINO x VIA OFFAGNA,1,0.0,0.0,41.9212,12.7248,1.0
VIA COSTANTINO LAZZARI x VIA DINO PENAZZATO,1,0.0,0.0,41.8978,12.5649,1.0
VIA COSTANTINO MORIN x VIA DELLA GIULIANA,1,0.0,0.0,41.9133,12.4542,1.0
VIA COSTANTINO MORTATI x VIA DONATO MENICHELLA,1,0.0,0.0,41.948,12.5856,1.0
VIA CORRADO MANTONI x VIA GIAN MARIA VOLONTE',1,0.0,0.0,41.9694,12.5354,1.0
VIA CORRADO CAGLI x VIA DEI BASALDELLA,1,0.0,0.0,41.7726,12.3458,1.0
VIA COSTANTINO x VIA GALBA,1,0.0,0.0,41.8565,12.488,1.0
VIA CASTELPETROSO x VIA CASTROPIGNANO,1,0.0,0.0,41.9349,12.6414,1.0
VIA CATERINA TROIANI x VIA DELLE COSTELLAZIONI,1,0.0,0.0,41.8121,12.45,1.0
VIA CORFINIO x VIA SANNIO,1,0.0,0.0,41.8847,12.5083,1.0
VIA CASTROVETERE x VIA TIBURTINA,1,0.0,0.0,41.939,12.629,1.0
VIA CORINALDO x VIA DEL CASALE DI S. BASILIO,1,0.0,0.0,41.9353,12.5827,1.0
VIA CORINALDO x VIA OSIMO,1,0.0,0.0,41.9361,12.5835,1.0
VIA CASTROPIGNANO x VIA CERCEPICCOLA,1,0.0,0.0,41.9331,12.6454,1.0
VIA CORINALDO x VIA TREIA,1,0.0,0.0,41.9376,12.5851,1.0
VIA CORINTO x VIA VALCO DI S. PAOLO,1,0.0,0.0,41.8524,12.4747,1.0
VIA CORIOLANO x VIA ENEA,1,0.0,0.0,41.8737,12.5269,1.0
VIA CASTORE DURANTE x VIA PIETRO ROMUALDO PIROTTA,1,0.0,0.0,41.8918,12.5718,1.0
VIA CORLEONE x VIA MAZARA DEL VALLO,1,0.0,0.0,41.8644,12.6869,1.0
VIA CORNELIA x VIA FRANCESCO LANDI,1,0.0,0.0,41.9045,12.393,1.0
VIA CASTELVETRANO x VIA SANTA ELISABETTA,1,0.0,0.0,41.8565,12.6661,1.0
VIA CORNELIO SISENNA x VIA EMILIO MACRO,1,0.0,0.0,41.87,12.5766,1.0
VIA CORNICULUM x VIA DI S. ALESSANDRO,1,0.0,0.0,41.9423,12.6045,1.0
VIA CASTEL SAN VINCENZO x VIA GALATEA,1,0.0,0.0,41.9167,12.6141,1.0
VIA COSTANTINO x VIALE CRISTOFORO COLOMBO,1,0.0,0.0,41.8089,12.4536,1.0
VIA CONTESSA ENTELLINA x VIA GRATTERI,1,0.0,0.0,41.8682,12.6715,1.0
VIA CASSIA x VIA DELLA TORRE DELLE CORNACCHIE,1,0.0,0.0,41.9924,12.3936,1.0
VIA CASSIA x VIA DELLA STORTA,1,0.0,0.0,41.9657,12.3646,1.0
VIA CASSIA x VIA DELLA CERQUETTA,1,0.0,0.0,41.9828,12.4137,1.0
VIA CRISTOFORO COLOMBO x VIA TIRTEO,1,0.0,0.0,41.8089,12.4536,1.0
VIA CASSIA x VIA DEL PODISMO,1,0.0,0.0,41.9465,12.4635,1.0
VIA CASSIA x VIA DEL CENACOLO,1,0.0,0.0,42.0096,12.3776,1.0
VIA CASSIA x VIA COLLEGIOVE,1,0.0,0.0,41.9708,12.436,1.0
VIA CASOLA VALSENIO x VIA SARSINA,1,0.0,0.0,,,1.0
VIA CASIMIRO MANASSEI x VIA ROBERTO ALESSANDRI,1,0.0,0.0,41.8674,12.4414,1.0
VIA CASILINA x VIA VIBIO SEQUESTRE,1,0.0,0.0,41.8831,12.5334,1.0
VIA CASILINA x VIA SASSONEGRO,1,0.0,0.0,41.8661,12.5974,1.0
VIA CASILINA x VIA ROMOLO BALZANI,1,0.0,0.0,41.8765,12.5543,1.0
VIA CRISTOFORO NUMAI x VIA DI TORREVECCHIA,1,0.0,0.0,41.9234,12.4123,1.0
VIA CASILINA x VIA GIUSEPPE BERNERI,1,0.0,0.0,41.8626,12.6212,1.0
VIA CASILINA x VIA GINO CUGINI,1,0.0,0.0,41.8706,12.5812,1.0
VIA CUPRA x VIA DELLE CAVE DI PIETRALATA,1,0.0,0.0,41.9093,12.5373,1.0
VIA CRISTOFORO COLOMBO x VIA PALOS,1,0.0,0.0,41.8089,12.4536,1.0
VIA CRISTOFORO COLOMBO x VIA ODOARDO BECCARI,1,0.0,0.0,41.8724,12.492,1.0
VIA COSTANTINO x VIALE LEONARDO DA VINCI,1,0.0,0.0,41.8558,12.4805,1.0
VIA CASSIA x VIA GIANNINO ANTONA TRAVERSI,1,0.0,0.0,41.9828,12.4137,1.0
VIA COSTANZO CASANA x VIA PROSPERO INTORCETTA,1,0.0,0.0,41.7878,12.332,1.0
VIA CREMERA x VIA SALARIA,1,0.0,0.0,41.9124,12.498,1.0
VIA CASSIODORO x VIA OVIDIO,1,0.0,0.0,41.9061,12.4646,1.0
VIA CASSINO x VIA TIBURTINA,1,0.0,0.0,41.9214,12.5644,1.0
VIA CRESCENZIO CONTE DI SABINA x VIA TROILO IL GRANDE,1,0.0,0.0,41.9482,12.6011,1.0
VIA CASSIANO BELIGATTI x VIA GIACOMO DELLA MARCA,1,0.0,0.0,41.7857,12.3541,1.0
VIA CASSIA x VIA VOLUSIA,1,0.0,0.0,41.9828,12.4137,1.0
VIA CASSIA x VIA VITTORIO PICCININI,1,0.0,0.0,41.9828,12.4137,1.0
VIA CRESCENZIO x VIA TACITO,1,0.0,0.0,41.9054,12.4684,1.0
VIA CASSIA x VIA VALLE DELLA STORTA,1,0.0,0.0,41.9828,12.4137,1.0
VIA CASSIA x VIA SILLA,1,0.0,0.0,41.9828,12.4137,1.0
VIA CRISTOFORO COLOMBO x VIA DELLE SETTE CHIESE,1,0.0,0.0,41.8601,12.4988,1.0
VIA CASSIA x VIA PARMENIO BETTOLI,1,0.0,0.0,42.0182,12.3767,1.0
VIA CASSIA x VIA LUIGI BODIO,1,0.0,0.0,41.9454,12.4695,1.0
VIA CASSIA x VIA GRADOLI,1,0.0,0.0,41.9659,12.4425,1.0
VIA CONZANO x VIA MURISENGO,1,0.0,0.0,41.8238,12.3045,1.0
VIA CONTARDO FERRINI x VIALE PALMIRO TOGLIATTI,1,0.0,0.0,41.8573,12.5712,1.0
VIA CUTIGLIANO x VIA DELLA MAGLIANA,1,0.0,0.0,41.8317,12.4196,1.0
VIA CIVITANOVA MARCHE x VIA SAN SEVERINO MARCHE,1,0.0,0.0,41.9429,12.586,1.0
VIA CLAUDIO CARCAGNI x VIA VINCENZO COMPARINI,1,0.0,0.0,41.9927,12.4855,1.0
VIA CLEANTE x VIALE DEI DIADOCHI,1,0.0,0.0,41.7403,12.3456,1.0
VIA CLELIA x VIA CORIOLANO,1,0.0,0.0,41.8743,12.5261,1.0
VIA CLELIA x VIA EURIALO,1,0.0,0.0,41.874,12.5256,1.0
VIA CHERSO x VIA FAEDIS,1,0.0,0.0,41.8962,12.5616,1.0
VIA CLITUNNO x VIA GARIGLIANO,1,0.0,0.0,41.9198,12.501,1.0
VIA CHERASCO x VIA RIVOLI,1,0.0,0.0,41.9592,12.3485,1.0
VIA CHECCO DURANTE x VIA VALENTINO BANAL,1,0.0,0.0,41.8814,12.5536,1.0
VIA CLODOMIRO BONFIGLI x VIA DI TORREVECCHIA,1,0.0,0.0,41.9234,12.4123,1.0
VIA COGOLETO x VIA FRANCESCO MARCONI,1,0.0,0.0,41.9263,12.4229,1.0
VIA CETONA x VIA DI VIGNA CECCARELLI,1,0.0,0.0,41.8455,12.4331,1.0
VIA CESIRA FIORI x VIA SIMONETTA LANDUCCI TOSI,1,0.0,0.0,41.9583,12.398,1.0
VIA CESARE TALLONE x VIA RAFFAELE COSTI,1,0.0,0.0,41.9093,12.5924,1.0
VIA COLA DI RIENZO x VIA LUCREZIO CARO,1,0.0,0.0,41.908,12.4652,1.0
VIA CESARE PASCARELLA x VIA PORTUENSE,1,0.0,0.0,41.8469,12.414,1.0
VIA CIVITAVECCHIA x VIA NIZZA,1,0.0,0.0,41.9139,12.5033,1.0
VIA CHIETI x VIA IMPERIA,1,0.0,0.0,41.9089,12.5141,1.0
VIA CESARE MACCARI x VIA LUIGI COCHETTI,1,0.0,0.0,41.7742,12.3586,1.0
VIA CIVENNA x VIA DI VALLE MURICANA,1,0.0,0.0,42.0281,12.4677,1.0
VIA CINETO ROMANO x VIA DI MARCO SIMONE,1,0.0,0.0,41.9516,12.6429,1.0
VIA CINGOLI x VIA FABRIANO,1,0.0,0.0,41.9413,12.585,1.0
VIA CINIGIANO x VIA VAGLIA,1,0.0,0.0,41.95,12.5147,1.0
VIA CINO DA PISTOIA x VIA GUIDO GUINIZELLI,1,0.0,0.0,41.876,12.4591,1.0
VIA CIMABUE x VIA FLAMINIA,1,0.0,0.0,41.9419,12.4718,1.0
VIA CILICIA x VIA CRISTOFORO COLOMBO,1,0.0,0.0,41.8562,12.4944,1.0
VIA CIACULLI x VICOLO DI COLLE TRUGLI,1,0.0,0.0,41.8443,12.7024,1.0
VIA CHIVASSO x VIA DELLA STORTA,1,0.0,0.0,41.9375,12.3485,1.0
VIA CHIRONE x VIA DI TORRENOVA,1,0.0,0.0,41.8797,12.6177,1.0
VIA CIRO MENOTTI x VIA GIOVANNI NICOTERA,1,0.0,0.0,41.9155,12.4685,1.0
VIA CISBERTO VECCHI x VIA ULDERICO MAZZOLANI,1,0.0,0.0,41.847,12.5923,1.0
VIA CITTA' DI CASCIA x VIA FLAMINIA,1,0.0,0.0,41.9459,12.4732,1.0
VIA CITTA' DI CASTELLO x VIA FLAMINIA,1,0.0,0.0,41.9419,12.4718,1.0
VIA CITTA' DI PRATO x VIA DELLA MAGLIANA,1,0.0,0.0,41.8317,12.4196,1.0
VIA CHIRONE x VIA DEI CENTAURI,1,0.0,0.0,41.8799,12.6184,1.0
VIA CESARE MASSINI x VIA DEI RUDERI DI CASA CALDA,1,0.0,0.0,41.8746,12.5939,1.0
VIA COLLALTO SABINO x VIA SCANDRIGLIA,1,0.0,0.0,41.9316,12.518,1.0
VIA CAVIZZANA x VIA LAUREGNO,1,0.0,0.0,41.7351,12.3807,1.0
VIA COLLEVECCHIO x VIA TRIONFALE,1,0.0,0.0,41.9409,12.4229,1.0
VIA CELSO ULPIANI x VIA FRANCESCO SELMI,1,0.0,0.0,41.9305,12.5702,1.0
VIA COLLI SUL VELINO x VIA MONTENERO SABINO,1,0.0,0.0,41.9363,12.6248,1.0
VIA COLLINA x VIA RAFFAELE CADORNA,1,0.0,0.0,41.9086,12.4986,1.0
VIA COLOMBA ANTONIETTI x VIA DELLA RENELLA,1,0.0,0.0,41.8906,12.4717,1.0
VIA CELESTINO ROSATELLI x VIA VINCENZO BONIFATI,1,0.0,0.0,41.9164,12.6604,1.0
VIA CECILIO STAZIO x VIALE DELLE MEDAGLIE D'ORO,1,0.0,0.0,41.9231,12.4457,1.0
VIA CAVUCCIO x VIA POLENSE,1,0.0,0.0,41.9031,12.7087,1.0
VIA COLUMELLA x VIA DEI CICERI,1,0.0,0.0,41.8685,12.5474,1.0
VIA COMANO x VIA MOLAZZANA,1,0.0,0.0,41.9561,12.5162,1.0
VIA CAVUCCIO x VIA NEPEZZANO,1,0.0,0.0,41.9061,12.7121,1.0
VIA CAVRIGLIA x VIA GIUSEPPE VALMARANA,1,0.0,0.0,41.9476,12.5155,1.0
VIA CAVOUR x VIA SFORZA,1,0.0,0.0,41.8958,12.4944,1.0
VIA CAVOUR x VIA PRINCIPE AMEDEO,1,0.0,0.0,,,1.0
VIA CAVOUR x VIA DI S. MARIA MAGGIORE,1,0.0,0.0,41.8974,12.496,1.0
VIA CONDOVE x VIA TRICERRO,1,0.0,0.0,41.9439,12.3204,1.0
VIA COLLEVERDE x VIA DI CASAL BIANCO,1,0.0,0.0,41.9418,12.6314,1.0
VIA COLLESANO x VIA DELLA FONTANA DEL FINOCCHIO,1,0.0,0.0,41.8588,12.6869,1.0
VIA COLLATINA x VIA DEGLI ARMENTI,1,0.0,0.0,41.9034,12.5856,1.0
VIA CENTRACHE x VIA NARDODIPACE,1,0.0,0.0,41.8752,12.6777,1.0
VIA COLLATINA x VIA DELLA TENUTA DEL CAVALIERE,1,0.0,0.0,41.9058,12.6108,1.0
VIA CESARE GIORGIO RAITA x VIA ROMEO RODRIGUEZ PEREIRA,1,0.0,0.0,41.9173,12.4379,1.0
VIA CESARE FRACASSINI x VIA GIOVANNI BATTISTA TIEPOLO,1,0.0,0.0,41.9233,12.4697,1.0
VIA CESARE FERRERO DI CAMBIANO x VIA STEFANO JACINI,1,0.0,0.0,41.9493,12.4681,1.0
VIA COLLATINA x VIA FONTANA LIRI,1,0.0,0.0,41.9049,12.5975,1.0
VIA CESARE FEDERICI x VIALE CRISTOFORO COLOMBO,1,0.0,0.0,41.8089,12.4536,1.0
VIA COLLATINA x VIA GUGLIELMO SANSONI,1,0.0,0.0,41.9034,12.584,1.0
VIA COLLATINA x VIA LATISANA,1,0.0,0.0,41.8957,12.5628,1.0
VIA CESARE CASTIGLIONI x VIA SEBASTIANO VINCI,1,0.0,0.0,41.9391,12.4204,1.0
VIA CESARE BALBO x VIA PANISPERNA,1,0.0,0.0,41.8969,12.4936,1.0
VIA CESARE ALGRANATI x VIA LUIGI LODI,1,0.0,0.0,41.9106,12.5429,1.0
VIA CESANENSE x VICOLO CESANENSE,1,0.0,0.0,42.0916,12.3468,1.0
VIA CERZETO x VIA TUSCOLANA,1,0.0,0.0,41.8361,12.6018,1.0
VIA CERRETO DI SPOLETO x VIA TUSCOLANA,1,0.0,0.0,,,1.0
VIA COLLE VAL D'ELSA x VIALE VENTIMIGLIA,1,0.0,0.0,41.8409,12.4384,1.0
VIA CURZIO RUFO x VIA TUSCOLANA,1,0.0,0.0,41.8576,12.5607,1.0
VIA CUTILIA x VIA IMERA,1,0.0,0.0,41.8788,12.5109,1.0
VIA CANAZEI x VIA CAVARENO,1,0.0,0.0,41.7366,12.3826,1.0
VIA CARLO ARTURO JEMOLO x VIA ENRICO TULLIO LIEBMAN,1,0.0,0.0,41.9506,12.582,1.0
VIA CARLO AMORETTI x VIA DEI DURANTINI,1,0.0,0.0,41.9147,12.5417,1.0
VIA DEI CICLAMINI x VIA FILIPPO ARENA,1,0.0,0.0,41.8928,12.5657,1.0
VIA DEI COLOMBI x VIA DELL'USIGNOLO,1,0.0,0.0,41.8732,12.5989,1.0
VIA CARINI x VIA GABRIELE ROSSETTI,1,0.0,0.0,41.8852,12.4609,1.0
VIA DEI CORAZZIERI x VIALE LUCA GAURICO,1,0.0,0.0,41.8242,12.4854,1.0
VIA DEI CORIBANTI x VIA DI TORRENOVA,1,0.0,0.0,41.8756,12.6193,1.0
VIA DEI CORIBANTI x VIA ESPERIDE,1,0.0,0.0,41.8751,12.6172,1.0
VIA CARINI x VIA DI S. PANCRAZIO,1,0.0,0.0,,,1.0
VIA DEI CORRIDORI x VICOLO D'ORFEO,1,0.0,0.0,41.9032,12.461,1.0
VIA DEI COVONI x VIA DEL GRANO,1,0.0,0.0,41.8757,12.5762,1.0
VIA DEI CRISTOFORI x VIA PIETRO MAFFI,1,0.0,0.0,41.9248,12.4191,1.0
VIA CARFIZZI x VIA DEL CALICE,1,0.0,0.0,41.8343,12.5627,1.0
VIA DEI CROCIFERI x VICOLO DELLE BOLLETTE,1,0.0,0.0,41.9008,12.4817,1.0
VIA DEI DUE MACELLI x VIA DEL TRITONE,1,0.0,0.0,41.9029,12.4856,1.0
VIA DEI DUE PONTI x VIA DELLA CRESCENZA,1,0.0,0.0,41.9664,12.4612,1.0
VIA CARLO ARMELLINI x VIALE LUCA GAURICO,1,0.0,0.0,41.8218,12.4927,1.0
VIA CARLO ARTURO JEMOLO x VIA FRANCESCO PAOLO BONIFACIO,1,0.0,0.0,41.951,12.5811,1.0
VIA DEI DURANTINI x VIA FERONIA,1,0.0,0.0,41.919,12.5453,1.0
VIA CARLO BELLI x VIA TRIONFALE,1,0.0,0.0,41.9299,12.4449,1.0
VIA DEI CAMPI FLEGREI x VIA NOMENTANA,1,0.0,0.0,41.959,12.5737,1.0
VIA CARLO DE' MARCHESETTI x VIA CASILINA,1,0.0,0.0,41.8695,12.5844,1.0
VIA DEI CAMPI FLEGREI x VIA VALSUGANA,1,0.0,0.0,41.9332,12.5263,1.0
VIA CARLO CATTANEO x VIA NAPOLEONE III,1,0.0,0.0,41.8973,12.5012,1.0
VIA DEI CAMPI SPORTIVI x VIA UGO CECCARELLI,1,0.0,0.0,41.9358,12.4903,1.0
VIA DEI CASALI DI TORREVECCHIA x VIA DI TORREVECCHIA,1,0.0,0.0,41.9204,12.41,1.0
VIA CARLO CASINI x VICOLO DI DRAGONE,1,0.0,0.0,41.7786,12.3395,1.0
VIA CARLO CASINI x VIA PIETRO BENEDETTI,1,0.0,0.0,41.7773,12.3404,1.0
VIA CARLO CARRA' x VIALE GIORGIO MORANDI,1,0.0,0.0,41.8978,12.5839,1.0
VIA DEI CASTANI x VIA DELLE PALME,1,0.0,0.0,41.8893,12.5651,1.0
VIA CARLO CARRA' x VIALE GIORGIO DE CHIRICO,1,0.0,0.0,41.8982,12.5873,1.0
VIA DEI CAVALLEGGERI x VIA DI PORTA CAVALLEGGERI,1,0.0,0.0,41.9002,12.4571,1.0
VIA DEI CENTAURI x VIA DI TORRENOVA,1,0.0,0.0,41.8782,12.6183,1.0
VIA CARLO BOTTA x VIA GUICCIARDINI,1,0.0,0.0,41.8912,12.5016,1.0
VIA DEI CERCHI x VIA DI S. GREGORIO,1,0.0,0.0,41.8848,12.4893,1.0
VIA CARDINALE MASSIMI x VIA MATTIA BATTISTINI,1,0.0,0.0,41.9071,12.4163,1.0
VIA CARDINALE MASSIMI x VIA LUCIO II,1,0.0,0.0,41.9071,12.4172,1.0
VIA DEI CALDORA x VIA DEI RINUCCINI,1,0.0,0.0,41.8527,12.4177,1.0
VIA DEI GOZZADINI x VIA S. PIO V,1,0.0,0.0,41.8951,12.4335,1.0
VIA CAPISTRANO x VIA STIGNANO,1,0.0,0.0,41.8382,12.5843,1.0
VIA DEI GRACCHI x VIA MARCANTONIO COLONNA,1,0.0,0.0,41.91,12.467,1.0
VIA CAPANNORI x VIA CASTEL FOCOGNANO,1,0.0,0.0,41.9731,12.5139,1.0
VIA DEI GROTTONI x VIA DELLA MAGLIANA NUOVA,1,0.0,0.0,41.8555,12.4581,1.0
VIA CANTOIRA x VIA GRONDONA,1,0.0,0.0,41.9271,12.3876,1.0
VIA CANTARANA x VIA GUAZZORA,1,0.0,0.0,41.8241,12.2989,1.0
VIA CANOSA DI PUGLIA x VIA DI ACQUA BULLICANTE,1,0.0,0.0,41.8838,12.5434,1.0
VIA DEI MACARANI x VIA DEI MARCELLINI,1,0.0,0.0,41.8702,12.4215,1.0
VIA DEI MAGAZZINI GENERALI x VIA DEL COMMERCIO,1,0.0,0.0,41.8718,12.4775,1.0
VIA CANDIA x VIA TUNISI,1,0.0,0.0,41.9081,12.4527,1.0
VIA CANBERRA x VIA DELLA BUFALOTTA,1,0.0,0.0,41.9676,12.5499,1.0
VIA DEI MARTIRI DE LA STORTA x VIA ROCCO SANTOLIQUIDO,1,0.0,0.0,41.993,12.4116,1.0
VIA DEI MARTIRI DELLA DEPORTAZIONE x VIALE DEI CADUTI PER LA RESISTENZA,1,0.0,0.0,41.7842,12.4411,1.0
VIA DEI MARTIRI DI MARZABOTTO x VIALE DEI CADUTI PER LA RESISTENZA,1,0.0,0.0,41.7842,12.4411,1.0
VIA DEI MARTIRI OSTIENSI x VIA DELLA GENTE SALINATORIA,1,0.0,0.0,41.7603,12.3035,1.0
VIA DEI GRACCHI x VIA EZIO,1,0.0,0.0,41.909,12.4663,1.0
VIA DEI GOZZADINI x VIA DEI SAVORELLI,1,0.0,0.0,41.896,12.4351,1.0
VIA DEI FABBRI NAVALI x VIA DEI NAVICELLARI,1,0.0,0.0,41.7283,12.2831,1.0
VIA CAPITAN BAVASTRO x VIA CRISTOFORO COLOMBO,1,0.0,0.0,41.8694,12.496,1.0
VIA DEI FAGGI x VIA DEI FRASSINI,1,0.0,0.0,41.8841,12.5682,1.0
VIA CARDINALE GARAMPI x VIA DEL FORTE BRASCHI,1,0.0,0.0,41.9134,12.4199,1.0
VIA DEI FAGGI x VIA DELLE AZALEE,1,0.0,0.0,41.884,12.5695,1.0
VIA DEI FAGGI x VIA LAURINA,1,0.0,0.0,41.8842,12.5643,1.0
VIA DEI FAGGI x VIA TOR DE' SCHIAVI,1,0.0,0.0,41.8844,12.5609,1.0
VIA CARDINALE CAPRARA x VIA CARDINALE OREGLIA,1,0.0,0.0,41.9035,12.4236,1.0
VIA CARDINAL PAROCCHI x VIA DI BOCCEA,1,0.0,0.0,41.9149,12.3847,1.0
VIA CARASSAI x VIA DI SETTEBAGNI,1,0.0,0.0,41.9773,12.5402,1.0
VIA CAPUA x VIA POLICASTRO,1,0.0,0.0,41.8825,12.5453,1.0
VIA CAPRESE x VIA DELLA MAGLIANA NUOVA,1,0.0,0.0,41.8524,12.4572,1.0
VIA CAPRAIA x VIA TONALE,1,0.0,0.0,41.9487,12.5348,1.0
VIA DEI GELSI x VIA ERNESTO MAURI,1,0.0,0.0,41.8898,12.572,1.0
VIA CAPO SPARTIVENTO x VIALE DEI PROMONTORI,1,0.0,0.0,41.7369,12.2934,1.0
VIA CAPO SPARTIVENTO x VIADOTTO ATTICO TABACCHI,1,0.0,0.0,,,1.0
VIA DEI GLICINI x VIALE DELLA PRIMAVERA,1,0.0,0.0,41.8801,12.5602,1.0
VIA DEI CAMPANI x VIALE DELLO SCALO S. LORENZO,1,0.0,0.0,41.895,12.5155,1.0
VIA CARLO DEL GRECO x VIA ERMANNO CARLOTTO,1,0.0,0.0,41.7324,12.2898,1.0
VIA D'ARACOELI x VIA DELLE BOTTEGHE OSCURE,1,0.0,0.0,41.895,12.4801,1.0
VIA DEGLI AGROSTEMMI x VIA DELLE COSMEE,1,0.0,0.0,41.71,12.5853,1.0
VIA DEGLI ALAGNO x VIA PORTUENSE,1,0.0,0.0,41.8469,12.414,1.0
VIA DEGLI ALDOBRANDESCHI x VIA DEI CADOLINGI,1,0.0,0.0,41.8791,12.3987,1.0
VIA CASAL SARACENO x VIA CASSIA,1,0.0,0.0,41.9671,12.4403,1.0
VIA CASAL BERNOCCHI x VIA DI PONTE LADRONE,1,0.0,0.0,41.7837,12.3816,1.0
VIA CARUNCHIO x VIA DOGLIOLA,1,0.0,0.0,41.9396,12.6486,1.0
VIA CARRU' x VIA DI BOCCEA,1,0.0,0.0,41.9149,12.3847,1.0
VIA CARPANZANO x VIA SELLIA,1,0.0,0.0,41.8724,12.6822,1.0
VIA DEGLI ARGONAUTI x VIA OSTIENSE,1,0.0,0.0,41.8665,12.4795,1.0
VIA DEGLI ARMENTI x VIA DI TOR CERVARA,1,0.0,0.0,41.905,12.5896,1.0
VIA DEGLI ARTIFICIERI x VIA LAURENTINA,1,0.0,0.0,41.819,12.4821,1.0
VIA CARONIA x VIA DI QUARTO GRANDE,1,0.0,0.0,41.8605,12.6961,1.0
VIA CARLO ZUCCHI x VIA S. PIO V,1,0.0,0.0,41.8951,12.4335,1.0
VIA DEGLI ENOTRI x VIA DEI SARDI,1,0.0,0.0,41.897,12.5165,1.0
VIA CARLO ZUCCHI x VIA GREGORIO VII,1,0.0,0.0,41.8948,12.4324,1.0
VIA DEGLI EROI DI TRILY x VIALE DEI CADUTI PER LA RESISTENZA,1,0.0,0.0,41.7842,12.4411,1.0
VIA DEGLI AGROSTEMMI x VIA DELLE GERBERE,1,0.0,0.0,41.708,12.5866,1.0
VIA DEGLI AGROSTEMMI x VIA DELLA STAZIONE DI PAVONA,1,0.0,0.0,41.7159,12.581,1.0
VIA CARLO ZECCHI x VIA GIOVANNI PACINI,1,0.0,0.0,41.9178,12.4967,1.0
VIA DEGLI AGROSTEMMI x VIA DEGLI ASTRINI,1,0.0,0.0,41.7022,12.5878,1.0
VIA CASILINA x VIA ERNESTO BREDA,1,0.0,0.0,41.8624,12.6428,1.0
VIA CASILINA x VIA DELL'AQUILA REALE,1,0.0,0.0,41.8665,12.5968,1.0
VIA DAMIANO CHIESA x VIA ROMEO RODRIGUEZ PEREIRA,1,0.0,0.0,41.9178,12.4377,1.0
VIA DAMIANO CHIESA x VIA UGO DE CAROLIS,1,0.0,0.0,41.9196,12.4383,1.0
VIA DANDOLO x VIALE TRENTA APRILE,1,0.0,0.0,41.8851,12.4665,1.0
VIA DANTE VAGLIERI x VIA GIULIANO DA SANGALLO,1,0.0,0.0,41.7321,12.2744,1.0
VIA CASAPE x VIA DI CASAL DEI PAZZI,1,0.0,0.0,41.93,12.5669,1.0
VIA DARDANO FENULLI x VIALE DEGLI EROI DI RODI,1,0.0,0.0,41.777,12.4426,1.0
VIA DARIO NICCODEMI x VIA RENATO FUCINI,1,0.0,0.0,41.9518,12.5475,1.0
VIA DAVIDE CAMPARI x VIA DEI BERIO,1,0.0,0.0,41.8862,12.587,1.0
VIA CASAMASSIMA x VIA MESAGNE,1,0.0,0.0,41.8893,12.6637,1.0
VIA CASAMARI x VIA FOSSANOVA,1,0.0,0.0,41.8486,12.4766,1.0
VIA CASALE REDICICOLI x VIALE CARMELO BENE,1,0.0,0.0,41.9693,12.5403,1.0
VIA DEDALO x VIA DEI CENTAURI,1,0.0,0.0,41.8794,12.6186,1.0
VIA DEGLI ACERI x VIA TOR DE' SCHIAVI,1,0.0,0.0,41.8783,12.5641,1.0
VIA DEGLI ESTENSI x VIA DELLA CONSOLATA,1,0.0,0.0,41.8767,12.4217,1.0
VIA CARLO TAVOLACCI x VIALE DI TRASTEVERE,1,0.0,0.0,,,1.0
VIA DEI CADUTI DEL MONTE SERRA x VIA DEI GENIERI,1,0.0,0.0,41.8164,12.4864,1.0
VIA DEGLI ORTI DI MALABARBA x VIA ENRICO COSENZ,1,0.0,0.0,41.8961,12.5364,1.0
VIA DEGLI SCIALOJA x VIA GIAN DOMENICO ROMAGNOSI,1,0.0,0.0,41.9122,12.4738,1.0
VIA CARLO LORENZINI x VIA UGO OJETTI,1,0.0,0.0,41.947,12.5546,1.0
VIA CARLO LORENZINI x VIA ISIDORO DEL LUNGO,1,0.0,0.0,41.945,12.5556,1.0
VIA CARLO EMERY x VIA SALVATORE LO BIANCO,1,0.0,0.0,41.9847,12.4962,1.0
VIA DEGLI STRADIVARI x VIA GIOVANNI DA CASTEL BOLOGNESE,1,0.0,0.0,41.8746,12.4686,1.0
VIA DEGLI STRENGARI x VIA DELLE ZOCCOLETTE,1,0.0,0.0,41.8922,12.4733,1.0
VIA DEGLI URALI x VIALE DEL POGGIO FIORITO,1,0.0,0.0,41.8243,12.4701,1.0
VIA DEI BADOER x VIA DEI BUONVISI,1,0.0,0.0,41.8537,12.4242,1.0
VIA CARLO EMANUELE I x VIALE MANZONI,1,0.0,0.0,41.8919,12.5078,1.0
VIA CARLO DELLA ROCCA x VIA NATALE PALLI,1,0.0,0.0,41.8768,12.5437,1.0
VIA DEI BONZAGNA x VIA FRANCESCO BIANCHI,1,0.0,0.0,41.8606,12.6122,1.0
VIA DEI BRUNO x VIA FERRANTE RUIZ,1,0.0,0.0,41.9289,12.4136,1.0
VIA CARLO DELLA ROCCA x VIA FRANCESCO BARACCA,1,0.0,0.0,41.879,12.544,1.0
VIA DEI BUONVISI x VIA DELLA FANELLA,1,0.0,0.0,41.8534,12.4274,1.0
VIA CARLO DEL GRECO x VIA FERDINANDO ACTON,1,0.0,0.0,41.7325,12.29,1.0
VIA DEGLI SCIALOJA x VIA GIAMBATTISTA VICO,1,0.0,0.0,41.9127,12.4746,1.0
VIA DEGLI ORTI DI CESARE x VIALE DI TRASTEVERE,1,0.0,0.0,41.8732,12.4666,1.0
VIA DEGLI IDROCARBURI x VIA DI MALAGROTTA,1,0.0,0.0,41.8634,12.3291,1.0
VIA CARLO LUDOVICO BRAGAGLIA x VIA FERRUCCIO AMENDOLA,1,0.0,0.0,41.9685,12.5365,1.0
VIA DEGLI IRLANDESI x VIALE PROSPERO COLONNA,1,0.0,0.0,41.8574,12.4506,1.0
VIA CARLO TAVOLACCI x VIA JACOPA DE' SETTESOLI,1,0.0,0.0,41.8852,12.4727,1.0
VIA DEGLI OLIMPIONICI x VIA EGITTO,1,0.0,0.0,41.9346,12.477,1.0
VIA DEGLI OLIMPIONICI x VIA PERU',1,0.0,0.0,41.9342,12.4715,1.0
VIA CARLO SPEGAZZINI x VIA GIOVANNI BUCCO,1,0.0,0.0,41.9366,12.5458,1.0
VIA DEGLI OLIVI x VIA DEI CASTANI,1,0.0,0.0,41.8867,12.566,1.0
VIA CARLO POMA x VIA GIUSEPPE ANDREOLI,1,0.0,0.0,41.9144,12.4624,1.0
VIA CARLO PIRZIO BIROLI x VIA VITO SINISI,1,0.0,0.0,41.9673,12.4533,1.0
VIA CARLO PIANCASTELLI x VIA TRIONFALE,1,0.0,0.0,41.9612,12.4097,1.0
VIA CARLO PESENTI x VIA ROCCAGIOVINE,1,0.0,0.0,41.9315,12.5978,1.0
VIA CARLO PESENTI x VIA DEI LUXARDO,1,0.0,0.0,41.9303,12.5984,1.0
VIA CARLO MUSCETTA x VIA ELIAS CANETTI,1,0.0,0.0,41.983,12.554,1.0
VIA DEGLI ORSINI x VIA DEGLI SCIPIONI,1,0.0,0.0,41.9098,12.463,1.0
VIA DEGLI ORTI DELLA FARNESINA x VIA DEI DUCHI DI CASTRO,1,0.0,0.0,41.9424,12.4617,1.0
VIA CARLO MARENCO DI MORIONDO x VIA DANILO STIEPOVICH,1,0.0,0.0,,,1.0
VIA DELLA PALMAROLA x VIA GORLAGO,1,0.0,0.0,41.9413,12.3862,1.0
VIA DELLA PALMAROLA x VIA LUZZANA,1,0.0,0.0,41.9438,12.3838,1.0
VIA DELLA PARANZELLA x VIA STEFANO CANSACCHI,1,0.0,0.0,41.7334,12.2754,1.0
VIA ADELAIDE RISTORI x VIA TOMMASO SALVINI,1,0.0,0.0,41.9303,12.4924,1.0
VIA DOMENICO BACCARINI x VIA LEOPOLDO MICUCCI,1,0.0,0.0,41.8392,12.5948,1.0
VIA ADALBERTO CENCETTI x VIA ATTILIO TORRESINI,1,0.0,0.0,41.8563,12.6077,1.0
VIA ADA NEGRI x VIA LUIGI PIRANDELLO,1,0.0,0.0,41.9474,12.5617,1.0
VIA ADA NEGRI x VIA ADRIANO TILGHER,1,0.0,0.0,41.9474,12.5617,1.0
VIA DOMENICO COMPARETTI x VIA UGO OJETTI,1,0.0,0.0,41.947,12.5546,1.0
VIA ACQUALANDRONI x VIA DI S. MATTEO,1,0.0,0.0,41.8192,12.6532,1.0
VIA DOMENICO JACHINO x VIALE DON PASQUINO BORGHI,1,0.0,0.0,41.8096,12.4453,1.0
VIA DOMENICO LUPATELLI x VIA PASQUALE BAFFI,1,0.0,0.0,41.8516,12.4542,1.0
VIA ACIREALE x VIALE CASTRENSE,1,0.0,0.0,41.8883,12.5187,1.0
VIA DOMENICO PURIFICATO x VIA FRANCO GENTILINI,1,0.0,0.0,,,1.0
VIA DOMENICO SERRADIFALCO x VIA GIANDOMENICO BERTOLI,1,0.0,0.0,41.7835,12.327,1.0
VIA ACI CATENA x VIA SICULIANA,1,0.0,0.0,41.8716,12.6537,1.0
VIA ACI CATENA x VIA ROCCA FIORITA,1,0.0,0.0,41.8761,12.6523,1.0
VIA ACHILLE VERTUNNI x VIA PUBLIO DE TOMMASI,1,0.0,0.0,41.9095,12.6131,1.0
VIA ACHILLE VERTUNNI x VIA DOMENICO DE AMBROGI,1,0.0,0.0,41.9059,12.6139,1.0
VIA DOMENICO ALBERTO AZUNI x VIA GIUSEPPE PISANELLI,1,0.0,0.0,41.9148,12.4728,1.0
VIA DINO PENAZZATO x VIA RINALDO RIGOLA,1,0.0,0.0,41.8983,12.5656,1.0
VIA DONATELLO x VIA FLAMINIA,1,0.0,0.0,41.9419,12.4718,1.0
VIA DINO FRESCOBALDI x VIA LUIGI CAPUANA,1,0.0,0.0,41.9474,12.5473,1.0
VIA ADOLFO RAVA' x VIA AUGUSTO VERA,1,0.0,0.0,41.8446,12.4884,1.0
VIA DI VIGNA MURATA x VIA STEFANO PETRIS,1,0.0,0.0,41.8257,12.4958,1.0
VIA ADOLFO OMODEO x VIA TOMMASO FORTIFIOCCA,1,0.0,0.0,41.8713,12.5222,1.0
VIA DI VIGNA PIA x VIA LEONARDO GREPPI,1,0.0,0.0,41.8628,12.4589,1.0
VIA ADOLFO CINQUINI x VIA DI CASTEL DI GUIDO,1,0.0,0.0,41.9019,12.3047,1.0
VIA DI VILLA AQUARI x VIA LATINA,1,0.0,0.0,41.8738,12.5096,1.0
VIA DI VILLA AQUARI x VIA SEGESTA,1,0.0,0.0,41.8732,12.5092,1.0
VIA ADOLFO ALBERTAZZI x VIA TOMMASO GARGALLO,1,0.0,0.0,41.9504,12.5425,1.0
VIA ADOLFO ALBERTAZZI x VIA DELLA BUFALOTTA,1,0.0,0.0,41.9676,12.5499,1.0
VIA DI VILLA GIULIA x VIA FLAMINIA,1,0.0,0.0,41.9419,12.4718,1.0
VIA DI VILLA LAURICELLA x VIA ERASMO GATTAMELATA,1,0.0,0.0,41.8916,12.5363,1.0
VIA DI VILLA SACCHETTI x VIALE BRUNO BUOZZI,1,0.0,0.0,41.9214,12.4817,1.0
VIA DI VILLA SEVERINI x VIA FERDINANDO GALIANI,1,0.0,0.0,41.9476,12.4717,1.0
VIA DIANO MARINA x VIA TAGGIA,1,0.0,0.0,41.9282,12.4206,1.0
VIA DINO FRESCOBALDI x VIA LUDOVICO DI BREME,1,0.0,0.0,41.9468,12.5493,1.0
VIA DON ORIONE x VIA ETRURIA,1,0.0,0.0,41.8784,12.5156,1.0
VIA ACHILLE PAPA x VIA CAPOSILE,1,0.0,0.0,41.9197,12.4645,1.0
VIA DI VIGNA CORSETTI x VIA ULISSE DINI,1,0.0,0.0,41.8646,12.4658,1.0
VIA ELSA DE' GIORGI x VIALE CARMELO BENE,1,0.0,0.0,41.9751,12.5337,1.0
VIA ELVIA RECINA x VIA PIRGO,1,0.0,0.0,41.8798,12.507,1.0
VIA EMANUELE CIACERI x VIA POGGIO BRACCIOLINI,1,0.0,0.0,41.9452,12.568,1.0
VIA EMANUELE CIACERI x VIA QUINTO TOSATTI,1,0.0,0.0,41.9472,12.5699,1.0
VIA ABIGAILLE ZANETTA x VIA MARGARET MEAD,1,0.0,0.0,41.815,12.5068,1.0
TRATTO URBANO A91 x VIA CRISTOFORO COLOMBO,1,0.0,0.0,41.84,12.4777,1.0
SVINCOLO GRA x VIA DELLA PISANA,1,0.0,0.0,41.8577,12.389,1.0
VIA EMANUELE FILIBERTO x VIA UMBERTO BIANCAMANO,1,0.0,0.0,41.8875,12.5082,1.0
VIA EMANUELE GIANTURCO x VIA PASQUALE STANISLAO MANCINI,1,0.0,0.0,41.9143,12.474,1.0
VIA EMILIO DE MARCHI x VIA NOMENTANA,1,0.0,0.0,41.959,12.5737,1.0
VIA EMILIO FAA' DI BRUNO x VIA PREVESA,1,0.0,0.0,41.9139,12.4566,1.0
VIA EMILIO LEPIDO x VIA STATILIO TAURO,1,0.0,0.0,41.8582,12.5613,1.0
SOTTOPASSO TURBIGO x VIA MARSALA,1,0.0,0.0,41.901,12.5046,1.0
SALITA DI S. NICOLA DA TOLENTINO x VIA DI S. NICOLA DA TOLENTINO,1,0.0,0.0,41.9044,12.4917,1.0
VIA EMILIO LONGONI x VIA PRENESTINA BIS,1,0.0,0.0,41.8879,12.6038,1.0
SALITA DI POGGIO S. LORENZO x VIALE LIBIA,1,0.0,0.0,41.9308,12.5179,1.0
VIA ABRUZZI x VIA SICILIA,1,0.0,0.0,41.9089,12.4925,1.0
VIA ELIO LAMPRIDIO CERVA x VIALE STEFANO GRADI,1,0.0,0.0,41.8225,12.5023,1.0
VIA DONATO MENICHELLA x VIA GIUSEPPE CHIARELLI,1,0.0,0.0,41.9496,12.5811,1.0
VIA ELIO CHIANESI x VIA VINICIO CORTESE,1,0.0,0.0,41.7989,12.4479,1.0
VIA DORNO x VIA FRASSINETO,1,0.0,0.0,42.0,12.4865,1.0
VIA ACHILLE LORIA x VIA FRANCESCO SAVERIO NITTI,1,0.0,0.0,41.9469,12.4722,1.0
VIA DUCCIO GALIMBERTI x VIA UGO DE CAROLIS,1,0.0,0.0,41.9132,12.4417,1.0
VIA ACHILLE FUNI x VIA ETTORE COLLA,1,0.0,0.0,41.7741,12.3489,1.0
VIA ACHILLE CAMPANILE x VIA VASCO PRATOLINI,1,0.0,0.0,41.8161,12.4793,1.0
VIA EDGARDO NEGRI x VIA GIUSEPPE MENGONI,1,0.0,0.0,41.7885,12.427,1.0
VIA EDOARDO DALBONO x VIA FRANCESCO GAMBA,1,0.0,0.0,41.9047,12.5856,1.0
VIA EDOARDO FABBRI x VIALE DELLE MILIZIE,1,0.0,0.0,41.9122,12.4619,1.0
VIA EDOARDO GIOJA x VIA FRANCESCO MENZIO,1,0.0,0.0,41.7755,12.3773,1.0
VIA EDOARDO JENNER x VIA STEFANO BOCCAPADULI,1,0.0,0.0,41.8724,12.4447,1.0
VIA EDOARDO SCARFOGLIO x VIA PIETRO OTTOBONI,1,0.0,0.0,41.9072,12.5398,1.0
VIA ACHERUSIO x VIA BIFERNO,1,0.0,0.0,41.9269,12.5117,1.0
VIA ACHEMENIDE x VIA ATLANTE,1,0.0,0.0,41.8816,12.6156,1.0
VIA ELIA FACCHINI x VIA PADRE VITALE,1,0.0,0.0,41.766,12.3567,1.0
VIA ELIO CHIANESI x VIA MARCELLO GAROSI,1,0.0,0.0,41.7982,12.4497,1.0
VIA ADOLFO RAVA' x VIA FRANCESCO CANGIULLO,1,0.0,0.0,41.8441,12.4878,1.0
VIA DI VIGNA CORSETTI x VIA ODERISI DA GUBBIO,1,0.0,0.0,41.8654,12.4653,1.0
VIA ENDIMIONE x VIA SELENE,1,0.0,0.0,41.8736,12.6201,1.0
VIA ALENDA x VIA CASAMONTE,1,0.0,0.0,41.8613,12.6107,1.0
VIA ALDO MANUZIO x VIA GINORI,1,0.0,0.0,41.8788,12.4761,1.0
VIA DI TOR SAPIENZA x VIA LUIGI ALAMANNI,1,0.0,0.0,41.8985,12.5913,1.0
VIA ALBI x VIA MAIERATO,1,0.0,0.0,41.7935,12.377,1.0
VIA ALBERTO POLLIO x VIA ALBERTO TRIONFI,1,0.0,0.0,41.8998,12.5336,1.0
VIA ALBERTO LIONELLO x VIALE CARMELO BENE,1,0.0,0.0,41.9751,12.5337,1.0
VIA DI TOR TRE TESTE x VIALE DELLA BELLA VILLA,1,0.0,0.0,41.8734,12.5865,1.0
VIA DI TOR VERGATA x VIA ERMANNO RIVETTI,1,0.0,0.0,41.8468,12.6226,1.0
VIA ALBERTO FASSINI x VIA FELICE BISLERI,1,0.0,0.0,41.8611,12.6231,1.0
VIA DI TOR VERGATA x VIA GIOACCHINO VOLPE,1,0.0,0.0,41.8386,12.6233,1.0
VIA ALBERTO DA GIUSSANO x VIA GENTILE DA MOGLIANO,1,0.0,0.0,41.8889,12.5331,1.0
VIA DI TOR VERGATA x VIA PIETRO WUHRER,1,0.0,0.0,41.8628,12.6194,1.0
VIA ALBERTO CHIARUGI x VIA DEGLI OLMI,1,0.0,0.0,41.8792,12.5784,1.0
VIA ALBERTO CANALETTI GAUDENTI x VIA GIUSEPPE SPATARO,1,0.0,0.0,41.9146,12.5794,1.0
VIA DI TORRE BRANCA x VICOLO DELL'ACQUEDOTTO FELICE,1,0.0,0.0,41.86,12.542,1.0
VIA DI TORRE SPACCATA x VIA MICHELE DE MARCO,1,0.0,0.0,41.8614,12.59,1.0
VIA ALDO SANDULLI x VIA CARLO ARTURO JEMOLO,1,0.0,0.0,41.9489,12.5857,1.0
VIA ALENDA x VIA GIUSEPPE MAGGIOLINI,1,0.0,0.0,41.8608,12.6095,1.0
VIA ALBERTO BREGLIA x VIA ILDEBRANDO DELLA GIOVANNA,1,0.0,0.0,41.876,12.3438,1.0
VIA DI TOR PAGNOTTA x VIALE DELL'ESERCITO,1,0.0,0.0,41.8038,12.5061,1.0
VIA ALESSANDRO PARISOTTI x VIA GIOVANNI BOLZONI,1,0.0,0.0,41.7476,12.3688,1.0
VIA DI SCORTICABOVE x VIA PIEVE TORINA,1,0.0,0.0,41.9347,12.5924,1.0
VIA DI SELVA CANDIDA x VIA ETTORE ROSSO,1,0.0,0.0,41.9344,12.3773,1.0
VIA ALESSANDRO NELLI x VIA CARLO PALOMBI,1,0.0,0.0,41.864,12.6417,1.0
VIA DI SELVA CANDIDA x VIA MOMBARUZZO,1,0.0,0.0,41.9344,12.3773,1.0
VIA DI SELVA CANDIDA x VIA NUNZIO INCANNAMORTE,1,0.0,0.0,41.9344,12.3773,1.0
VIA DI SELVA CANDIDA x VIA OLDENICO,1,0.0,0.0,41.9344,12.3773,1.0
VIA DI SETTEBAGNI x VIA LELLO MADDALENO,1,0.0,0.0,41.9773,12.5402,1.0
VIA DI SETTEBAGNI x VIALE FRANCO ARCALLI,1,0.0,0.0,41.9773,12.5402,1.0
VIA ALESSANDRO CRUTO x VIA GEROLAMO CARDANO,1,0.0,0.0,41.8631,12.467,1.0
VIA ALESSANDRO CAPALTI x VIA DI ACILIA,1,0.0,0.0,41.7737,12.3714,1.0
VIA ALESSANDRO BRISSE x VIA LEONARDO GREPPI,1,0.0,0.0,41.8628,12.4589,1.0
VIA ALESSANDRO BATTAGLIA x VIA GIANFILIPPO USELLINI,1,0.0,0.0,41.7754,12.3807,1.0
VIA ALESSANDRO ALGARDI x VIALE DEI QUATTRO VENTI,1,0.0,0.0,41.8852,12.4575,1.0
VIA DI TOR PAGNOTTA x VIA GIORGIO PELOSI,1,0.0,0.0,41.8038,12.5061,1.0
VIA ALBERTO CADLOLO x VIA GUIDO ALESSI,1,0.0,0.0,41.9229,12.4472,1.0
VIA ALBERTO BERGAMINI x VIA FILIPPO FIORENTINI,1,0.0,0.0,41.9059,12.5554,1.0
VIA DI VERMICINO x VIA TUSCOLANA,1,0.0,0.0,41.8226,12.6435,1.0
VIA AGOSTINO DEPRETIS x VIA CESARE BALBO,1,0.0,0.0,,,1.0
VIA AGENORE ZERI x VIA DELLA PINETA SACCHETTI,1,0.0,0.0,41.9326,12.4262,1.0
VIA DI VAL CANNUTA x VIA ENRICO DE OSSO',1,0.0,0.0,41.8988,12.4128,1.0
VIA DI VAL CANNUTA x VIA FULVIO MAROI,1,0.0,0.0,41.897,12.4103,1.0
VIA DI VAL CANNUTA x VIA GREGORIO XI,1,0.0,0.0,41.897,12.4103,1.0
VIA ADRIANO I x VIA S. ZEFFIRINO PAPA,1,0.0,0.0,41.9038,12.4144,1.0
VIA DI VAL TELLINA x VIA DUCHESSA DI GALLIERA,1,0.0,0.0,41.8676,12.4478,1.0
VIA ADRIANO FIORI x VIA NICOLA ANTONIO PEDICINO,1,0.0,0.0,41.9357,12.5517,1.0
VIA DI VALLE BAGNATA x VIA PRENESTINA,1,0.0,0.0,41.8933,12.6155,1.0
VIA ADRIANO CECIONI x VIA DI TOR SAPIENZA,1,0.0,0.0,41.9021,12.5903,1.0
VIA DI VALLE MURICANA x VIA LIVIGNO,1,0.0,0.0,42.0281,12.4677,1.0
VIA DI VALLE MURICANA x VIA POMPONESCO,1,0.0,0.0,42.0281,12.4677,1.0
VIA ADRIANO BALBI x VIA CRISTOFORO BUONDELMONTI,1,0.0,0.0,41.8861,12.5318,1.0
VIA DI VALLELUNGA x VIA FRANCESCO AZZURRI,1,0.0,0.0,41.9076,12.3912,1.0
VIA DI VERMICINO x VIA PORTO EMPEDOCLE,1,0.0,0.0,41.8637,12.6697,1.0
VIA DI VERMICINO x VIA TUDIA,1,0.0,0.0,41.8422,12.661,1.0
VIA AGOSTINO CHIGI x VIA DEL FOSSO DI DRAGONCELLO,1,0.0,0.0,41.7635,12.3142,1.0
VIA DI TORREVECCHIA x VIA ODOARDO GIOVE,1,0.0,0.0,41.9234,12.4123,1.0
VIA DI TORRENOVA x VIA GIUTURNA,1,0.0,0.0,41.8803,12.6175,1.0
VIA AGOSTINO DEPRETIS x VIA PALERMO,1,0.0,0.0,41.8989,12.492,1.0
VIA ALBERTO ASQUINI x VIA FRANCESCO CALASSO,1,0.0,0.0,41.9456,12.5881,1.0
VIA ALBERTO ARALDI x VIA VERGINIA TONELLI,1,0.0,0.0,41.943,12.3786,1.0
VIA ALBEROBELLO x VIA DI TORRENOVA,1,0.0,0.0,41.8845,12.619,1.0
VIA DI TORRENOVA x VIA TESEO,1,0.0,0.0,41.8789,12.6188,1.0
VIA ALBERICO II x VIA PROPERZIO,1,0.0,0.0,41.9049,12.4633,1.0
VIA ALBERICO II x VIA PIETRO DELLA VALLE,1,0.0,0.0,41.9046,12.4647,1.0
VIA ALBERICO CRESCITELLI x VIA DI MACCHIA SAPONARA,1,0.0,0.0,41.7648,12.3593,1.0
VIA ALBANO x VIA DEI COLLI ALBANI,1,0.0,0.0,,,1.0
VIA ALATRI x VIA OLEVANO ROMANO,1,0.0,0.0,41.8927,12.5553,1.0
VIA DI TORREVECCHIA x VIA FRANCESCO MARIA GRECO,1,0.0,0.0,41.9215,12.4107,1.0
VIA DI TORREVECCHIA x VIA FRANCESCO RONCATI,1,0.0,0.0,41.9298,12.418,1.0
VIA AL QUARTO MIGLIO x VIA ANNIA REGILLA,1,0.0,0.0,41.8447,12.549,1.0
VIA DI TORREVECCHIA x VIA GIOVANNI STEFANO BONACOSSA,1,0.0,0.0,41.9301,12.4183,1.0
VIA AGRI x VIA CHIANA,1,0.0,0.0,41.9217,12.5055,1.0
VIA AGOSTINO RICHELMY x VIA ANASTASIO II,1,0.0,0.0,41.8999,12.4425,1.0
RAMPA GRA CARREGGIATA ESTERNA x VIA DELLA MAGLIANA,1,0.0,0.0,41.8317,12.4196,1.0
VIA ENEA PICCHIO x VIA UMBERTO GROSSO,1,0.0,0.0,41.7379,12.2528,1.0
VIA ALESSANDRO PERRONE x VIA GUGLIELMO GUASTA,1,0.0,0.0,41.764,12.4753,1.0
PIAZZALE DELLE GARDENIE x VIALE DELLE GARDENIE,1,0.0,0.0,41.8859,12.5668,1.0
PIAZZALE DELLA STAZIONE DEL LIDO x VIALE PAOLO ORLANDO,1,0.0,0.0,41.7318,12.2834,1.0
VIA FLAMINIA x VIA FRASSINETO,1,0.0,0.0,42.0,12.4865,1.0
PIAZZALE DELLA FARNESINA x VIALE PAOLO BOSELLI,1,0.0,0.0,41.9351,12.4582,1.0
VIA FLAMINIA x VIA MONTEROSI,1,0.0,0.0,41.9509,12.4802,1.0
VIA FLAMINIA x VIA RABIRIO,1,0.0,0.0,41.9301,12.4684,1.0
VIA FLAMINIA x VIA RIANO,1,0.0,0.0,,,1.0
VIA FLAMINIA x VIA ROCCALVECCE,1,0.0,0.0,41.9572,12.4852,1.0
VIA FLAMINIA x VIA SACROFANESE,1,0.0,0.0,41.9375,12.4753,1.0
PIAZZALE DELL'AQUILONE x VIA DELL'AQUILONE,1,0.0,0.0,41.7182,12.3064,1.0
PIAZZALE DEL VERANO x VIALE REGINA ELENA,1,0.0,0.0,41.9056,12.5156,1.0
VIA FLAVIO STILICONE x VIA PONZIO COMINIO,1,0.0,0.0,41.8607,12.5579,1.0
PIAZZALE DEL VERANO x VIA DEL VERANO,1,0.0,0.0,41.9016,12.5188,1.0
VIA FOCILIDE x VIA TESPI,1,0.0,0.0,41.7671,12.36,1.0
PIAZZALE DEL PARCO DELLA RIMEMBRANZA x VIALE PARIOLI,1,0.0,0.0,41.9289,12.4828,1.0
PIAZZALE DEL PARCO DELLA RIMEMBRANZA x VIA FRANCESCO DENZA,1,0.0,0.0,41.9263,12.4833,1.0
VIA FLAMINIA NUOVA x VIA TUSCANIA,1,0.0,0.0,41.9609,12.4792,1.0
PIAZZALE DELLE MEDAGLIE D'ORO x VIALE DELLE MEDAGLIE D'ORO,1,0.0,0.0,41.9236,12.446,1.0
PIAZZALE DEI MILITARI CADUTI NEI LAGER x VIA DEI BOCCABELLI,1,0.0,0.0,41.801,12.4817,1.0
VIA FIUME DELLE PERLE x VIA MAR DELLA CINA,1,0.0,0.0,41.8096,12.4362,1.0
VIA FILIPPO FIORENTINI x VIA TIBURTINA,1,0.0,0.0,41.9257,12.5739,1.0
VIA FILIPPO MARCHETTI x VIA PIETRO MASCAGNI,1,0.0,0.0,41.9382,12.5172,1.0
PIAZZALE FERDOWSI x VIA VALMICHI,1,0.0,0.0,41.9158,12.4812,1.0
VIA FILIPPO SERAFINI x VIALE BRUNO PELIZZI,1,0.0,0.0,41.8614,12.5747,1.0
PIAZZALE FERDOWSI x VIA OMERO,1,0.0,0.0,41.9165,12.4796,1.0
VIA FILIPPO SMALDONE x VIA GIROLAMO COCCONI,1,0.0,0.0,41.8942,12.5633,1.0
PIAZZALE EUGENIO MORELLI x VIA VIRGINIA AGNELLI,1,0.0,0.0,41.8624,12.4461,1.0
VIA FILIPPO TURATI x VIA GIOBERTI,1,0.0,0.0,41.8992,12.5009,1.0
PIAZZALE DON GIOVANNI MINZONI x VIA LUIGI LUCIANI,1,0.0,0.0,41.9218,12.4807,1.0
PIAZZALE DI VAL FIORITA x VIALE DI VAL FIORITA,1,0.0,0.0,41.8394,12.4644,1.0
VIA FINALE LIGURE x VIA PIEVE LIGURE,1,0.0,0.0,41.9344,12.4218,1.0
VIA FIORDIMONTE x VIA FRONTONE,1,0.0,0.0,41.9065,12.734,1.0
VIA FIORINO FIORINI x VIA PAOLA FALCONIERI,1,0.0,0.0,41.8762,12.452,1.0
PIAZZALE DELLE PROVINCIE x VIA CATANIA,1,0.0,0.0,,,1.0
PIAZZALE DELLE PARADISEE x VIA DEI RUDERI DI CASA CALDA,1,0.0,0.0,41.8749,12.5964,1.0
PIAZZALE DEI QUATTRO VENTI x VIALE DEI QUATTRO VENTI,1,0.0,0.0,41.8781,12.458,1.0
VIA FORMELLESE x VIADOTTO DELL'OLGIATA,1,0.0,0.0,42.0282,12.3754,1.0
VIA FILIPPO CASINI x VIALE GLORIOSO,1,0.0,0.0,41.8845,12.467,1.0
PIAZZA VITTORIO EMANUELE II x VIA NAPOLEONE III,1,0.0,0.0,41.8951,12.5048,1.0
VIA FRANCESCO GIANGIACOMO x VIA GIUSEPPE CERBARA,1,0.0,0.0,41.8545,12.5015,1.0
PIAZZA VITTORIO DABORMIDA x VIA DOMENICO CUCCHIARI,1,0.0,0.0,41.8994,12.5352,1.0
VIA FRANCESCO GRIMALDI x VIA GIUSEPPE BAGNERA,1,0.0,0.0,41.8649,12.4674,1.0
PIAZZA VINCENZO CERESI x VIA FRANCESCO CATEL,1,0.0,0.0,41.8782,12.4475,1.0
VIA FRANCESCO GRIMALDI x VIALE GUGLIELMO MARCONI,1,0.0,0.0,41.8573,12.4713,1.0
VIA FRANCESCO INGOLI x VIA GIOVANNI BOLDINI,1,0.0,0.0,41.7821,12.3631,1.0
VIA FRANCESCO MAIDALCHINI x VIALE DEI QUATTRO VENTI,1,0.0,0.0,41.8796,12.4585,1.0
PIAZZA VESUVIO x VIA DEI GIOVI,1,0.0,0.0,41.9433,12.5346,1.0
VIA FRANCESCO MEATTINI x VIA RICCARDO GURUZIAN,1,0.0,0.0,41.8505,12.5808,1.0
VIA FRANCESCO PACIOTTI x VIALE FILARETE,1,0.0,0.0,41.8802,12.5384,1.0
VIA FRANCESCO PALLAVICINI x VIA LEOPOLDO RUSPOLI,1,0.0,0.0,41.859,12.4541,1.0
VIA FRANCESCO SAPORI x VIALE FILIPPO TOMMASO MARINETTI,1,0.0,0.0,41.8091,12.4832,1.0
VIA FRANCESCO TENSI x VIALE MARIO PASTORE,1,0.0,0.0,41.8458,12.6189,1.0
VIA FRANCESCO TORFANINI x VIA GIULIO FRASCHERI,1,0.0,0.0,41.9917,12.4849,1.0
VIA FRANCO LOMBARDI x VIA NICOLA ABBAGNANO,1,0.0,0.0,41.8305,12.6238,1.0
PIAZZA VITTORIO EMANUELE II x VIA BUONARROTI,1,0.0,0.0,41.8951,12.5048,1.0
VIA FRANCESCO DONATI x VIA GIOSUE' DEI CAS,1,0.0,0.0,41.9062,12.4941,1.0
PIAZZALE DEI CADUTI DELLA MONTAGNOLA x VIA FRANCESCO ACRI,1,0.0,0.0,41.8454,12.4834,1.0
VIA FRANCESCO DONATI x VIA FRANCESCO SAMBIASI,1,0.0,0.0,41.7834,12.3395,1.0
VIA FORMIA x VIA TERRACINA,1,0.0,0.0,41.8866,12.5477,1.0
PIAZZALE DEGLI EROI x VIA ANDREA DORIA,1,0.0,0.0,41.9091,12.4485,1.0
VIA FRANCESCO ANTOLISEI x VIA VITTORIO RAGUSA,1,0.0,0.0,41.8489,12.607,1.0
VIA FRANCESCO AZZURRI x VIA GAETANO MAZZONI,1,0.0,0.0,41.9074,12.3916,1.0
PIAZZALE CLODIO x VIA ENRICO ACCINNI,1,0.0,0.0,41.9162,12.4536,1.0
VIA FRANCESCO BENAGLIA x VIA IPPOLITO NIEVO,1,0.0,0.0,41.8784,12.4667,1.0
VIA FRANCESCO BORGATTI x VIA FRANCESCO SAVERIO NITTI,1,0.0,0.0,41.9469,12.4722,1.0
PIAZZALE CARDINAL CONSALVI x VIA FLAMINIA,1,0.0,0.0,41.9335,12.4679,1.0
PIAZZALE BRASILE x VIA VITTORIO VENETO,1,0.0,0.0,41.9099,12.4889,1.0
VIA FRANCESCO CARLETTI x VIA MATTEO RICCI,1,0.0,0.0,41.8735,12.4813,1.0
PIAZZALE BRASILE x VIA PINCIANA,1,0.0,0.0,41.9099,12.4889,1.0
VIA FRANCESCO D'OVIDIO x VIA GASPARA STAMPA,1,0.0,0.0,41.9478,12.5584,1.0
VIA FRANCESCO D'OVIDIO x VIA GIOVANNI ALFREDO CESAREO,1,0.0,0.0,41.9052,12.4618,1.0
PIAZZALE ALDO MORO x VIA DEI FRENTANI,1,0.0,0.0,41.9013,12.5123,1.0
VIA FRANCESCO DE VICO x VIA GIOVANNI KEPLERO,1,0.0,0.0,41.8289,12.4865,1.0
VIA FILIPPO FIORENTINI x VIA GIUSEPPE ANTONIO ANDRIULLI,1,0.0,0.0,41.9068,12.5569,1.0
VIA FILIPPO ANTONIO GUALTERIO x VIA GIORGIO LA PIRA,1,0.0,0.0,41.9525,12.5197,1.0
VIA ENEA VICO x VIA TADDEO CRIVELLI,1,0.0,0.0,41.8603,12.6007,1.0
VIA ERMANNO CARLOTTO x VIA GALLI DELLA MANTICA,1,0.0,0.0,41.7329,12.2881,1.0
VIA ERMANNO WOLF FERRARI x VIA FRANCESCO CILEA,1,0.0,0.0,41.7514,12.3745,1.0
PORTA PIA x VIA NOMENTANA,1,0.0,0.0,41.9096,12.5019,1.0
VIA ERMANNO WOLF FERRARI x VIALE DI CASTEL PORZIANO,1,0.0,0.0,41.7482,12.3779,1.0
VIA ERMESIANATTE x VIA PORFIRIO DI TIRO,1,0.0,0.0,41.7675,12.3694,1.0
PONTE DI CASTEL GIUBILEO x VIA SALARIA,1,0.0,0.0,41.9873,12.5115,1.0
VIA ERNESTO BOEZI x VIA GIOVANNI BOTTESINI,1,0.0,0.0,41.739,12.3685,1.0
VIA ERNESTO BOEZI x VIA LUIGI TORCHI,1,0.0,0.0,41.739,12.3685,1.0
VIA ERNESTO BOEZI x VIA PIETRO ROMANI,1,0.0,0.0,41.748,12.3698,1.0
VIA ERNESTO CALINDRI x VIALE CARMELO BENE,1,0.0,0.0,41.9751,12.5336,1.0
VIA ERNESTO TEODORO MONETA x VIALE GIUSEPPE SIRTORI,1,0.0,0.0,41.8556,12.4484,1.0
VIA ERODE ATTICO x VIA LUCIO VOLUMNIO,1,0.0,0.0,41.838,12.5419,1.0
VIA ESCHILO x VIA IBICO,1,0.0,0.0,41.7642,12.3715,1.0
VIA ESCHILO x VIA POSIDIPPO,1,0.0,0.0,41.764,12.3715,1.0
PIAZZETTA DEL BEL RESPIRO x VIA OTTAVIO GASPARRI,1,0.0,0.0,41.8782,12.4419,1.0
VIA ETTORE FIERAMOSCA x VIA PRENESTINA,1,0.0,0.0,41.8915,12.5281,1.0
PORTA S. GIOVANNI x VIALE CARLO FELICE,1,0.0,0.0,41.8864,12.5087,1.0
VIA ERMANNO CARLOTTO x VIA FEDERICO PAOLINI,1,0.0,0.0,41.7329,12.2881,1.0
VIA ETTORE PALADINI x VIA GIUSEPPE BELLUZZO,1,0.0,0.0,41.8639,12.4597,1.0
VIA ERIK SATIE x VIA ERMANNO WOLF FERRARI,1,0.0,0.0,41.7498,12.3764,1.0
RAMPA G.R.A. CARREGGIATA ESTERNA x VIA PRENESTINA,1,0.0,0.0,41.8933,12.6155,1.0
RAMPA G.R.A. CARREGGIATA ESTERNA x VIA DI SETTEBAGNI,1,0.0,0.0,41.9773,12.5402,1.0
VIA ENNIO QUIRINO VISCONTI x VIA LUCREZIO CARO,1,0.0,0.0,41.9076,12.4697,1.0
RAMPA G.R.A. CARREGGIATA ESTERNA x VIA CASILINA,1,0.0,0.0,41.8653,12.6009,1.0
VIA ENRICO CHIARADIA x VIALE TIZIANO,1,0.0,0.0,41.9211,12.4724,1.0
RAMPA G.R.A. CARREGGIATA ESTERNA x VIA ARDEATINA,1,0.0,0.0,41.8131,12.5255,1.0
VIA ENRICO FERMI x VIA ROBERTO MARCOLONGO,1,0.0,0.0,41.8648,12.4725,1.0
RAMPA DEL SANGALLO x VIA DEL GIANICOLO,1,0.0,0.0,,,1.0
VIA ENRICO PANZACCHI x VIA FRANCESCO D'OVIDIO,1,0.0,0.0,41.9425,12.5507,1.0
VIA ENRICO PESTALOZZI x VIA PIEVE DI CADORE,1,0.0,0.0,41.9358,12.4262,1.0
RAMPA AURELIA x VIA PIO SPEZI,1,0.0,0.0,41.8861,12.4012,1.0
VIA ENZO PETRACCONE x VIA FERRUCCIO ULIVI,1,0.0,0.0,41.8377,12.623,1.0
VIA EQUIZIA x VIALE DEL MONTE OPPIO,1,0.0,0.0,41.8944,12.4987,1.0
VIA ERASMO GATTAMELATA x VIA FILIPPO SCOLARI,1,0.0,0.0,41.8909,12.5364,1.0
RAMPA AURELIA x VIA DI BOCCEA,1,0.0,0.0,41.9149,12.3847,1.0
PIAZZALE XXV MARZO 1957 x VIALE OCEANO ATLANTICO,1,0.0,0.0,41.8185,12.4632,1.0
VIA ETTORE SACCHI x VIA GABRIO CASATI,1,0.0,0.0,41.9549,12.5243,1.0
VIA FILICUDI x VIA GIARRE,1,0.0,0.0,41.8552,12.6736,1.0
VIA FEDERICO CESI x VIA GIUSEPPE GIOACHINO BELLI,1,0.0,0.0,41.9072,12.4707,1.0
PIAZZALE LABICANO x VIA PRENESTINA,1,0.0,0.0,,,1.0
VIA FEDERICO VIANELLO x VIA GIUSEPPE MOLTENI,1,0.0,0.0,41.771,12.3466,1.0
VIA FELICE ANERIO x VIALE SOMALIA,1,0.0,0.0,41.9359,12.5158,1.0
VIA FELICE BELLOTTI x VIA TOMMASO VALLAURI,1,0.0,0.0,41.8571,12.4397,1.0
VIA FELICE BELLOTTI x VIALE ISACCO NEWTON,1,0.0,0.0,41.8481,12.4427,1.0
VIA FELICE CAVALLOTTI x VIA FRANCESCO DOMENICO GUERRAZZI,1,0.0,0.0,41.8792,12.4617,1.0
PIAZZALE JONIO x VIALE TIRRENO,1,0.0,0.0,41.9457,12.5256,1.0
VIA FELICE NERINI x VIALE MANLIO GELSOMINI,1,0.0,0.0,41.8798,12.4816,1.0
PIAZZALE GREGORIO VII x VIA DEL CROCIFISSO,1,0.0,0.0,41.8989,12.4514,1.0
VIA FERDINANDO DI SAVOIA x VIA MARIA ADELAIDE,1,0.0,0.0,41.9103,12.4746,1.0
VIA FERDINANDO PALASCIANO x VIA STEFANO BOCCAPADULI,1,0.0,0.0,41.8724,12.4466,1.0
VIA FERLA x VIA SAN FRATELLO,1,0.0,0.0,41.8822,12.6631,1.0
PIAZZALE GIULIO PASTORE x VIALE ASIA,1,0.0,0.0,41.831,12.4751,1.0
VIA FERNANDO CONTI x VIA NATALE BALBIANI,1,0.0,0.0,41.8689,12.6334,1.0
VIA FILEMONE x VIA TIMOTEO,1,0.0,0.0,41.8539,12.4741,1.0
PIAZZALE LABICANO x VIALE DELLO SCALO S. LORENZO,1,0.0,0.0,41.8922,12.5155,1.0
PIAZZALE LORENZO GASPARRI x VIA FRANCO STORELLI,1,0.0,0.0,41.7368,12.2583,1.0
PIAZZALE SISTO V x VIA MARSALA,1,0.0,0.0,41.8984,12.5086,1.0
VIA FARA SABINA x VIA STIMIGLIANO,1,0.0,0.0,41.9348,12.5132,1.0
VIA EUGENIO CHIESA x VIA GIACOMO COPPOLA DI MUSITANI,1,0.0,0.0,41.9543,12.5215,1.0
VIA EUGENIO COLORNI x VIA PIETRO BORSIERI,1,0.0,0.0,41.9129,12.4608,1.0
VIA EURIALO x VIALE FURIO CAMILLO,1,0.0,0.0,41.8757,12.5245,1.0
VIA FABIANO LANDI x VIA FRANCESCO GIUSEPPE BRESSANI,1,0.0,0.0,41.787,12.3757,1.0
VIA FABIANO LANDI x VIA STEZZANO,1,0.0,0.0,41.7863,12.3743,1.0
PIAZZALE OSTIENSE x PIAZZALE OSTIENSE,1,0.0,0.0,41.8764,12.4816,1.0
VIA FABIO RULLIANO x VIA TUSCOLANA,1,0.0,0.0,41.8582,12.56,1.0
PIAZZALE MEDITERRANEO x VIALE MEDITERRANEO,1,0.0,0.0,41.7696,12.2224,1.0
VIA FABRIANO x VIA MAIOLATI,1,0.0,0.0,41.9387,12.5822,1.0
VIA FABRIANO x VIA MUCCIA,1,0.0,0.0,41.9418,12.5856,1.0
PIAZZALE MARESCIALLO DIAZ x VIALE ANTONINO DI SAN GIULIANO,1,0.0,0.0,41.9332,12.4596,1.0
PIAZZALE MAGELLANO x VIA VITTORIA,1,0.0,0.0,41.7259,12.2883,1.0
VIA FAMIANO NARDINI x VIALE VENTUNO APRILE,1,0.0,0.0,41.9183,12.52,1.0
PIAZZALE MAGELLANO x VIA SAN FIORENZO,1,0.0,0.0,41.7263,12.2872,1.0
VIA FANFULLA DA LODI x VIA PRENESTINA,1,0.0,0.0,41.8916,12.53,1.0
VIA DI SAPONARA x VIA SAMUELE PURI,1,0.0,0.0,41.7717,12.3388,1.0
VIA DI SAPONARA x VIA GINO BONICHI,1,0.0,0.0,41.7744,12.3459,1.0
VIA DELLA PENNA x VIA MARIA ADELAIDE,1,0.0,0.0,41.9102,12.4743,1.0
VIA DELLE SPIGHE x VIALE DELLA BELLA VILLA,1,0.0,0.0,41.874,12.5752,1.0
VIA DELLE TERME DECIANE x VIA DI S. PRISCA,1,0.0,0.0,41.8823,12.4838,1.0
VIA DELLE TERME DI TITO x VIA NICOLA SALVI,1,0.0,0.0,41.8913,12.4929,1.0
VIA ANTONIO MUSA x VIA LAZZARO SPALLANZANI,1,0.0,0.0,41.9125,12.5107,1.0
VIA ANTONIO MUNOZ x VIA FABIO GORI,1,0.0,0.0,41.7657,12.3036,1.0
VIA DELLE TRE FONTANE x VIALE DEL PATTINAGGIO,1,0.0,0.0,41.8395,12.4731,1.0
VIA DELLE TRE FONTANE x VIALE DEL TINTORETTO,1,0.0,0.0,41.8378,12.4792,1.0
VIA ANTONIO MONACO x VIA DELLA STAZIONE DI CESANO,1,0.0,0.0,42.0684,12.3327,1.0
VIA ANTONIO MALFANTE x VIA LEON PANCALDO,1,0.0,0.0,41.8608,12.5011,1.0
VIA DELLE TRE MADONNE x VIA ULISSE ALDROVANDI,1,0.0,0.0,41.9198,12.4875,1.0
VIA ANTONIO LUCCI x VIA FRANCESCO TORTA,1,0.0,0.0,41.9131,12.3978,1.0
VIA ANTONIO LOTTI x VIA GASPARE SCUDERI,1,0.0,0.0,41.7449,12.3829,1.0
VIA ANTONIO GRAMSCI x VIALE DELLE BELLE ARTI,1,0.0,0.0,41.9183,12.4791,1.0
VIA ANTONIO GARBASSO x VIA GIOVANNI ALDINI,1,0.0,0.0,41.864,12.4674,1.0
VIA DELLE VIGNE NUOVE x VIA RODOLFO VALENTINO,1,0.0,0.0,41.954,12.5359,1.0
VIA DELLE VIGNE NUOVE x VIADOTTO ANTONIO SEGNI,1,0.0,0.0,41.9554,12.5358,1.0
VIA ANTONIO PANE x VIA ENRICO BONDI,1,0.0,0.0,41.8969,12.3857,1.0
VIA ANTONIO PIGNATELLI x VIA GIOVANNI DE ROMANIS,1,0.0,0.0,41.8727,12.4507,1.0
VIA ANTONIO CRIMINALI x VIA FRANCESCO DONATI,1,0.0,0.0,,,1.0
VIA DELLE SALINE x VIA FABIO GORI,1,0.0,0.0,41.7652,12.2996,1.0
VIA DELLE GONDOLE x VIALE DEI ROMAGNOLI,1,0.0,0.0,41.7344,12.2796,1.0
VIA ANTONIO STOPPANI x VIALE PARIOLI,1,0.0,0.0,41.9225,12.4912,1.0
VIA ANTONIO SIGNORINI x VIA BRUNO PONTECORVO,1,0.0,0.0,41.7947,12.4825,1.0
VIA ANTONIO SEBASTIANI x VIA DEGLI ANEMONI,1,0.0,0.0,41.8755,12.5691,1.0
VIA DELLE NESPOLE x VIA DI TOR TRE TESTE,1,0.0,0.0,41.876,12.5882,1.0
VIA DELLE PALME x VIA EMILIO CHIOVENDA,1,0.0,0.0,41.8902,12.569,1.0
VIA DELLE PALME x VIA TOR DE' SCHIAVI,1,0.0,0.0,41.8886,12.5614,1.0
VIA DELLE PALME x VIALE PALMIRO TOGLIATTI,1,0.0,0.0,41.8911,12.5741,1.0
VIA DELLE PASSIFLORE x VIALE ALESSANDRINO,1,0.0,0.0,41.8742,12.5798,1.0
VIA ANTONIO PROVOLO x VIA DEL CASALE DI S. BASILIO,1,0.0,0.0,41.9405,12.5754,1.0
VIA DELLE ROBINIE x VIALE DELLA PRIMAVERA,1,0.0,0.0,41.8829,12.561,1.0
VIA DELLE ROBINIE x VIALE PALMIRO TOGLIATTI,1,0.0,0.0,41.8824,12.573,1.0
VIA DELLE RONDINI x VIA DELLE RUPICOLE,1,0.0,0.0,41.8587,12.5964,1.0
VIA DELLE ROSE x VIA EMILIO CHIOVENDA,1,0.0,0.0,41.8909,12.568,1.0
VIA ANTONIO PISANO x VIA DELL'IMPRUNETA,1,0.0,0.0,41.8471,12.4584,1.0
VIA ANTONIO DE CURTIS x VIA DELLE VIGNE NUOVE,1,0.0,0.0,41.9554,12.5358,1.0
VIA ANTONIO CIPPICO x VIA LAURENTINA,1,0.0,0.0,41.821,12.4814,1.0
VIA DELLE FIAMME GIALLE x VIA GIANCARLO PASSERONI,1,0.0,0.0,41.7307,12.2944,1.0
VIA DI ACQUA BULLICANTE x VIA PORTICI,1,0.0,0.0,41.8912,12.5421,1.0
VIA DI ACQUA BULLICANTE x VIA SAMPIERO DI BASTELICA,1,0.0,0.0,41.8888,12.5422,1.0
VIA ANTONINO DI GIORGIO x VIA GUGLIELMO IMPERIALI DI FRANCAVILLA,1,0.0,0.0,41.9396,12.4649,1.0
VIA ANTICOLI CORRADO x VIA SMERILLO,1,0.0,0.0,41.935,12.5975,1.0
VIA ANTICOLI CORRADO x VIA DI SCORTICABOVE,1,0.0,0.0,41.933,12.5935,1.0
VIA ANTERIVO x VIA FRASSILONGO,1,0.0,0.0,41.7284,12.3758,1.0
VIA DI BOCCEA x VIA DI CASALOTTI,1,0.0,0.0,41.9149,12.3847,1.0
VIA ANTEO x VIA DI TORRENOVA,1,0.0,0.0,41.8808,12.6172,1.0
VIA DI BOCCEA x VIA DI SELVA NERA,1,0.0,0.0,41.9274,12.3589,1.0
VIA ANNÈO LUCANO x VIA POMPEO TROGO,1,0.0,0.0,41.9248,12.4433,1.0
VIA ANNIO FELICE x VIA DI S. PETRONILLA,1,0.0,0.0,41.856,12.4987,1.0
VIA ANNIBAL CARO x VIA GUIDO CAVALCANTI,1,0.0,0.0,41.8751,12.4604,1.0
VIA ANNIA x VIA OSTILIA,1,0.0,0.0,41.8878,12.4948,1.0
VIA ANNIA REGILLA x VIA MONIANO,1,0.0,0.0,41.8419,12.5478,1.0
VIA DI BOCCEA x VIA MORSASCO,1,0.0,0.0,41.9256,12.3618,1.0
VIA DI BOCCEA x VIA NAZARETH,1,0.0,0.0,41.9066,12.4083,1.0
VIA DI ACQUA BULLICANTE x VIA ROBERTO MALATESTA,1,0.0,0.0,41.8872,12.5429,1.0
VIA ANTONINO PIO x VIA GABRIELLO CHIABRERA,1,0.0,0.0,41.8543,12.4794,1.0
VIA DELLE VIGNE x VIA SAN GIOVANNI D'ASSO,1,0.0,0.0,41.8404,12.422,1.0
VIA ANTONIO BAIAMONTI x VIALE GIUSEPPE MAZZINI,1,0.0,0.0,41.9149,12.4599,1.0
VIA DELLE ZATTERE x VIALE DELLE REPUBBLICHE MARINARE,1,0.0,0.0,41.735,12.2682,1.0
VIA DELLO SCALO DI SETTEBAGNI x VIA S. ANTONIO DI PADOVA,1,0.0,0.0,42.0036,12.5226,1.0
VIA ANTONIO CARRUCCIO x VIA ARDEATINA,1,0.0,0.0,41.7967,12.5346,1.0
VIA ANTONIO CARPENE' x VIA MICHELE PANTANELLA,1,0.0,0.0,41.8478,12.6292,1.0
VIA DERVIO x VIA FABIANO LANDI,1,0.0,0.0,41.7863,12.3743,1.0
VIA DI ACILIA x VIA DI VALLE PORCINA,1,0.0,0.0,41.7816,12.3662,1.0
VIA ANTONIO CANTORE x VIA MONTE ZEBIO,1,0.0,0.0,41.9181,12.465,1.0
VIA DI ACILIA x VIA OSTIENSE,1,0.0,0.0,41.8109,12.4229,1.0
VIA ANTONIO BOSIO x VIA NOMENTANA,1,0.0,0.0,41.9171,12.513,1.0
VIA DI ACILIA x VIA STEFANO ASSEMANI,1,0.0,0.0,41.7786,12.3679,1.0
VIA ANTONIO BERTOLONI x VIA GIUSEPPE LUIGI LAGRANGE,1,0.0,0.0,41.9254,12.4865,1.0
VIA DI ACQUA ACETOSA ANAGNINA x VIA MAMMOLA,1,0.0,0.0,41.8179,12.6249,1.0
VIA ANTONIO BAZZINI x VIA ERMANNO WOLF FERRARI,1,0.0,0.0,41.7482,12.3779,1.0
VIA ANTONIO BAZZINI x VIA ANTONIO LOTTI,1,0.0,0.0,41.7512,12.3809,1.0
VIA ANTONIO BATTILOCCHI x VIA CASSIA,1,0.0,0.0,41.9828,12.4137,1.0
VIA DELLE FORNACI x VIALE DI TOR DI QUINTO,1,0.0,0.0,41.9384,12.4786,1.0
VIA DELLE COSTELLAZIONI x VIALE DEGLI ASTRI,1,0.0,0.0,41.814,12.4505,1.0
VIA DI BOCCEA x VIA OLEGGIO,1,0.0,0.0,41.9351,12.3234,1.0
VIA APUANIA x VIA LIVORNO,1,0.0,0.0,41.9166,12.5261,1.0
VIA DELLA SOLFARATA x VIA SASSUOLO,1,0.0,0.0,41.7065,12.5458,1.0
VIA DELLA STAZIONE DI CESANO x VIA DI BACCANELLO,1,0.0,0.0,42.0699,12.3341,1.0
VIA DELLA STAZIONE DI CESANO x VIA DI COLLE FEBBRARO,1,0.0,0.0,42.0598,12.3241,1.0
VIA APPIANO x VIA S. CIPRIANO,1,0.0,0.0,41.9136,12.4383,1.0
VIA DELLA STAZIONE DI CESANO x VIA FRANCESCO LA FATA,1,0.0,0.0,42.0749,12.3383,1.0
VIA DELLA STAZIONE DI CESANO x VIA GIOVAN PIERO MARCUCCI POLTRI,1,0.0,0.0,42.0674,12.3318,1.0
VIA APPIANO x VIA LATTANZIO,1,0.0,0.0,41.9122,12.4399,1.0
VIA APPIA PIGNATELLI x VICOLO DELLA BASILICA,1,0.0,0.0,41.8578,12.5183,1.0
VIA DELLA STAZIONE DI COLLE MATTIA x VIA DI COLLE MATTIA,1,0.0,0.0,41.832,12.7309,1.0
VIA DELLA STAZIONE DI PAVONA x VIA DI PIAN SAVELLI,1,0.0,0.0,41.7176,12.5869,1.0
VIA APPIA PIGNATELLI x VIA DELL'ALMONE,1,0.0,0.0,41.8525,12.5269,1.0
VIA APPIA PIGNATELLI x VIA DEI CERCENII,1,0.0,0.0,41.852,12.5273,1.0
VIA DELLA STAZIONE TIBURTINA x VIA PIETRO L'EREMITA,1,0.0,0.0,41.9096,12.5264,1.0
VIA DELLA STAZIONE VECCHIA x VIA S. MONICA,1,0.0,0.0,41.7306,12.2787,1.0
VIA APPIA NUOVA x VIA VETURIA,1,0.0,0.0,41.8761,12.5215,1.0
VIA APRICALE x VIA ZIGNAGO,1,0.0,0.0,41.9121,12.4064,1.0
VIA DELLA SALVIA x VIA DELLE CASE BASSE,1,0.0,0.0,41.7877,12.3698,1.0
VIA DELLA TENUTA DELLA MISTICA x VIA PRENESTINA,1,0.0,0.0,41.8936,12.5992,1.0
VIA DELLA RUSTICA x VIA NICANDRO,1,0.0,0.0,41.9115,12.6031,1.0
VIA DELLA PILOTTA x VIA QUATTRO NOVEMBRE,1,0.0,0.0,,,1.0
VIA DELLA PINETA SACCHETTI x VIA ENRICO PESTALOZZI,1,0.0,0.0,41.9358,12.4262,1.0
VIA ARDEATINA x VIA DELLA STAZIONE DI PAVONA,1,0.0,0.0,41.7176,12.5869,1.0
VIA DELLA PINETA SACCHETTI x VIA LARDARIA,1,0.0,0.0,41.924,12.425,1.0
VIA ARDEA x VIA LANUVIO,1,0.0,0.0,,,1.0
VIA DELLA PINETA SACCHETTI x VIA VITTORIO MONTIGLIO,1,0.0,0.0,41.924,12.425,1.0
VIA DELLA PISANA x VIA DI BRAVETTA,1,0.0,0.0,41.8762,12.4257,1.0
VIA ARCHIMEDE x VIA BARNABA TORTOLINI,1,0.0,0.0,41.9273,12.4771,1.0
VIA DELLA PISANA x VIA MARIO RIDOLFI,1,0.0,0.0,41.8577,12.389,1.0
VIA ARCEVIA x VIA OSIMO,1,0.0,0.0,41.9361,12.5844,1.0
VIA ARCEVIA x VIA DEL CASALE DI S. BASILIO,1,0.0,0.0,41.9349,12.5831,1.0
VIA ARBIA x VIA SALARIA,1,0.0,0.0,41.9873,12.5115,1.0
VIA DELLA RISERVA NUOVA x VIA ORICOLA,1,0.0,0.0,41.8953,12.6806,1.0
VIA ARAGONA x VIA SCICLI,1,0.0,0.0,41.8673,12.6529,1.0
VIA DELLA RUSTICA x VIA FEDERICO TURANO,1,0.0,0.0,41.9116,12.6038,1.0
VIA DELLA STORTA x VIA NICOLA CAPPELLI,1,0.0,0.0,41.9657,12.3646,1.0
VIA APPIA NUOVA x VIA SALUZZO,1,0.0,0.0,41.8257,12.5605,1.0
VIA DELLE CONCE x VIA GIOVANNI DA EMPOLI,1,0.0,0.0,41.8734,12.4783,1.0
VIA DELLE BALENIERE x VIA DELLE GONDOLE,1,0.0,0.0,41.7351,12.2777,1.0
VIA APPIA ANTICA x VIA DI TORRICOLA,1,0.0,0.0,41.8201,12.5562,1.0
VIA DELLE BERMUDE x VIALE DEI ROMAGNOLI,1,0.0,0.0,,,1.0
VIA DELLE BETULLE x VIA FEDERICO DELPINO,1,0.0,0.0,41.891,12.5626,1.0
VIA DELLE BOTTEGHE OSCURE x VIA MICHELANGELO CAETANI,1,0.0,0.0,41.8949,12.479,1.0
VIA APPIA ANTICA x VIA APPIA PIGNATELLI,1,0.0,0.0,41.8462,12.5357,1.0
VIA APPENNINI x VIA DELLE ISOLE,1,0.0,0.0,41.9179,12.5092,1.0
VIA APOLLO PIZIO x VIA NEMEA,1,0.0,0.0,41.9475,12.4614,1.0
VIA DELLE CATACOMBE DI GENEROSA x VIA FULDA,1,0.0,0.0,41.8357,12.4312,1.0
VIA DELLE CAVE DI PIETRALATA x VIA OLINDO MALAGODI,1,0.0,0.0,41.9087,12.5368,1.0
VIA APECCHIO x VIA MONTE URANO,1,0.0,0.0,41.9824,12.5137,1.0
VIA DELLE CAVE x VIA TUSCOLANA,1,0.0,0.0,41.872,12.5335,1.0
VIA AOSTA x VIA FIDENZA,1,0.0,0.0,41.8835,12.5147,1.0
VIA ANTRODOCO x VIALE SOMALIA,1,0.0,0.0,41.936,12.5151,1.0
VIA ANTONIO TEMPESTA x VIA ERATOSTENE,1,0.0,0.0,41.8818,12.5404,1.0
VIA DELLE CILIEGIE x VIALE PALMIRO TOGLIATTI,1,0.0,0.0,41.8872,12.5733,1.0
VIA DELLE BALENIERE x VIADOTTO ATTICO TABACCHI,1,0.0,0.0,41.7382,12.2795,1.0
VIA APPIA ANTICA x VIALE DI PORTA ARDEATINA,1,0.0,0.0,41.8748,12.4915,1.0
VIA DELLA TENUTA DI TORRENOVA x VIA DI TOR VERGATA,1,0.0,0.0,41.8592,12.6225,1.0
VIA APPIA NUOVA x VIA APPIA PIGNATELLI,1,0.0,0.0,41.8358,12.5516,1.0
VIA DELLA TENUTA LA PISANA x VIA PORTUENSE,1,0.0,0.0,41.8469,12.414,1.0
VIA DELLA TRASFIGURAZIONE x VIA EDOARDO JENNER,1,0.0,0.0,41.8724,12.4447,1.0
VIA APPIA NUOVA x VIA GALLORO,1,0.0,0.0,41.8403,12.5514,1.0
VIA APPIA NUOVA x VIA DEMETRIADE,1,0.0,0.0,41.8611,12.5339,1.0
VIA DELLA VILLA DI LIVIA x VIALE DEGLI UFFICI,1,0.0,0.0,42.008,12.4916,1.0
VIA DELLA VITE x VIA DI PROPAGANDA,1,0.0,0.0,41.9043,12.4831,1.0
VIA DELLA VITE x VIA MARIO DE FIORI,1,0.0,0.0,41.9041,12.4823,1.0
VIA DELLE ABELIE x VIALE PALMIRO TOGLIATTI,1,0.0,0.0,41.8872,12.5733,1.0
VIA DELLE ACACIE x VIA DELLE CELIDONIE,1,0.0,0.0,41.8873,12.5641,1.0
VIA APPIA NUOVA x VIA DELL'ALMONE,1,0.0,0.0,41.8608,12.5338,1.0
VIA APPIA NUOVA x VIA DEL QUADRARO,1,0.0,0.0,41.8505,12.5493,1.0
VIA APPIA NUOVA x VIA DEI CESSATI SPIRITI,1,0.0,0.0,41.8257,12.5605,1.0
VIA DELLE ALZAVOLE x VIA DELLE CINCIE,1,0.0,0.0,41.8748,12.6045,1.0
VIA APPIA NUOVA x VIA CASALMONFERRATO,1,0.0,0.0,41.88,12.5167,1.0
VIA APPIA NUOVA x VIA CAMILLA,1,0.0,0.0,41.8741,12.5239,1.0
VIA DI BOCCEA x VIA NEIVE,1,0.0,0.0,41.9149,12.3847,1.0
VIA DI BOCCEA x VIA PIER DELLE VIGNE,1,0.0,0.0,41.9149,12.3847,1.0
VIA DI SAPONARA x VIA FRANCESCO INGOLI,1,0.0,0.0,41.7803,12.3623,1.0
VIA DI PIETRALATA x VIA SILVANO,1,0.0,0.0,41.9188,12.5535,1.0
VIA DI PONTE LADRONE x VIA DOMENICO VENTURINI,1,0.0,0.0,41.7881,12.3765,1.0
VIA DI PONTE LADRONE x VIA FRANCESCO SURIANO,1,0.0,0.0,41.7858,12.3781,1.0
VIA ALVISE CADAMOSTO x VIALE MARCO POLO,1,0.0,0.0,41.8728,12.4893,1.0
VIA DI PONZIANO x VIALE DI TRASTEVERE,1,0.0,0.0,41.8817,12.4679,1.0
VIA ALVARO DEL PORTILLO x VIA FEDERICO ALESSANDRINI,1,0.0,0.0,41.7669,12.4701,1.0
VIA ALTAGNANA x VIA S. GENNARO,1,0.0,0.0,41.977,12.5159,1.0
VIA DI PORTA MAGGIORE x VIA GIOVANNI GIOLITTI,1,0.0,0.0,41.8919,12.5139,1.0
VIA ALINDA BONACCI BRUNAMONTI x VIALE IGNAZIO SILONE,1,0.0,0.0,41.8135,12.4762,1.0
VIA DI PORTA MAGGIORE x VIALE MANZONI,1,0.0,0.0,41.8913,12.5079,1.0
VIA ALIMENA x VIALE LUIGI SCHIAVONETTI,1,0.0,0.0,41.8451,12.6113,1.0
VIA DI PORTA PERTUSA x VIALE VATICANO,1,0.0,0.0,41.9017,12.4459,1.0
VIA ALGHERO x VIA ROSSANO,1,0.0,0.0,41.8865,12.5215,1.0
VIA DI PORTONACCIO x VIA LATINO SILVIO,1,0.0,0.0,41.8963,12.5413,1.0
VIA ALFREDO SAINATI x VIA TINA PICA,1,0.0,0.0,41.9691,12.5151,1.0
VIA ALFREDO PANZINI x VIA NINO MARTOGLIO,1,0.0,0.0,41.9513,12.5441,1.0
VIA AMALIA BETTINI x VIA VIRGILIO TALLI,1,0.0,0.0,41.9646,12.5231,1.0
VIA AMANTEA x VIA OPPIDO MAMERTINA,1,0.0,0.0,41.8365,12.5563,1.0
VIA ALFREDO NOBEL x VIA BACCIO BALDINI,1,0.0,0.0,41.8714,12.4687,1.0
VIA DI PIETRALATA x VIA NOMENTANA,1,0.0,0.0,41.9213,12.5469,1.0
VIA AMEDEO CENCELLI x VIA PIETRO ROVETTI,1,0.0,0.0,41.878,12.5429,1.0
VIA DI MONTE CUCCO x VIA SARZANA,1,0.0,0.0,41.8417,12.4382,1.0
VIA DI MONTE SACRO x VIALE GOTTARDO,1,0.0,0.0,41.9346,12.5354,1.0
VIA AMEDEO CENCELLI x VIA FRANCESCO BARACCA,1,0.0,0.0,41.8791,12.5431,1.0
VIA DI MONTE VERDE x VIA FERDINANDO VEROSPI,1,0.0,0.0,41.8712,12.4492,1.0
VIA AMEDEO BOCCHI x VIA UMBERTO LILLONI,1,0.0,0.0,,,1.0
VIA DI MONTE VERDE x VIA S. VINCENZO DE' PAOLI,1,0.0,0.0,41.8969,12.4774,1.0
VIA AMBROGIO SANSEDONI x VIA DI DRAGONE,1,0.0,0.0,41.7834,12.3326,1.0
VIA DI NOVELLA x VIA DI PRISCILLA,1,0.0,0.0,41.9307,12.5105,1.0
VIA AMARILLI x VIA DI TOR CERVARA,1,0.0,0.0,41.9137,12.5915,1.0
VIA DI PASSOLOMBARDO x VIA MARIO PASTORE,1,0.0,0.0,41.8368,12.633,1.0
VIA DI PIETRALATA x VIA DI VIGNA MANGANI,1,0.0,0.0,41.9213,12.5469,1.0
VIA AMANTEA x VIALE APPIO CLAUDIO,1,0.0,0.0,41.8393,12.5554,1.0
VIA AMANTEA x VIA POLIA,1,0.0,0.0,41.8368,12.5587,1.0
VIA DI PIETRALATA x VIA MESULA,1,0.0,0.0,41.9263,12.535,1.0
VIA DI PORTONACCIO x VIA VERRIO FLACCO,1,0.0,0.0,41.893,12.542,1.0
VIA DI PRATAPORCI x VIA DI TOR FORAME,1,0.0,0.0,41.8468,12.6843,1.0
VIA AMEDEO SOMMOVIGO x VIALE ETTORE FRANCESCHINI,1,0.0,0.0,41.9122,12.5751,1.0
VIA ALESSANDRO VIVIANI x VIA DEL QUADRARO,1,0.0,0.0,41.855,12.552,1.0
VIA ALESSANDRO TROTTER x VIA GIOVANNI ZANARDINI,1,0.0,0.0,41.937,12.549,1.0
VIA DI S. EUFEMIA x VIA QUATTRO NOVEMBRE,1,0.0,0.0,,,1.0
VIA ALESSANDRO STRADELLA x VIA CRISTOFORO COLOMBO,1,0.0,0.0,41.742,12.3533,1.0
VIA DI S. FUMIA x VIA STIO,1,0.0,0.0,41.7383,12.5897,1.0
VIA DI S. GREGORIO x VIALE DEL PARCO DEL CELIO,1,0.0,0.0,41.8862,12.4897,1.0
VIA DI S. MARIA AUSILIATRICE x VIA EURIALO,1,0.0,0.0,41.8729,12.5256,1.0
VIA DI S. MARIA AUSILIATRICE x VIA MUZIO SCEVOLA,1,0.0,0.0,,,1.0
VIA DI S. MARIA DELLA SPERANZA x VIA FRANCESCO COCCO ORTU,1,0.0,0.0,41.9604,12.5227,1.0
VIA DI S. PANTALEO CAMPANO x VIA LAMPORECCHIO,1,0.0,0.0,41.8509,12.4378,1.0
VIA ALESSANDRO SEVERO x VIA DELLA VILLA DI LUCINA,1,0.0,0.0,41.8548,12.4838,1.0
VIA ALESSANDRO PORTIS x VIA LEOPOLDO PILLA,1,0.0,0.0,41.9239,12.5418,1.0
VIA DI SACCO PASTORE x VIA NOMENTANA,1,0.0,0.0,41.9318,12.5277,1.0
VIA ALESSANDRO POERIO x VIA FEDERICO TORRE,1,0.0,0.0,41.8793,12.4631,1.0
VIA DI SALONE x VIA GIUSEPPE GAGLIANI CAPUTO,1,0.0,0.0,41.9316,12.6265,1.0
VIA ALESSANDRO PIOLA CASELLI x VIA ANGELO OLIVIERI,1,0.0,0.0,41.7373,12.2881,1.0
VIA ALESSANDRO VII x VIA PIO II,1,0.0,0.0,41.9209,12.4211,1.0
VIA ALESSANDRO ZANNETTI x VIA DELLA GIUSTINIANA,1,0.0,0.0,42.0048,12.4814,1.0
VIA DI PRATICA x VIA PONTINA,1,0.0,0.0,41.6892,12.4452,1.0
VIA DI S. COSIMATO x VIA NATALE DEL GRANDE,1,0.0,0.0,41.8872,12.4698,1.0
VIA ALFREDO CASELLA x VIA FILIPPO MARCHETTI,1,0.0,0.0,41.9368,12.5163,1.0
VIA ALFREDO CAPPELLINI x VIA PRINCIPE AMEDEO,1,0.0,0.0,41.8966,12.504,1.0
VIA DI QUARTO RUBBIE x VIA LEGNANO,1,0.0,0.0,41.8162,12.6303,1.0
VIA DI ROCCA CENCIA x VIA FEROLETO DELLA CHIESA,1,0.0,0.0,41.868,12.6895,1.0
VIA DI ROCCA CENCIA x VIA PAU,1,0.0,0.0,41.8843,12.6956,1.0
VIA ALFONSO TORELLI x VIA DI PORTONACCIO,1,0.0,0.0,41.9,12.5394,1.0
VIA ALFONSO BORELLI x VIALE IPPOCRATE,1,0.0,0.0,41.9081,12.5192,1.0
VIA ALFONSO ANTONINI x VIA ROBERTO MALATESTA,1,0.0,0.0,41.8872,12.5424,1.0
VIA ALFONSO ALBERGHETTI x VIA DEGLI INTAGLIATORI,1,0.0,0.0,41.8677,12.6244,1.0
VIA DI S. ALESSANDRO x VIA NOMENTANA NUOVA,1,0.0,0.0,41.9492,12.5981,1.0
VIA DI S. ALESSANDRO x VIA TERSILIA LA DIVINA,1,0.0,0.0,41.9492,12.5981,1.0
VIA DI S. ALESSANDRO x VIA TIBURTINA,1,0.0,0.0,41.9338,12.603,1.0
VIA ALFONSINE x VIA DI MEZZOCAMMINO,1,0.0,0.0,41.79,12.4227,1.0
VIA ALESSIO OLIVIERI x VIA ROMANO MICHELI,1,0.0,0.0,41.7459,12.3712,1.0
VIA DI S. COSIMATO x VIA LUCIANO MANARA,1,0.0,0.0,41.888,12.4691,1.0
VIA DI MEZZOCAMMINO x VIALE ANNA LA BARBERA,1,0.0,0.0,41.7919,12.4447,1.0
VIA DI MALAFEDE x VIA MARCELLO MASTROIANNI,1,0.0,0.0,41.7822,12.3932,1.0
VIA ANNA PERENNA x VIALE OPITA OPPIO,1,0.0,0.0,41.8618,12.5474,1.0
VIA DI CASAL MORENA x VIA NIOBE,1,0.0,0.0,41.8238,12.6171,1.0
VIA DI CASAL MORENA x VIA TUSCOLANA,1,0.0,0.0,41.8308,12.619,1.0
VIA ANDREA MILLEVOI x VIA ARDEATINA,1,0.0,0.0,41.8131,12.5255,1.0
VIA ANDREA GIOVANNI MICHELETTI x VIA FELICE CASCIONE,1,0.0,0.0,41.7938,12.4466,1.0
VIA DI CASAL PALOCCO x VIALE PRASSILLA,1,0.0,0.0,41.7507,12.3522,1.0
VIA ANDREA GIARDINA x VIA VINCENZO TIBERIO,1,0.0,0.0,41.9394,12.4751,1.0
VIA DI CASAL SELCE x VIA GIUSEPPE LAZZATI,1,0.0,0.0,41.9119,12.3511,1.0
VIA ANDREA DORIA x VIA RUGGERO DI LAURIA,1,0.0,0.0,41.9092,12.4501,1.0
VIA DI CASALOTTI x VIA OVADA,1,0.0,0.0,41.9159,12.3685,1.0
VIA ANDREA DORIA x VIA PIETRO GIANNONE,1,0.0,0.0,41.9095,12.4509,1.0
VIA DI CASALOTTI x VIA TROFARELLO,1,0.0,0.0,41.9159,12.3685,1.0
VIA ANDREA DORIA x VIA GIORDANO BRUNO,1,0.0,0.0,41.9098,12.4522,1.0
VIA ANDREA DA GARESSIO x VIA FRANCESCO FOGOLLA,1,0.0,0.0,41.7822,12.3555,1.0
VIA ANDREA CATRANI x VIA DI DRAGONCELLO,1,0.0,0.0,41.7869,12.3486,1.0
VIA DI CERVARA x VIA MELIBEO,1,0.0,0.0,41.9168,12.5971,1.0
VIA DI DECIMA x VIA DOMENICO JACHINO,1,0.0,0.0,41.8089,12.4531,1.0
VIA DI CASAL MORENA x VIA SPADOLA,1,0.0,0.0,,,1.0
VIA ANDREA TORRE x VIA FILIPPO MEDA,1,0.0,0.0,41.9154,12.5446,1.0
VIA ANDREA BREGNO x VIA DEI CAMPORESE,1,0.0,0.0,41.9268,12.4632,1.0
VIA DI CASAL DEL MARMO x VIA VIGNALE,1,0.0,0.0,41.9198,12.3847,1.0
VIA ANGUILLARESE x VIA QUERO,1,0.0,0.0,42.0631,12.292,1.0
VIA ANGUILLARESE x VIA BRACCIANENSE,1,0.0,0.0,42.0132,12.3653,1.0
VIA DI BRAVETTA x VIA ISABELLA D'ESTE,1,0.0,0.0,45.2273,11.6657,1.0
VIA DI CAMPO ROMANO x VIA FRASCINETO,1,0.0,0.0,41.8293,12.6116,1.0
VIA ANGELO SISMONDA x VIA CARLO MARIA VIOLA,1,0.0,0.0,41.9156,12.5584,1.0
VIA DI CARCARICOLA x VIA RICCHIANO,1,0.0,0.0,41.8554,12.6135,1.0
VIA ANGELO POLIZIANO x VIA MERULANA,1,0.0,0.0,41.8917,12.5021,1.0
VIA ANGELO OLIVIERI x VIA ERMANNO CARLOTTO,1,0.0,0.0,41.7329,12.2881,1.0
VIA ANGELO DELLA PERGOLA x VIA LUCHINO DAL VERME,1,0.0,0.0,41.8887,12.5377,1.0
VIA DI CASAL BOCCONE x VIA DI CASAL BOCCONE,1,0.0,0.0,41.9577,12.5572,1.0
VIA ANGELO BROFFERIO x VIALE DELLE MILIZIE,1,0.0,0.0,41.9126,12.4631,1.0
VIA ANGELO BERARDI x VIA PIETRO ROVETTI,1,0.0,0.0,41.8775,12.5479,1.0
VIA ANGELO ALIPRANDI x VIA CARLO CASINI,1,0.0,0.0,41.7823,12.3374,1.0
VIA DI CASAL DEL MARMO x VIA MONTE DEL MARMO,1,0.0,0.0,,,1.0
VIA DI CASAL DEL MARMO x VIA USSEGLIO,1,0.0,0.0,41.9359,12.3831,1.0
VIA DI DECIMA x VIA FERMO OGNIBENE,1,0.0,0.0,41.8035,12.4518,1.0
VIA DI DONNA OLIMPIA x VIA FONTEIANA,1,0.0,0.0,41.8766,12.4536,1.0
VIA DI MACCHIA SAPONARA x VIA TESPI,1,0.0,0.0,41.7687,12.3644,1.0
VIA DI GROTTA PERFETTA x VIA SALVATORE DI GIACOMO,1,0.0,0.0,41.8468,12.4887,1.0
VIA ANAGNINA x VIA CROPANI,1,0.0,0.0,41.8297,12.5983,1.0
VIA DI GROTTA PERFETTA x VIALE PICO DELLA MIRANDOLA,1,0.0,0.0,41.8475,12.4879,1.0
VIA DI GROTTA PERFETTA x VICOLO DELL'ANNUNZIATELLA,1,0.0,0.0,41.8354,12.511,1.0
VIA DI GROTTAROSSA x VIA FOSSO DEL FONTANILETTO,1,0.0,0.0,41.9739,12.4448,1.0
VIA ANAGNINA x VIA CINQUEFRONDI,1,0.0,0.0,41.8385,12.5897,1.0
VIA DI GROTTAROSSA x VIA TORRICELLA IN SABINA,1,0.0,0.0,41.9722,12.4387,1.0
VIA DI GROTTE PORTELLA x VIALE GUIDO CARLI,1,0.0,0.0,41.8432,12.647,1.0
VIA ANAGNINA x VIA BELLICIA,1,0.0,0.0,41.8226,12.6072,1.0
VIA ANAGNI x VIA SARACINESCO,1,0.0,0.0,41.8903,12.5582,1.0
VIA ANAGNI x VIA DEI GORDIANI,1,0.0,0.0,41.8897,12.5531,1.0
VIA ANACREONTE x VIALE CRISTOFORO COLOMBO,1,0.0,0.0,41.7573,12.3726,1.0
VIA AMULIO x VIA EVANDRO,1,0.0,0.0,41.8727,12.531,1.0
VIA AMSTERDAM x VIA PRAGA,1,0.0,0.0,41.8234,12.4498,1.0
VIA AMSTERDAM x VIA BUDAPEST,1,0.0,0.0,41.8224,12.4485,1.0
VIA AMLETO PALERMI x VIALE FRANCESCO PASINETTI,1,0.0,0.0,41.9623,12.5373,1.0
VIA ANAGNINA x VIA DEL FOSSO CENTRONI,1,0.0,0.0,41.8082,12.6287,1.0
VIA DI GROTTA PERFETTA x VIA MARIO MUSCO,1,0.0,0.0,41.8405,12.5017,1.0
VIA DI DONNA OLIMPIA x VIA GIOVANNI FILIPPO INGRASSIA,1,0.0,0.0,41.8766,12.4536,1.0
VIA ANAGNINA x VIA DI CASAL MORENA,1,0.0,0.0,41.8153,12.6186,1.0
VIA ANASTASIO II x VIALE DEGLI AMMIRAGLI,1,0.0,0.0,41.9056,12.4449,1.0
VIA DI DONNA OLIMPIA x VIA RAFFAELE PAOLUCCI,1,0.0,0.0,41.8766,12.4536,1.0
VIA DI DONNA OLIMPIA x VIA UGO BETTI,1,0.0,0.0,41.8766,12.4536,1.0
VIA DI DRAGONCELLO x VIA GIOVANNI ARMANDI,1,0.0,0.0,,,1.0
VIA ANASTASIO II x VIA INNOCENZO XIII,1,0.0,0.0,41.8989,12.4429,1.0
VIA DI DRAGONE x VIA PADRE CORRADO DEL LAURO,1,0.0,0.0,41.7863,12.3286,1.0
VIA DI DRAGONE x VIA SALVATORE GASBARRA,1,0.0,0.0,41.7765,12.338,1.0
VIA DI FONTANA CANDIDA x VIA RAFFADALI,1,0.0,0.0,41.8505,12.6957,1.0
VIA ANASTASIO II x VIA GIACINTO DE VECCHI PIERALICE,1,0.0,0.0,41.9003,12.4402,1.0
VIA DI FONTANA ROTTA x VIA ZAFFERIA,1,0.0,0.0,41.8603,12.7003,1.0
VIA ANAGNINA x VIA TUSCOLANA,1,0.0,0.0,41.8377,12.5906,1.0
VIA ANAGNINA x VIA NIOBE,1,0.0,0.0,41.8196,12.6121,1.0
VIA DI GROTTA DI GREGNA x VIALE FERNANDO SANTI,1,0.0,0.0,41.9088,12.5653,1.0
VIA DI GROTTA PERFETTA x VIA DI VALLE DEL GROTTONE,1,0.0,0.0,41.8377,12.5082,1.0
VIA ANAGNINA x VIA GASPERINA,1,0.0,0.0,41.8305,12.5976,1.0
VIA DEGLI ANGELI x VIA DEGLI ARVALI,1,0.0,0.0,41.8724,12.5452,1.0
